mean_coh,scene_type,scene,pipeline,has_source,mean_coh_target,n_alerts,detected_any,confirmed,horiz_error_m,depth_error_m,dv_rel_error_pct,peak_rate_err_pct,rate_field_nrmse,nrss,false_alarm,coverage_frac,composition_s,node_cpu_s,proc_nominal_s,rate_up,spatially_filtered,gap_repaired,cross_validated,correct_60m,correct_90m,correct_120m,routing_exact,routing_hamming,expected_actions,actual_actions
0.85,source,0,static,True,0.85,1,True,False,201.49044108844174,,,8.741536535961068,,,False,0.97998046875,0.0,0.005120099987834692,0.01362144,False,False,False,False,False,False,False,,,,
0.85,source,0,igdo,True,0.85,1,True,True,45.097845003822414,68.12100577291301,15.616048734820657,8.741536535961068,0.08940245054206496,0.2986957934503638,False,0.97998046875,0.0003519000019878149,0.5655973998946138,0.08927679999999999,False,False,False,True,True,True,True,True,1.0,mogi_cross_validate;temporal_persist_check,mogi_cross_validate;temporal_persist_check
0.85,source,1,static,True,0.85,1,True,False,182.26472982455527,,,8.022806932484752,,,False,0.97998046875,0.0,0.002424200065433979,0.01362144,False,False,False,False,False,False,False,,,,
0.85,source,1,igdo,True,0.85,1,True,True,78.32987548711564,10.504100489310645,2.389756372838201,8.022806932484752,0.058575912919816876,0.11115788200157503,False,0.97998046875,0.00025779998395591974,0.4980535000213422,0.08927679999999999,False,False,False,True,False,True,True,True,1.0,mogi_cross_validate;temporal_persist_check,mogi_cross_validate;temporal_persist_check
0.85,source,2,static,True,0.85,1,True,False,244.07095046980547,,,10.114183085258686,,,False,0.9794921875,0.0,0.008865099982358515,0.01362144,False,False,False,False,False,False,False,,,,
0.85,source,2,igdo,True,0.85,1,True,True,61.01103565200793,107.21377107344097,18.206494065507727,10.114183085258686,0.15688613993651093,0.4874900074981877,False,0.9794921875,0.00020680000307038426,0.613176099897828,0.08927679999999999,False,False,False,True,False,True,True,True,1.0,mogi_cross_validate;temporal_persist_check,mogi_cross_validate;temporal_persist_check
0.85,source,3,static,True,0.85,1,True,False,339.32054888976063,,,20.775551680432613,,,False,0.98681640625,0.0,0.01061730005312711,0.01362144,False,False,False,False,False,False,False,,,,
0.85,source,3,igdo,True,0.85,1,True,True,31.551413921972614,49.7577147181546,5.250837685707807,20.775551680432613,0.03263653561992341,0.10007634123262342,False,0.98681640625,0.00021030002972111106,0.48710780002875254,0.08927679999999999,False,False,False,True,True,True,True,True,1.0,mogi_cross_validate;temporal_persist_check,mogi_cross_validate;temporal_persist_check
0.85,source,4,static,True,0.85,1,True,False,130.7130623077747,,,10.719885493459703,,,False,0.980224609375,0.0,0.004917099955491722,0.01362144,False,False,False,False,False,False,False,,,,
0.85,source,4,igdo,True,0.85,1,True,True,17.187752950871747,27.761275240892758,9.147462396274124,10.719885493459703,0.057574088949388695,0.19508693744928102,False,0.980224609375,0.0003483000327832997,0.5764687000773847,0.08927679999999999,False,False,False,True,True,True,True,True,1.0,mogi_cross_validate;temporal_persist_check,mogi_cross_validate;temporal_persist_check
0.85,source,5,static,True,0.85,1,True,False,194.5844124624583,,,9.88627815772032,,,False,0.97998046875,0.0,0.002737299946602434,0.01362144,False,False,False,False,False,False,False,,,,
0.85,source,5,igdo,True,0.85,1,True,True,40.577525342971924,28.773897475498416,2.5381941755733055,9.88627815772032,0.08815730653228894,0.3044619965500993,False,0.97998046875,0.00043219997314736247,0.6055801000329666,0.08927679999999999,False,False,False,True,True,True,True,True,1.0,mogi_cross_validate;temporal_persist_check,mogi_cross_validate;temporal_persist_check
0.85,source,6,static,True,0.85,1,True,False,294.50618493989566,,,15.22518983642712,,,False,0.97998046875,0.0,0.003177700040396303,0.01362144,False,False,False,False,False,False,False,,,,
0.85,source,6,igdo,True,0.85,1,True,True,89.21949005838823,45.706933099401,7.6688558508181845,15.22518983642712,0.0793210824849513,0.14659562655729583,False,0.97998046875,0.00047560001257807016,0.5382076000678353,0.08927679999999999,False,False,False,True,False,True,True,True,1.0,mogi_cross_validate;temporal_persist_check,mogi_cross_validate;temporal_persist_check
0.85,source,7,static,True,0.85,1,True,False,116.12887419997273,,,4.580449611645994,,,False,0.98046875,0.0,0.003507699992042035,0.01362144,False,False,False,False,False,False,True,,,,
0.85,source,7,igdo,True,0.85,1,True,True,13.639251745115034,11.305874521580506,14.036677995292093,4.580449611645994,0.11828461130568273,0.5111714228286316,False,0.98046875,0.00044519995572045445,0.5739668000605889,0.08927679999999999,False,False,False,True,True,True,True,True,1.0,mogi_cross_validate;temporal_persist_check,mogi_cross_validate;temporal_persist_check
0.85,source,8,static,True,0.85,1,True,False,162.8752083571309,,,8.558655371121304,,,False,0.97998046875,0.0,0.009371900057885796,0.01362144,False,False,False,False,False,False,False,,,,
0.85,source,8,igdo,True,0.85,1,True,True,74.53274760790349,27.481046153762975,14.899577330802174,8.558655371121304,0.19201846091587518,0.32822991096849063,False,0.97998046875,0.00021949998335912824,0.4985256000654772,0.08927679999999999,False,False,False,True,False,True,True,True,1.0,mogi_cross_validate;temporal_persist_check,mogi_cross_validate;temporal_persist_check
0.85,source,9,static,True,0.85,1,True,False,186.97106803675217,,,20.645428329601607,,,False,0.97998046875,0.0,0.002709499967750162,0.01362144,False,False,False,False,False,False,False,,,,
0.85,source,9,igdo,True,0.85,1,True,True,12.42778302432951,22.335748847049217,0.3830652774165181,20.645428329601607,0.04547849853876282,0.20601275149460058,False,0.97998046875,0.00021460000425577164,0.5527768000029027,0.08927679999999999,False,False,False,True,True,True,True,True,1.0,mogi_cross_validate;temporal_persist_check,mogi_cross_validate;temporal_persist_check
0.85,source,10,static,True,0.85,1,True,False,251.50440298926492,,,16.23376918337829,,,False,0.9794921875,0.0,0.0029343999340198934,0.01362144,False,False,False,False,False,False,False,,,,
0.85,source,10,igdo,True,0.85,1,True,True,7.30392000780367,38.15868672986903,3.715566427641444,16.23376918337829,0.027373176078865503,0.10692809718880533,False,0.9794921875,0.00043979997280985117,0.5506903999485075,0.08927679999999999,False,False,False,True,True,True,True,True,1.0,mogi_cross_validate;temporal_persist_check,mogi_cross_validate;temporal_persist_check
0.85,source,11,static,True,0.85,1,True,False,221.06090815566682,,,18.023352213387973,,,False,0.991943359375,0.0,0.004024400026537478,0.01362144,False,False,False,False,False,False,False,,,,
0.85,source,11,igdo,True,0.85,1,True,True,20.65676080856924,50.02600962340682,6.7345337979045015,18.023352213387973,0.037598741377842776,0.11591942686975608,False,0.991943359375,0.0003150000120513141,0.6235922001069412,0.08927679999999999,False,False,False,True,True,True,True,True,1.0,mogi_cross_validate;temporal_persist_check,mogi_cross_validate;temporal_persist_check
0.85,source,12,static,True,0.85,1,True,False,189.24379233253765,,,14.674709011887069,,,False,0.980224609375,0.0,0.0034844999900087714,0.01362144,False,False,False,False,False,False,False,,,,
0.85,source,12,igdo,True,0.85,1,True,True,56.76769623704559,17.007727561074717,0.37198287704760696,14.674709011887069,0.10773204954572026,0.2505302280942978,False,0.980224609375,0.00022470002295449376,0.5452185000758618,0.08927679999999999,False,False,False,True,True,True,True,True,1.0,mogi_cross_validate;temporal_persist_check,mogi_cross_validate;temporal_persist_check
0.85,source,13,static,True,0.85,1,True,False,100.10955889716449,,,7.448501362337176,,,False,0.983642578125,0.0,0.0030604999628849328,0.01362144,False,False,False,False,False,False,True,,,,
0.85,source,13,igdo,True,0.85,1,True,True,13.077746703583779,1.8604288739483081,3.7335064183460616,7.448501362337176,0.05686676794106432,0.265137673430622,False,0.983642578125,0.003710600023623556,0.6201917998841964,0.08927679999999999,False,False,False,True,True,True,True,True,1.0,mogi_cross_validate;temporal_persist_check,mogi_cross_validate;temporal_persist_check
0.85,source,14,static,True,0.85,1,True,False,363.8258258619535,,,30.476667048097543,,,False,0.97998046875,0.0,0.023575899889692664,0.01362144,False,False,False,False,False,False,False,,,,
0.85,source,14,igdo,True,0.85,1,True,True,97.98883678158508,30.03316078109617,2.619473826371842,30.476667048097543,0.08683950282736465,0.1655959153630201,False,0.97998046875,0.0003591999993659556,0.5797372998786159,0.08927679999999999,False,False,False,True,False,False,True,True,1.0,mogi_cross_validate;temporal_persist_check,mogi_cross_validate;temporal_persist_check
0.85,source,15,static,True,0.85,1,True,False,148.3488956162697,,,6.3951125495795225,,,False,0.97998046875,0.0,0.006438200012780726,0.01362144,False,False,False,False,False,False,False,,,,
0.85,source,15,igdo,True,0.85,1,True,True,51.06839553367127,16.80874285417417,3.054810529179468,6.3951125495795225,0.11061808797905955,0.22439274049334237,False,0.97998046875,0.0005042999982833862,0.5928461999865249,0.08927679999999999,False,False,False,True,True,True,True,True,1.0,mogi_cross_validate;temporal_persist_check,mogi_cross_validate;temporal_persist_check
0.85,source,16,static,True,0.85,1,True,False,124.66741313753138,,,17.935804896237318,,,False,0.979248046875,0.0,0.004226199991535395,0.01362144,False,False,False,False,False,False,False,,,,
0.85,source,16,igdo,True,0.85,1,True,True,27.449753781192967,75.958344687931,13.019020227147129,17.935804896237318,0.1354876078454785,0.23298317636072347,False,0.979248046875,0.00022350001381710172,0.6802375000552274,0.08927679999999999,False,False,False,True,True,True,True,True,1.0,mogi_cross_validate;temporal_persist_check,mogi_cross_validate;temporal_persist_check
0.85,source,17,static,True,0.85,1,True,False,153.5933061993413,,,6.046280869223597,,,False,0.98095703125,0.0,0.002885799971409142,0.01362144,False,False,False,False,False,False,False,,,,
0.85,source,17,igdo,True,0.85,1,True,True,21.978451202215197,74.63463412969168,4.478758940731562,6.046280869223597,0.17216763965967774,0.33508139380069546,False,0.98095703125,0.00022579997312277555,0.5507945000426844,0.08927679999999999,False,False,False,True,True,True,True,True,1.0,mogi_cross_validate;temporal_persist_check,mogi_cross_validate;temporal_persist_check
0.85,source,18,static,True,0.85,1,True,False,332.3899012850235,,,40.35286798213531,,,False,0.97998046875,0.0,0.002820800000336021,0.01362144,False,False,False,False,False,False,False,,,,
0.85,source,18,igdo,True,0.85,1,True,True,51.65677434308396,151.7839173500679,15.590792558222299,40.35286798213531,0.09193115391995754,0.18482611694434287,False,0.97998046875,0.00024370005121454597,0.5709191000205465,0.08927679999999999,False,False,False,True,True,True,True,True,1.0,mogi_cross_validate;temporal_persist_check,mogi_cross_validate;temporal_persist_check
0.85,source,19,static,True,0.85,1,True,False,133.23270235877644,,,20.324226301449684,,,False,0.97998046875,0.0,0.005600700038485229,0.01362144,False,False,False,False,False,False,False,,,,
0.85,source,19,igdo,True,0.85,1,True,True,42.92645261572205,50.463446551801894,8.107919934005864,20.324226301449684,0.10019324403461949,0.210409681298432,False,0.97998046875,0.0004099999787285924,0.5462254000012763,0.08927679999999999,False,False,False,True,True,True,True,True,1.0,mogi_cross_validate;temporal_persist_check,mogi_cross_validate;temporal_persist_check
0.85,source,20,static,True,0.85,1,True,False,314.9341575640499,,,3.419734865095008,,,False,0.97998046875,0.0,0.0026666000485420227,0.01362144,False,False,False,False,False,False,False,,,,
0.85,source,20,igdo,True,0.85,1,True,True,18.634254098776193,166.84825577136712,21.486086089301274,3.419734865095008,0.08010435445111312,0.13629558339650558,False,0.97998046875,0.0001947000273503363,0.46634779998566955,0.08927679999999999,False,False,False,True,True,True,True,True,1.0,mogi_cross_validate;temporal_persist_check,mogi_cross_validate;temporal_persist_check
0.85,source,21,static,True,0.85,1,True,False,182.36776938291374,,,21.320766062995553,,,False,0.9794921875,0.0,0.0025242999545298517,0.01362144,False,False,False,False,False,False,False,,,,
0.85,source,21,igdo,True,0.85,1,True,True,23.46305744249588,10.296616262216503,2.285361660943259,21.320766062995553,0.023858285443821348,0.18771427161555646,False,0.9794921875,0.0001917000045068562,0.5654716999270022,0.08927679999999999,False,False,False,True,True,True,True,True,1.0,mogi_cross_validate;temporal_persist_check,mogi_cross_validate;temporal_persist_check
0.85,source,22,static,True,0.85,1,True,False,165.26204550471508,,,9.472473083371952,,,False,0.980224609375,0.0,0.004685900057666004,0.01362144,False,False,False,False,False,False,False,,,,
0.85,source,22,igdo,True,0.85,1,True,True,32.18657387219802,24.133646605206877,6.73802817749804,9.472473083371952,0.07950207501188444,0.347225396118664,False,0.980224609375,0.00024960003793239594,0.6482545000035316,0.08927679999999999,False,False,False,True,True,True,True,True,1.0,mogi_cross_validate;temporal_persist_check,mogi_cross_validate;temporal_persist_check
0.85,source,23,static,True,0.85,1,True,False,223.8732300002929,,,4.080836873893489,,,False,0.97998046875,0.0,0.004582100023981184,0.01362144,False,False,False,False,False,False,False,,,,
0.85,source,23,igdo,True,0.85,1,True,True,81.13753421244984,53.88399090224277,6.52070597660552,4.080836873893489,0.17512490108625045,0.3883443443488597,False,0.97998046875,0.00030940002761781216,0.6380819000769407,0.08927679999999999,False,False,False,True,False,True,True,True,1.0,mogi_cross_validate;temporal_persist_check,mogi_cross_validate;temporal_persist_check
0.85,source,24,static,True,0.85,1,True,False,213.12743161820086,,,19.118091970832698,,,False,0.9794921875,0.0,0.0039635999128222466,0.01362144,False,False,False,False,False,False,False,,,,
0.85,source,24,igdo,True,0.85,1,True,True,47.77586241389124,25.638924297101767,6.45223482465733,19.118091970832698,0.0826911523663713,0.2301941244294751,False,0.9794921875,0.0002682000049389899,0.5689735999912955,0.08927679999999999,False,False,False,True,True,True,True,True,1.0,mogi_cross_validate;temporal_persist_check,mogi_cross_validate;temporal_persist_check
0.85,nosource,0,static,False,0.85,0,False,False,,,,,,,False,0.97998046875,0.0,0.003954800020437688,0.01362144,False,False,False,False,False,False,False,,,,
0.85,nosource,0,igdo,False,0.85,0,False,False,,,,,,,False,0.97998046875,0.0004461000207811594,0.005178100022021681,0.08927679999999999,False,False,False,True,False,False,False,True,1.0,mogi_cross_validate;temporal_persist_check,mogi_cross_validate;temporal_persist_check
0.85,nosource,1,static,False,0.85,0,False,False,,,,,,,False,0.98046875,0.0,0.006455600028857589,0.01362144,False,False,False,False,False,False,False,,,,
0.85,nosource,1,igdo,False,0.85,0,False,False,,,,,,,False,0.98046875,0.0003104000352323055,0.008902699977625161,0.08927679999999999,False,False,False,True,False,False,False,True,1.0,mogi_cross_validate;temporal_persist_check,mogi_cross_validate;temporal_persist_check
0.85,nosource,2,static,False,0.85,0,False,False,,,,,,,False,0.97998046875,0.0,0.003301599936094135,0.01362144,False,False,False,False,False,False,False,,,,
0.85,nosource,2,igdo,False,0.85,0,False,False,,,,,,,False,0.97998046875,0.0005445000133477151,0.005261800077278167,0.08927679999999999,False,False,False,True,False,False,False,True,1.0,mogi_cross_validate;temporal_persist_check,mogi_cross_validate;temporal_persist_check
0.85,nosource,3,static,False,0.85,0,False,False,,,,,,,False,0.9990234375,0.0,0.007884000078774989,0.01362144,False,False,False,False,False,False,False,,,,
0.85,nosource,3,igdo,False,0.85,0,False,False,,,,,,,False,0.9990234375,0.0015532999532297254,0.003072500054258853,0.08927679999999999,False,False,False,True,False,False,False,True,1.0,mogi_cross_validate;temporal_persist_check,mogi_cross_validate;temporal_persist_check
0.85,nosource,4,static,False,0.85,0,False,False,,,,,,,False,0.97998046875,0.0,0.0030036000534892082,0.01362144,False,False,False,False,False,False,False,,,,
0.85,nosource,4,igdo,False,0.85,0,False,False,,,,,,,False,0.97998046875,0.0006260999944061041,0.002977499971166253,0.08927679999999999,False,False,False,True,False,False,False,True,1.0,mogi_cross_validate;temporal_persist_check,mogi_cross_validate;temporal_persist_check
0.85,nosource,5,static,False,0.85,0,False,False,,,,,,,False,0.9794921875,0.0,0.003152300138026476,0.01362144,False,False,False,False,False,False,False,,,,
0.85,nosource,5,igdo,False,0.85,0,False,False,,,,,,,False,0.9794921875,0.0002595999976620078,0.003652299987152219,0.08927679999999999,False,False,False,True,False,False,False,True,1.0,mogi_cross_validate;temporal_persist_check,mogi_cross_validate;temporal_persist_check
0.85,nosource,6,static,False,0.85,0,False,False,,,,,,,False,0.979736328125,0.0,0.0029804999358020723,0.01362144,False,False,False,False,False,False,False,,,,
0.85,nosource,6,igdo,False,0.85,0,False,False,,,,,,,False,0.979736328125,0.0004382999613881111,0.002931399969384074,0.08927679999999999,False,False,False,True,False,False,False,True,1.0,mogi_cross_validate;temporal_persist_check,mogi_cross_validate;temporal_persist_check
0.85,nosource,7,static,False,0.85,0,False,False,,,,,,,False,0.979248046875,0.0,0.0031825999612919986,0.01362144,False,False,False,False,False,False,False,,,,
0.85,nosource,7,igdo,False,0.85,0,False,False,,,,,,,False,0.979248046875,0.0002744999947026372,0.003133299993351102,0.08927679999999999,False,False,False,True,False,False,False,True,1.0,mogi_cross_validate;temporal_persist_check,mogi_cross_validate;temporal_persist_check
0.85,nosource,8,static,False,0.85,0,False,False,,,,,,,False,0.983642578125,0.0,0.008485299942549318,0.01362144,False,False,False,False,False,False,False,,,,
0.85,nosource,8,igdo,False,0.85,0,False,False,,,,,,,False,0.983642578125,0.0002413999754935503,0.0037250000168569386,0.08927679999999999,False,False,False,True,False,False,False,True,1.0,mogi_cross_validate;temporal_persist_check,mogi_cross_validate;temporal_persist_check
0.85,nosource,9,static,False,0.85,0,False,False,,,,,,,False,0.97998046875,0.0,0.004506799974478781,0.01362144,False,False,False,False,False,False,False,,,,
0.85,nosource,9,igdo,False,0.85,0,False,False,,,,,,,False,0.97998046875,0.00043710001045838,0.0025592000456526875,0.08927679999999999,False,False,False,True,False,False,False,True,1.0,mogi_cross_validate;temporal_persist_check,mogi_cross_validate;temporal_persist_check
0.85,nosource,10,static,False,0.85,0,False,False,,,,,,,False,0.979248046875,0.0,0.00297510001109913,0.01362144,False,False,False,False,False,False,False,,,,
0.85,nosource,10,igdo,False,0.85,0,False,False,,,,,,,False,0.979248046875,0.00025540002388879657,0.0035791000118479133,0.08927679999999999,False,False,False,True,False,False,False,True,1.0,mogi_cross_validate;temporal_persist_check,mogi_cross_validate;temporal_persist_check
0.85,nosource,11,static,False,0.85,0,False,False,,,,,,,False,0.97998046875,0.0,0.003819399978965521,0.01362144,False,False,False,False,False,False,False,,,,
0.85,nosource,11,igdo,False,0.85,0,False,False,,,,,,,False,0.97998046875,0.0003218000056222081,0.0029226000769995153,0.08927679999999999,False,False,False,True,False,False,False,True,1.0,mogi_cross_validate;temporal_persist_check,mogi_cross_validate;temporal_persist_check
0.85,nosource,12,static,False,0.85,0,False,False,,,,,,,False,0.97998046875,0.0,0.00288609997369349,0.01362144,False,False,False,False,False,False,False,,,,
0.85,nosource,12,igdo,False,0.85,0,False,False,,,,,,,False,0.97998046875,0.00043349998304620385,0.006014800048433244,0.08927679999999999,False,False,False,True,False,False,False,True,1.0,mogi_cross_validate;temporal_persist_check,mogi_cross_validate;temporal_persist_check
0.85,nosource,13,static,False,0.85,0,False,False,,,,,,,False,0.97998046875,0.0,0.003292700042948127,0.01362144,False,False,False,False,False,False,False,,,,
0.85,nosource,13,igdo,False,0.85,0,False,False,,,,,,,False,0.97998046875,0.00036880001425743103,0.0035163999418728054,0.08927679999999999,False,False,False,True,False,False,False,True,1.0,mogi_cross_validate;temporal_persist_check,mogi_cross_validate;temporal_persist_check
0.85,nosource,14,static,False,0.85,0,False,False,,,,,,,False,0.97998046875,0.0,0.002614100056234747,0.01362144,False,False,False,False,False,False,False,,,,
0.85,nosource,14,igdo,False,0.85,0,False,False,,,,,,,False,0.97998046875,0.000604200002271682,0.004271899932064116,0.08927679999999999,False,False,False,True,False,False,False,True,1.0,mogi_cross_validate;temporal_persist_check,mogi_cross_validate;temporal_persist_check
0.85,nosource,15,static,False,0.85,0,False,False,,,,,,,False,0.977783203125,0.0,0.002479399903677404,0.01362144,False,False,False,False,False,False,False,,,,
0.85,nosource,15,igdo,False,0.85,0,False,False,,,,,,,False,0.977783203125,0.00038139999378472567,0.0024231999996118248,0.08927679999999999,False,False,False,True,False,False,False,True,1.0,mogi_cross_validate;temporal_persist_check,mogi_cross_validate;temporal_persist_check
0.85,nosource,16,static,False,0.85,0,False,False,,,,,,,False,0.980712890625,0.0,0.009504699963144958,0.01362144,False,False,False,False,False,False,False,,,,
0.85,nosource,16,igdo,False,0.85,0,False,False,,,,,,,False,0.980712890625,0.00019120000069960952,0.00403579993871972,0.08927679999999999,False,False,False,True,False,False,False,True,1.0,mogi_cross_validate;temporal_persist_check,mogi_cross_validate;temporal_persist_check
0.85,nosource,17,static,False,0.85,0,False,False,,,,,,,False,0.98046875,0.0,0.004020700056571513,0.01362144,False,False,False,False,False,False,False,,,,
0.85,nosource,17,igdo,False,0.85,0,False,False,,,,,,,False,0.98046875,0.0002466000150889158,0.009563500061631203,0.08927679999999999,False,False,False,True,False,False,False,True,1.0,mogi_cross_validate;temporal_persist_check,mogi_cross_validate;temporal_persist_check
0.85,nosource,18,static,False,0.85,0,False,False,,,,,,,False,0.97998046875,0.0,0.0041609000181779265,0.01362144,False,False,False,False,False,False,False,,,,
0.85,nosource,18,igdo,False,0.85,0,False,False,,,,,,,False,0.97998046875,0.00024230004055425525,0.005617999995592982,0.08927679999999999,False,False,False,True,False,False,False,True,1.0,mogi_cross_validate;temporal_persist_check,mogi_cross_validate;temporal_persist_check
0.85,nosource,19,static,False,0.85,0,False,False,,,,,,,False,0.979736328125,0.0,0.004801500006578863,0.01362144,False,False,False,False,False,False,False,,,,
0.85,nosource,19,igdo,False,0.85,0,False,False,,,,,,,False,0.979736328125,0.00021580001339316368,0.0051275999285280704,0.08927679999999999,False,False,False,True,False,False,False,True,1.0,mogi_cross_validate;temporal_persist_check,mogi_cross_validate;temporal_persist_check
0.85,nosource,20,static,False,0.85,0,False,False,,,,,,,False,0.98095703125,0.0,0.0044024999951943755,0.01362144,False,False,False,False,False,False,False,,,,
0.85,nosource,20,igdo,False,0.85,0,False,False,,,,,,,False,0.98095703125,0.0002277999883517623,0.00876519997837022,0.08927679999999999,False,False,False,True,False,False,False,True,1.0,mogi_cross_validate;temporal_persist_check,mogi_cross_validate;temporal_persist_check
0.85,nosource,21,static,False,0.85,0,False,False,,,,,,,False,0.97802734375,0.0,0.005111699982080609,0.01362144,False,False,False,False,False,False,False,,,,
0.85,nosource,21,igdo,False,0.85,0,False,False,,,,,,,False,0.97802734375,0.0006368999602273107,0.007536599994637072,0.08927679999999999,False,False,False,True,False,False,False,True,1.0,mogi_cross_validate;temporal_persist_check,mogi_cross_validate;temporal_persist_check
0.85,nosource,22,static,False,0.85,0,False,False,,,,,,,False,0.97998046875,0.0,0.0022987999254837632,0.01362144,False,False,False,False,False,False,False,,,,
0.85,nosource,22,igdo,False,0.85,0,False,False,,,,,,,False,0.97998046875,0.0003429999924264848,0.0030506000039167702,0.08927679999999999,False,False,False,True,False,False,False,True,1.0,mogi_cross_validate;temporal_persist_check,mogi_cross_validate;temporal_persist_check
0.85,nosource,23,static,False,0.85,0,False,False,,,,,,,False,0.984619140625,0.0,0.0036943999584764242,0.01362144,False,False,False,False,False,False,False,,,,
0.85,nosource,23,igdo,False,0.85,0,False,False,,,,,,,False,0.984619140625,0.0002664000494405627,0.0024471000069752336,0.08927679999999999,False,False,False,True,False,False,False,True,1.0,mogi_cross_validate;temporal_persist_check,mogi_cross_validate;temporal_persist_check
0.85,nosource,24,static,False,0.85,0,False,False,,,,,,,False,0.97998046875,0.0,0.002272100013215095,0.01362144,False,False,False,False,False,False,False,,,,
0.85,nosource,24,igdo,False,0.85,0,False,False,,,,,,,False,0.97998046875,0.00024099997244775295,0.0028152999002486467,0.08927679999999999,False,False,False,True,False,False,False,True,1.0,mogi_cross_validate;temporal_persist_check,mogi_cross_validate;temporal_persist_check
0.65,source,0,static,True,0.65,1,True,False,146.81120231446954,,,50.00271014271299,,,False,0.859130859375,0.0,0.008866999938618392,0.01362144,False,False,False,False,False,False,False,,,,
0.65,source,0,igdo,True,0.65,1,True,True,104.80372641973474,159.5530666499535,16.815597465316976,25.12583871081259,0.18651085223946554,0.24698207443616452,False,0.8544921875,0.0009427000186406076,0.4995367000810802,0.10224288,False,True,True,True,False,False,True,True,1.0,gap_repair_insar;mogi_cross_validate;spatial_filter;temporal_persist_check,gap_repair_insar;mogi_cross_validate;spatial_filter;temporal_persist_check
0.65,source,1,static,True,0.65,2,True,False,196.00456312374803,,,38.696628397443924,,,False,0.914306640625,0.0,0.002763400028925389,0.01362144,False,False,False,False,False,False,False,,,,
0.65,source,1,igdo,True,0.65,1,True,True,272.6268077859267,40.50308087823089,9.236892409160237,10.876018367971385,0.2470229602624312,0.32757157786143337,False,0.914306640625,0.00027520000003278255,0.5207722999621183,0.09858752,False,True,False,True,False,False,False,True,1.0,mogi_cross_validate;spatial_filter;temporal_persist_check,mogi_cross_validate;spatial_filter;temporal_persist_check
0.65,source,2,static,True,0.65,2,True,False,161.48336547403463,,,60.93810437321109,,,False,0.87451171875,0.0,0.0033779999357648194,0.01362144,False,False,False,False,False,False,False,,,,
0.65,source,2,igdo,True,0.65,2,True,True,194.990254916266,218.96289450755444,24.085472795847537,40.58877998229492,0.21154261227141333,0.205275510924218,False,0.857421875,0.00023850001161918044,1.0166567999403924,0.10224288,False,True,True,True,False,False,False,True,1.0,gap_repair_insar;mogi_cross_validate;spatial_filter;temporal_persist_check,gap_repair_insar;mogi_cross_validate;spatial_filter;temporal_persist_check
0.65,source,3,static,True,0.65,1,True,False,148.19485934609386,,,96.7044789429449,,,False,0.871826171875,0.0,0.003588099905755371,0.01362144,False,False,False,False,False,False,False,,,,
0.65,source,3,igdo,True,0.65,0,False,False,,,,,,,False,0.862548828125,0.00021279999054968357,0.5361791999894194,0.10224288,False,True,True,True,False,False,False,True,1.0,gap_repair_insar;mogi_cross_validate;spatial_filter;temporal_persist_check,gap_repair_insar;mogi_cross_validate;spatial_filter;temporal_persist_check
0.65,source,4,static,True,0.65,1,True,False,308.444057243172,,,59.207220484585356,,,False,0.896484375,0.0,0.0030963000026531518,0.01362144,False,False,False,False,False,False,False,,,,
0.65,source,4,igdo,True,0.65,1,True,True,344.6340815454381,161.40406608387957,29.31672167789093,17.88934174400091,0.29842994490445635,0.34707042973351326,False,0.889404296875,0.0002686000079847872,0.47049480001442134,0.10224288,False,True,True,True,False,False,False,True,1.0,gap_repair_insar;mogi_cross_validate;spatial_filter;temporal_persist_check,gap_repair_insar;mogi_cross_validate;spatial_filter;temporal_persist_check
0.65,source,5,static,True,0.65,4,True,False,33.606644659055696,,,35.792973728723055,,,False,0.89697265625,0.0,0.007243200030643493,0.01362144,False,False,False,False,True,True,True,,,,
0.65,source,5,igdo,True,0.65,0,False,False,,,,,,,False,0.87548828125,0.00021799997193738818,0.011487199983093888,0.10224288,False,True,True,True,False,False,False,True,1.0,gap_repair_insar;mogi_cross_validate;spatial_filter;temporal_persist_check,gap_repair_insar;mogi_cross_validate;spatial_filter;temporal_persist_check
0.65,source,6,static,True,0.65,1,True,False,264.32810007642814,,,49.49793541340893,,,False,0.858642578125,0.0,0.0029449999565258622,0.01362144,False,False,False,False,False,False,False,,,,
0.65,source,6,igdo,True,0.65,1,True,True,31.65834366291063,15.897607599458183,0.5385434480603609,25.172218288641425,0.030521822012099426,0.16892532832244667,False,0.855712890625,0.00018779997481033206,0.5163555999170057,0.10224288,False,True,True,True,True,True,True,True,1.0,gap_repair_insar;mogi_cross_validate;spatial_filter;temporal_persist_check,gap_repair_insar;mogi_cross_validate;spatial_filter;temporal_persist_check
0.65,source,7,static,True,0.65,1,True,False,165.071266983088,,,25.00474186102436,,,False,0.884521484375,0.0,0.0024768999428488314,0.01362144,False,False,False,False,False,False,False,,,,
0.65,source,7,igdo,True,0.65,1,True,True,135.27356040459438,17.926291740289116,1.1502959562527468,12.472981007072647,0.14720747313520166,0.25362112033486545,False,0.869384765625,0.0030962000018917024,0.5417056999285705,0.10224288,False,True,True,True,False,False,False,True,1.0,gap_repair_insar;mogi_cross_validate;spatial_filter;temporal_persist_check,gap_repair_insar;mogi_cross_validate;spatial_filter;temporal_persist_check
0.65,source,8,static,True,0.65,4,True,False,191.6428940821543,,,4.761355624960773,,,False,0.87060546875,0.0,0.0028933999710716307,0.01362144,False,False,False,False,False,False,False,,,,
0.65,source,8,igdo,True,0.65,1,True,True,135.37206271648424,142.28651567484417,14.192001902571874,12.620379115709019,0.21803263833198133,0.30143777232863733,False,0.851806640625,0.00026220001745969057,0.5164584999438375,0.10224288,False,True,True,True,False,False,False,True,1.0,gap_repair_insar;mogi_cross_validate;spatial_filter;temporal_persist_check,gap_repair_insar;mogi_cross_validate;spatial_filter;temporal_persist_check
0.65,source,9,static,True,0.65,1,True,False,270.7045489363179,,,76.79413466849539,,,False,0.85986328125,0.0,0.002596599981188774,0.01362144,False,False,False,False,False,False,False,,,,
0.65,source,9,igdo,True,0.65,0,False,False,,,,,,,False,0.850341796875,0.00018800003454089165,0.5381954000331461,0.10224288,False,True,True,True,False,False,False,True,1.0,gap_repair_insar;mogi_cross_validate;spatial_filter;temporal_persist_check,gap_repair_insar;mogi_cross_validate;spatial_filter;temporal_persist_check
0.65,source,10,static,True,0.65,1,True,False,261.34494762318064,,,2.95042614782886,,,False,0.9482421875,0.0,0.006782200071029365,0.01362144,False,False,False,False,False,False,False,,,,
0.65,source,10,igdo,True,0.65,1,True,True,109.34385532021106,128.44179753936533,15.544152842633615,27.305691749172787,0.25016043151629935,0.32454079953596787,False,0.9482421875,0.00019200000679120421,0.7752090000431053,0.09858752,False,True,False,True,False,False,True,True,1.0,mogi_cross_validate;spatial_filter;temporal_persist_check,mogi_cross_validate;spatial_filter;temporal_persist_check
0.65,source,11,static,True,0.65,2,True,False,256.6669464858987,,,24.33265913610318,,,False,0.8876953125,0.0,0.004836499982047826,0.01362144,False,False,False,False,False,False,False,,,,
0.65,source,11,igdo,True,0.65,1,True,True,114.81042111320721,53.78247788289616,22.17596631510656,8.69510754359028,0.22526419874245113,0.3579991223140756,False,0.86767578125,0.00017989997286349535,0.4721786000300199,0.10224288,False,True,True,True,False,False,True,True,1.0,gap_repair_insar;mogi_cross_validate;spatial_filter;temporal_persist_check,gap_repair_insar;mogi_cross_validate;spatial_filter;temporal_persist_check
0.65,source,12,static,True,0.65,2,True,False,74.30604488001103,,,61.957486408481955,,,False,0.934814453125,0.0,0.005694999999832362,0.01362144,False,False,False,False,False,True,True,,,,
0.65,source,12,igdo,True,0.65,1,True,True,104.8135771053599,239.37280699411235,28.618768561659014,44.34899648836147,0.3334251956366269,0.27866453221672666,False,0.934814453125,0.00023930001771077514,0.5766312000341713,0.09858752,False,True,False,True,False,False,True,True,1.0,mogi_cross_validate;spatial_filter;temporal_persist_check,mogi_cross_validate;spatial_filter;temporal_persist_check
0.65,source,13,static,True,0.65,1,True,False,466.74924907414885,,,32.504242708173614,,,False,0.900146484375,0.0,0.0048121000290848315,0.01362144,False,False,False,False,False,False,False,,,,
0.65,source,13,igdo,True,0.65,1,True,True,148.47557303735783,47.78863356064221,3.008545941998322,6.892971159289213,0.10424413807437378,0.2568547342121034,False,0.900146484375,0.00019339995924383402,0.4281166999717243,0.09858752,False,True,False,True,False,False,False,True,1.0,mogi_cross_validate;spatial_filter;temporal_persist_check,mogi_cross_validate;spatial_filter;temporal_persist_check
0.65,source,14,static,True,0.65,2,True,False,295.978061771174,,,50.346890799665935,,,False,0.88916015625,0.0,0.008088099944870919,0.01362144,False,False,False,False,False,False,False,,,,
0.65,source,14,igdo,True,0.65,1,True,True,170.47288882123115,14.32172347357141,10.892905684258526,19.65858526352754,0.21552815613592485,0.38902810709189206,False,0.8779296875,0.0002041999832727015,0.5011170999496244,0.10224288,False,True,True,True,False,False,False,True,1.0,gap_repair_insar;mogi_cross_validate;spatial_filter;temporal_persist_check,gap_repair_insar;mogi_cross_validate;spatial_filter;temporal_persist_check
0.65,source,15,static,True,0.65,1,True,False,332.6575716565153,,,23.557093220796986,,,False,0.914794921875,0.0,0.004684800049290061,0.01362144,False,False,False,False,False,False,False,,,,
0.65,source,15,igdo,True,0.65,1,True,True,198.76570841533243,45.88888274516853,4.879459853230285,5.338167756770035,0.18018779544405103,0.2728645851115747,False,0.914794921875,0.00023780000628903508,0.5615569999208674,0.09858752,False,True,False,True,False,False,False,True,1.0,mogi_cross_validate;spatial_filter;temporal_persist_check,mogi_cross_validate;spatial_filter;temporal_persist_check
0.65,source,16,static,True,0.65,3,True,False,246.47668529339572,,,116.64431349106401,,,False,0.882080078125,0.0,0.004205600009299815,0.01362144,False,False,False,False,False,False,False,,,,
0.65,source,16,igdo,True,0.65,1,True,True,68.44872484442399,32.952892515968415,5.03314798267174,62.08282450626776,0.06553400845234197,0.3783204132940198,False,0.876220703125,0.0001813999842852354,0.4906942000379786,0.10224288,False,True,True,True,False,True,True,True,1.0,gap_repair_insar;mogi_cross_validate;spatial_filter;temporal_persist_check,gap_repair_insar;mogi_cross_validate;spatial_filter;temporal_persist_check
0.65,source,17,static,True,0.65,1,True,False,187.58384495378604,,,46.93192820950621,,,False,0.850830078125,0.0,0.002658399986103177,0.01362144,False,False,False,False,False,False,False,,,,
0.65,source,17,igdo,True,0.65,1,True,True,56.42185613553482,113.9378264137838,13.808159229275613,22.462552897181283,0.14405626535873803,0.21678832484576147,False,0.840087890625,0.0001721000298857689,0.48753019992727786,0.10224288,False,True,True,True,True,True,True,True,1.0,gap_repair_insar;mogi_cross_validate;spatial_filter;temporal_persist_check,gap_repair_insar;mogi_cross_validate;spatial_filter;temporal_persist_check
0.65,source,18,static,True,0.65,4,True,False,439.70953909991414,,,26.13537137521404,,,False,0.866943359375,0.0,0.007538300007581711,0.01362144,False,False,False,False,False,False,False,,,,
0.65,source,18,igdo,True,0.65,1,True,True,198.90577852376188,304.11795083762297,82.25810563514793,2.74188235107022,0.26069188582112124,0.4706147128889082,False,0.857666015625,0.00020239996956661344,0.5647945001255721,0.10224288,False,True,True,True,False,False,False,True,1.0,gap_repair_insar;mogi_cross_validate;spatial_filter;temporal_persist_check,gap_repair_insar;mogi_cross_validate;spatial_filter;temporal_persist_check
0.65,source,19,static,True,0.65,3,True,False,290.96282496259863,,,16.292576834612678,,,False,0.85595703125,0.0,0.008166100014932454,0.01362144,False,False,False,False,False,False,False,,,,
0.65,source,19,igdo,True,0.65,0,False,False,,,,,,,False,0.84716796875,0.00017069996101781726,0.5252603000262752,0.10224288,False,True,True,True,False,False,False,True,1.0,gap_repair_insar;mogi_cross_validate;spatial_filter;temporal_persist_check,gap_repair_insar;mogi_cross_validate;spatial_filter;temporal_persist_check
0.65,source,20,static,True,0.65,1,True,False,169.7230825273219,,,57.818543782493016,,,False,0.8544921875,0.0,0.0042165000922977924,0.01362144,False,False,False,False,False,False,False,,,,
0.65,source,20,igdo,True,0.65,1,True,True,168.96666542778968,112.12716703492742,11.814721507887315,34.12750049408741,0.3234316309322484,0.31517503325800006,False,0.85107421875,0.0001928000128827989,0.7632746999152005,0.10224288,False,True,True,True,False,False,False,True,1.0,gap_repair_insar;mogi_cross_validate;spatial_filter;temporal_persist_check,gap_repair_insar;mogi_cross_validate;spatial_filter;temporal_persist_check
0.65,source,21,static,True,0.65,4,True,False,267.1104879460454,,,42.960458251291904,,,False,0.85107421875,0.0,0.0028223000117577612,0.01362144,False,False,False,False,False,False,False,,,,
0.65,source,21,igdo,True,0.65,1,True,True,129.4250388247915,43.936414301373475,1.1368156768770683,10.771599070756748,0.1243030294002677,0.3425581663214191,False,0.849853515625,0.0003152000135742128,0.4893779000849463,0.10224288,False,True,True,True,False,False,False,True,1.0,gap_repair_insar;mogi_cross_validate;spatial_filter;temporal_persist_check,gap_repair_insar;mogi_cross_validate;spatial_filter;temporal_persist_check
0.65,source,22,static,True,0.65,1,True,False,186.08137305665298,,,61.43931185832117,,,False,0.864013671875,0.0,0.004734399961307645,0.01362144,False,False,False,False,False,False,False,,,,
0.65,source,22,igdo,True,0.65,1,True,True,192.68020124309712,78.90988581265856,17.798361158207136,17.497188237195825,0.38777984641566016,0.4029120456415854,False,0.85693359375,0.00021989998640492558,0.4920764999696985,0.10224288,False,True,True,True,False,False,False,True,1.0,gap_repair_insar;mogi_cross_validate;spatial_filter;temporal_persist_check,gap_repair_insar;mogi_cross_validate;spatial_filter;temporal_persist_check
0.65,source,23,static,True,0.65,1,True,False,214.52160454529195,,,70.39239339571341,,,False,0.85205078125,0.0,0.00471729994751513,0.01362144,False,False,False,False,False,False,False,,,,
0.65,source,23,igdo,True,0.65,1,True,True,26.19603772620403,231.21374356595334,21.307141071583874,45.69727105826983,0.19728049163463832,0.16288573891527797,False,0.844482421875,0.0002471000188961625,0.47375070000998676,0.10224288,False,True,True,True,True,True,True,True,1.0,gap_repair_insar;mogi_cross_validate;spatial_filter;temporal_persist_check,gap_repair_insar;mogi_cross_validate;spatial_filter;temporal_persist_check
0.65,source,24,static,True,0.65,2,True,False,299.2736324312393,,,6.923563428398991,,,False,0.840576171875,0.0,0.0028958999319002032,0.01362144,False,False,False,False,False,False,False,,,,
0.65,source,24,igdo,True,0.65,1,True,True,62.96619597926996,247.15973737559864,30.787839602616557,14.478482985032148,0.18485781819255878,0.19777318936893148,False,0.8369140625,0.00033629999961704016,0.45414210006128997,0.10224288,False,True,True,True,False,True,True,True,1.0,gap_repair_insar;mogi_cross_validate;spatial_filter;temporal_persist_check,gap_repair_insar;mogi_cross_validate;spatial_filter;temporal_persist_check
0.65,nosource,0,static,False,0.65,9,False,False,,,,,,,True,0.852294921875,0.0,0.003995100036263466,0.01362144,False,False,False,False,False,False,False,,,,
0.65,nosource,0,igdo,False,0.65,0,False,False,,,,,,,False,0.8447265625,0.0013902999926358461,0.4523712998488918,0.10224288,False,True,True,True,False,False,False,True,1.0,gap_repair_insar;mogi_cross_validate;spatial_filter;temporal_persist_check,gap_repair_insar;mogi_cross_validate;spatial_filter;temporal_persist_check
0.65,nosource,1,static,False,0.65,3,False,False,,,,,,,True,0.850341796875,0.0,0.0027396000805310905,0.01362144,False,False,False,False,False,False,False,,,,
0.65,nosource,1,igdo,False,0.65,0,False,False,,,,,,,False,0.847412109375,0.0004515000036917627,0.0055903998436406255,0.10224288,False,True,True,True,False,False,False,True,1.0,gap_repair_insar;mogi_cross_validate;spatial_filter;temporal_persist_check,gap_repair_insar;mogi_cross_validate;spatial_filter;temporal_persist_check
0.65,nosource,2,static,False,0.65,4,False,False,,,,,,,True,0.86083984375,0.0,0.002313299977686256,0.01362144,False,False,False,False,False,False,False,,,,
0.65,nosource,2,igdo,False,0.65,0,False,False,,,,,,,False,0.854248046875,0.0003225000109523535,0.00880199990933761,0.10224288,False,True,True,True,False,False,False,True,1.0,gap_repair_insar;mogi_cross_validate;spatial_filter;temporal_persist_check,gap_repair_insar;mogi_cross_validate;spatial_filter;temporal_persist_check
0.65,nosource,3,static,False,0.65,2,False,False,,,,,,,True,0.876708984375,0.0,0.0075172000215388834,0.01362144,False,False,False,False,False,False,False,,,,
0.65,nosource,3,igdo,False,0.65,0,False,False,,,,,,,False,0.862548828125,0.00017290003597736359,0.009716200002003461,0.10224288,False,True,True,True,False,False,False,True,1.0,gap_repair_insar;mogi_cross_validate;spatial_filter;temporal_persist_check,gap_repair_insar;mogi_cross_validate;spatial_filter;temporal_persist_check
0.65,nosource,4,static,False,0.65,6,False,False,,,,,,,True,0.866455078125,0.0,0.005747799936216325,0.01362144,False,False,False,False,False,False,False,,,,
0.65,nosource,4,igdo,False,0.65,0,False,False,,,,,,,False,0.858642578125,0.0002280999906361103,0.004754100053105503,0.10224288,False,True,True,True,False,False,False,True,1.0,gap_repair_insar;mogi_cross_validate;spatial_filter;temporal_persist_check,gap_repair_insar;mogi_cross_validate;spatial_filter;temporal_persist_check
0.65,nosource,5,static,False,0.65,6,False,False,,,,,,,True,0.85595703125,0.0,0.003051999898161739,0.01362144,False,False,False,False,False,False,False,,,,
0.65,nosource,5,igdo,False,0.65,0,False,False,,,,,,,False,0.8525390625,0.00020100001711398363,0.0033601000322960317,0.10224288,False,True,True,True,False,False,False,True,1.0,gap_repair_insar;mogi_cross_validate;spatial_filter;temporal_persist_check,gap_repair_insar;mogi_cross_validate;spatial_filter;temporal_persist_check
0.65,nosource,6,static,False,0.65,1,False,False,,,,,,,True,0.8583984375,0.0,0.0026490999734960496,0.01362144,False,False,False,False,False,False,False,,,,
0.65,nosource,6,igdo,False,0.65,0,False,False,,,,,,,False,0.84619140625,0.0002025999710895121,0.00903770001605153,0.10224288,False,True,True,True,False,False,False,True,1.0,gap_repair_insar;mogi_cross_validate;spatial_filter;temporal_persist_check,gap_repair_insar;mogi_cross_validate;spatial_filter;temporal_persist_check
0.65,nosource,7,static,False,0.65,3,False,False,,,,,,,True,0.884033203125,0.0,0.0026959999813698232,0.01362144,False,False,False,False,False,False,False,,,,
0.65,nosource,7,igdo,False,0.65,0,False,False,,,,,,,False,0.87060546875,0.00016489997506141663,0.009863600134849548,0.10224288,False,True,True,True,False,False,False,True,1.0,gap_repair_insar;mogi_cross_validate;spatial_filter;temporal_persist_check,gap_repair_insar;mogi_cross_validate;spatial_filter;temporal_persist_check
0.65,nosource,8,static,False,0.65,2,False,False,,,,,,,True,0.8642578125,0.0,0.008878100023139268,0.01362144,False,False,False,False,False,False,False,,,,
0.65,nosource,8,igdo,False,0.65,0,False,False,,,,,,,False,0.858642578125,0.00019189994782209396,0.0057357000187039375,0.10224288,False,True,True,True,False,False,False,True,1.0,gap_repair_insar;mogi_cross_validate;spatial_filter;temporal_persist_check,gap_repair_insar;mogi_cross_validate;spatial_filter;temporal_persist_check
0.65,nosource,9,static,False,0.65,3,False,False,,,,,,,True,0.86181640625,0.0,0.0055219000787474215,0.01362144,False,False,False,False,False,False,False,,,,
0.65,nosource,9,igdo,False,0.65,0,False,False,,,,,,,False,0.84912109375,0.00026590004563331604,0.0035952000180259347,0.10224288,False,True,True,True,False,False,False,True,1.0,gap_repair_insar;mogi_cross_validate;spatial_filter;temporal_persist_check,gap_repair_insar;mogi_cross_validate;spatial_filter;temporal_persist_check
0.65,nosource,10,static,False,0.65,1,False,False,,,,,,,True,0.8642578125,0.0,0.00594120001187548,0.01362144,False,False,False,False,False,False,False,,,,
0.65,nosource,10,igdo,False,0.65,0,False,False,,,,,,,False,0.85888671875,0.00019340001745149493,0.005030600063037127,0.10224288,False,True,True,True,False,False,False,True,1.0,gap_repair_insar;mogi_cross_validate;spatial_filter;temporal_persist_check,gap_repair_insar;mogi_cross_validate;spatial_filter;temporal_persist_check
0.65,nosource,11,static,False,0.65,3,False,False,,,,,,,True,0.854736328125,0.0,0.0026126999873667955,0.01362144,False,False,False,False,False,False,False,,,,
0.65,nosource,11,igdo,False,0.65,0,False,False,,,,,,,False,0.84765625,0.00016519997734576464,0.015017400030046701,0.10224288,False,True,True,True,False,False,False,True,1.0,gap_repair_insar;mogi_cross_validate;spatial_filter;temporal_persist_check,gap_repair_insar;mogi_cross_validate;spatial_filter;temporal_persist_check
0.65,nosource,12,static,False,0.65,4,False,False,,,,,,,True,0.8779296875,0.0,0.010829199920408428,0.01362144,False,False,False,False,False,False,False,,,,
0.65,nosource,12,igdo,False,0.65,0,False,False,,,,,,,False,0.865966796875,0.00019290001364424825,0.007675199944060296,0.10224288,False,True,True,True,False,False,False,True,1.0,gap_repair_insar;mogi_cross_validate;spatial_filter;temporal_persist_check,gap_repair_insar;mogi_cross_validate;spatial_filter;temporal_persist_check
0.65,nosource,13,static,False,0.65,5,False,False,,,,,,,True,0.88134765625,0.0,0.004754900000989437,0.01362144,False,False,False,False,False,False,False,,,,
0.65,nosource,13,igdo,False,0.65,0,False,False,,,,,,,False,0.862548828125,0.0001651000347919762,0.010762800055090338,0.10224288,False,True,True,True,False,False,False,True,1.0,gap_repair_insar;mogi_cross_validate;spatial_filter;temporal_persist_check,gap_repair_insar;mogi_cross_validate;spatial_filter;temporal_persist_check
0.65,nosource,14,static,False,0.65,6,False,False,,,,,,,True,0.917236328125,0.0,0.0028578999917954206,0.01362144,False,False,False,False,False,False,False,,,,
0.65,nosource,14,igdo,False,0.65,0,False,False,,,,,,,False,0.917236328125,0.00403589999768883,0.006506199948489666,0.09858752,False,True,False,True,False,False,False,True,1.0,mogi_cross_validate;spatial_filter;temporal_persist_check,mogi_cross_validate;spatial_filter;temporal_persist_check
0.65,nosource,15,static,False,0.65,1,False,False,,,,,,,True,0.8515625,0.0,0.0023541999398730695,0.01362144,False,False,False,False,False,False,False,,,,
0.65,nosource,15,igdo,False,0.65,0,False,False,,,,,,,False,0.844482421875,0.0037452999968081713,0.004694800009019673,0.10224288,False,True,True,True,False,False,False,True,1.0,gap_repair_insar;mogi_cross_validate;spatial_filter;temporal_persist_check,gap_repair_insar;mogi_cross_validate;spatial_filter;temporal_persist_check
0.65,nosource,16,static,False,0.65,4,False,False,,,,,,,True,0.886474609375,0.0,0.0046820000279694796,0.01362144,False,False,False,False,False,False,False,,,,
0.65,nosource,16,igdo,False,0.65,0,False,False,,,,,,,False,0.867431640625,0.0007320999866351485,0.006632600037846714,0.10224288,False,True,True,True,False,False,False,True,1.0,gap_repair_insar;mogi_cross_validate;spatial_filter;temporal_persist_check,gap_repair_insar;mogi_cross_validate;spatial_filter;temporal_persist_check
0.65,nosource,17,static,False,0.65,2,False,False,,,,,,,True,0.873291015625,0.0,0.005308100022375584,0.01362144,False,False,False,False,False,False,False,,,,
0.65,nosource,17,igdo,False,0.65,0,False,False,,,,,,,False,0.856689453125,0.00023930001771077514,0.0037980000488460064,0.10224288,False,True,True,True,False,False,False,True,1.0,gap_repair_insar;mogi_cross_validate;spatial_filter;temporal_persist_check,gap_repair_insar;mogi_cross_validate;spatial_filter;temporal_persist_check
0.65,nosource,18,static,False,0.65,1,False,False,,,,,,,True,0.912841796875,0.0,0.003267899970524013,0.01362144,False,False,False,False,False,False,False,,,,
0.65,nosource,18,igdo,False,0.65,0,False,False,,,,,,,False,0.912841796875,0.000508400029502809,0.004360099963378161,0.09858752,False,True,False,True,False,False,False,True,1.0,mogi_cross_validate;spatial_filter;temporal_persist_check,mogi_cross_validate;spatial_filter;temporal_persist_check
0.65,nosource,19,static,False,0.65,4,False,False,,,,,,,True,0.859619140625,0.0,0.003295700007583946,0.01362144,False,False,False,False,False,False,False,,,,
0.65,nosource,19,igdo,False,0.65,0,False,False,,,,,,,False,0.85205078125,0.0004910000134259462,0.010160100006032735,0.10224288,False,True,True,True,False,False,False,True,1.0,gap_repair_insar;mogi_cross_validate;spatial_filter;temporal_persist_check,gap_repair_insar;mogi_cross_validate;spatial_filter;temporal_persist_check
0.65,nosource,20,static,False,0.65,4,False,False,,,,,,,True,0.868896484375,0.0,0.00500629999442026,0.01362144,False,False,False,False,False,False,False,,,,
0.65,nosource,20,igdo,False,0.65,0,False,False,,,,,,,False,0.848876953125,0.00021490000654011965,0.005965300020761788,0.10224288,False,True,True,True,False,False,False,True,1.0,gap_repair_insar;mogi_cross_validate;spatial_filter;temporal_persist_check,gap_repair_insar;mogi_cross_validate;spatial_filter;temporal_persist_check
0.65,nosource,21,static,False,0.65,3,False,False,,,,,,,True,0.9814453125,0.0,0.00310860009631142,0.01362144,False,False,False,False,False,False,False,,,,
0.65,nosource,21,igdo,False,0.65,0,False,False,,,,,,,False,0.9814453125,0.00023440003860741854,0.004924400069285184,0.09858752,False,True,False,True,False,False,False,True,1.0,mogi_cross_validate;spatial_filter;temporal_persist_check,mogi_cross_validate;spatial_filter;temporal_persist_check
0.65,nosource,22,static,False,0.65,4,False,False,,,,,,,True,0.886962890625,0.0,0.008569800003897399,0.01362144,False,False,False,False,False,False,False,,,,
0.65,nosource,22,igdo,False,0.65,0,False,False,,,,,,,False,0.872314453125,0.00019749999046325684,0.007077899994328618,0.10224288,False,True,True,True,False,False,False,True,1.0,gap_repair_insar;mogi_cross_validate;spatial_filter;temporal_persist_check,gap_repair_insar;mogi_cross_validate;spatial_filter;temporal_persist_check
0.65,nosource,23,static,False,0.65,4,False,False,,,,,,,True,0.85400390625,0.0,0.0044303000322543085,0.01362144,False,False,False,False,False,False,False,,,,
0.65,nosource,23,igdo,False,0.65,0,False,False,,,,,,,False,0.853271484375,0.0001976999919861555,0.016869100218173116,0.10224288,False,True,True,True,False,False,False,True,1.0,gap_repair_insar;mogi_cross_validate;spatial_filter;temporal_persist_check,gap_repair_insar;mogi_cross_validate;spatial_filter;temporal_persist_check
0.65,nosource,24,static,False,0.65,4,False,False,,,,,,,True,0.853271484375,0.0,0.0032026999979279935,0.01362144,False,False,False,False,False,False,False,,,,
0.65,nosource,24,igdo,False,0.65,0,False,False,,,,,,,False,0.852294921875,0.00029500003438442945,0.004862600064370781,0.10224288,False,True,True,True,False,False,False,True,1.0,gap_repair_insar;mogi_cross_validate;spatial_filter;temporal_persist_check,gap_repair_insar;mogi_cross_validate;spatial_filter;temporal_persist_check
0.45,source,0,static,True,0.45,5,True,False,136.5043779364182,,,123.74422706982241,,,False,0.658203125,0.0,0.0025544000091031194,0.01362144,False,False,False,False,False,False,False,,,,
0.45,source,0,igdo,True,0.45,0,False,False,,,,,,,False,0.63525390625,0.00024369999300688505,0.00929740013089031,0.10224288,False,True,True,True,False,False,False,True,1.0,gap_repair_insar;mogi_cross_validate;spatial_filter;temporal_persist_check,gap_repair_insar;mogi_cross_validate;spatial_filter;temporal_persist_check
0.45,source,1,static,True,0.45,5,True,False,303.4447010104055,,,106.29035115691896,,,False,0.677978515625,0.0,0.006304199923761189,0.01362144,False,False,False,False,False,False,False,,,,
0.45,source,1,igdo,True,0.45,1,True,True,281.82048861055773,88.10485648158476,8.412016021236635,49.80758871785909,0.2386004410513326,0.5078840277999098,False,0.62841796875,0.00020190002396702766,0.34468940005172044,0.10224288,False,True,True,True,False,False,False,True,1.0,gap_repair_insar;mogi_cross_validate;spatial_filter;temporal_persist_check,gap_repair_insar;mogi_cross_validate;spatial_filter;temporal_persist_check
0.45,source,2,static,True,0.45,2,True,False,335.8833490014584,,,77.81020883357121,,,False,0.704833984375,0.0,0.002576500060968101,0.01362144,False,False,False,False,False,False,False,,,,
0.45,source,2,igdo,True,0.45,1,True,True,180.61818870440524,294.8304433559083,29.907874397533043,51.3276540281117,0.2091478272175339,0.2208786260501469,False,0.67041015625,0.00024159997701644897,0.40929130010772496,0.10224288,False,True,True,True,False,False,False,True,1.0,gap_repair_insar;mogi_cross_validate;spatial_filter;temporal_persist_check,gap_repair_insar;mogi_cross_validate;spatial_filter;temporal_persist_check
0.45,source,3,static,True,0.45,3,True,False,305.1832656374808,,,214.96481866515867,,,False,0.71533203125,0.0,0.004949199967086315,0.01362144,False,False,False,False,False,False,False,,,,
0.45,source,3,igdo,True,0.45,0,False,False,,,,,,,False,0.6806640625,0.00019190000602975488,0.006416499963961542,0.10224288,False,True,True,True,False,False,False,True,1.0,gap_repair_insar;mogi_cross_validate;spatial_filter;temporal_persist_check,gap_repair_insar;mogi_cross_validate;spatial_filter;temporal_persist_check
0.45,source,4,static,True,0.45,3,True,False,280.5805258011733,,,107.38903688212471,,,False,0.73779296875,0.0,0.0026232999516651034,0.01362144,False,False,False,False,False,False,False,,,,
0.45,source,4,igdo,True,0.45,0,False,False,,,,,,,False,0.6904296875,0.00016870000399649143,0.009249100054148585,0.10224288,False,True,True,True,False,False,False,True,1.0,gap_repair_insar;mogi_cross_validate;spatial_filter;temporal_persist_check,gap_repair_insar;mogi_cross_validate;spatial_filter;temporal_persist_check
0.45,source,5,static,True,0.45,5,True,False,179.26533045871557,,,199.03280046990926,,,False,0.6875,0.0,0.005532500043045729,0.01362144,False,False,False,False,False,False,False,,,,
0.45,source,5,igdo,True,0.45,0,False,False,,,,,,,False,0.64599609375,0.0005738000036217272,0.008578699955251068,0.10224288,False,True,True,True,False,False,False,True,1.0,gap_repair_insar;mogi_cross_validate;spatial_filter;temporal_persist_check,gap_repair_insar;mogi_cross_validate;spatial_filter;temporal_persist_check
0.45,source,6,static,True,0.45,2,True,False,209.02928304519367,,,75.32236274084357,,,False,0.71923828125,0.0,0.0023763999342918396,0.01362144,False,False,False,False,False,False,False,,,,
0.45,source,6,igdo,True,0.45,1,True,True,450.79895286001636,110.13385745674009,12.750824273960538,35.86857711065755,0.39007118329027507,0.42573920858393344,False,0.6611328125,0.0003328999737277627,0.37815599993336946,0.10224288,False,True,True,True,False,False,False,True,1.0,gap_repair_insar;mogi_cross_validate;spatial_filter;temporal_persist_check,gap_repair_insar;mogi_cross_validate;spatial_filter;temporal_persist_check
0.45,source,7,static,True,0.45,3,True,False,149.48599516631475,,,96.45064819169474,,,False,0.652099609375,0.0,0.003850199980661273,0.01362144,False,False,False,False,False,False,False,,,,
0.45,source,7,igdo,True,0.45,0,False,False,,,,,,,False,0.617431640625,0.00020190002396702766,0.007485100068151951,0.10224288,False,True,True,True,False,False,False,True,1.0,gap_repair_insar;mogi_cross_validate;spatial_filter;temporal_persist_check,gap_repair_insar;mogi_cross_validate;spatial_filter;temporal_persist_check
0.45,source,8,static,True,0.45,3,True,False,271.37693762140555,,,30.25231548936086,,,False,0.667236328125,0.0,0.002924000029452145,0.01362144,False,False,False,False,False,False,False,,,,
0.45,source,8,igdo,True,0.45,1,True,True,190.92918514341935,285.28546426616026,54.665786198876795,2.920376000211791,0.2052413620265327,0.326820746750006,False,0.64697265625,0.0011067999876104295,0.29393029992934316,0.10224288,False,True,True,True,False,False,False,True,1.0,gap_repair_insar;mogi_cross_validate;spatial_filter;temporal_persist_check,gap_repair_insar;mogi_cross_validate;spatial_filter;temporal_persist_check
0.45,source,9,static,True,0.45,6,True,False,137.25301393960635,,,65.33966879092571,,,False,0.73291015625,0.0,0.0028051999397575855,0.01362144,False,False,False,False,False,False,False,,,,
0.45,source,9,igdo,True,0.45,1,True,True,142.90073271310314,192.30286036802727,28.45934224449535,38.15462333147258,0.2785147410354124,0.3786073261951735,False,0.699462890625,0.00031919998582452536,0.415784300013911,0.10224288,False,True,True,True,False,False,False,True,1.0,gap_repair_insar;mogi_cross_validate;spatial_filter;temporal_persist_check,gap_repair_insar;mogi_cross_validate;spatial_filter;temporal_persist_check
0.45,source,10,static,True,0.45,4,True,False,486.0153088641214,,,110.96830926437873,,,False,0.763671875,0.0,0.004936399986036122,0.01362144,False,False,False,False,False,False,False,,,,
0.45,source,10,igdo,True,0.45,0,False,False,,,,,,,False,0.70703125,0.0004123999970033765,0.0037814000388607383,0.10224288,False,True,True,True,False,False,False,True,1.0,gap_repair_insar;mogi_cross_validate;spatial_filter;temporal_persist_check,gap_repair_insar;mogi_cross_validate;spatial_filter;temporal_persist_check
0.45,source,11,static,True,0.45,3,True,False,238.55369253271286,,,108.87852510793942,,,False,0.6416015625,0.0,0.002055299933999777,0.01362144,False,False,False,False,False,False,False,,,,
0.45,source,11,igdo,True,0.45,0,False,False,,,,,,,False,0.6181640625,0.00021949998335912824,0.004274100007023662,0.10224288,False,True,True,True,False,False,False,True,1.0,gap_repair_insar;mogi_cross_validate;spatial_filter;temporal_persist_check,gap_repair_insar;mogi_cross_validate;spatial_filter;temporal_persist_check
0.45,source,12,static,True,0.45,7,True,False,372.5039586955094,,,273.9698426061956,,,False,0.663330078125,0.0,0.0035302999895066023,0.01362144,False,False,False,False,False,False,False,,,,
0.45,source,12,igdo,True,0.45,0,False,False,,,,,,,False,0.6337890625,0.0015306000132113695,0.00437799992505461,0.10224288,False,True,True,True,False,False,False,True,1.0,gap_repair_insar;mogi_cross_validate;spatial_filter;temporal_persist_check,gap_repair_insar;mogi_cross_validate;spatial_filter;temporal_persist_check
0.45,source,13,static,True,0.45,3,True,False,134.1575370205031,,,64.3724147050382,,,False,0.790283203125,0.0,0.002765999990515411,0.01362144,False,False,False,False,False,False,False,,,,
0.45,source,13,igdo,True,0.45,1,True,True,107.15199013082214,69.92609135229577,6.605284049473795,31.93761152005208,0.09323861319983819,0.3540121837227893,False,0.74658203125,0.00019200000679120421,0.3715698999585584,0.10224288,False,True,True,True,False,False,True,True,1.0,gap_repair_insar;mogi_cross_validate;spatial_filter;temporal_persist_check,gap_repair_insar;mogi_cross_validate;spatial_filter;temporal_persist_check
0.45,source,14,static,True,0.45,4,True,False,329.588885003025,,,228.92180103595058,,,False,0.686279296875,0.0,0.003358999965712428,0.01362144,False,False,False,False,False,False,False,,,,
0.45,source,14,igdo,True,0.45,0,False,False,,,,,,,False,0.65185546875,0.00024359999224543571,0.003851400048006326,0.10224288,False,True,True,True,False,False,False,True,1.0,gap_repair_insar;mogi_cross_validate;spatial_filter;temporal_persist_check,gap_repair_insar;mogi_cross_validate;spatial_filter;temporal_persist_check
0.45,source,15,static,True,0.45,4,True,False,4.286332716485063,,,126.511135041434,,,False,0.701416015625,0.0,0.0022833000402897596,0.01362144,False,False,False,False,True,True,True,,,,
0.45,source,15,igdo,True,0.45,1,True,True,212.51033987518787,335.737914983073,44.242175304585835,67.65486969842715,0.33829523086399105,0.43863622567496136,False,0.662353515625,0.0003853000234812498,0.38726370001677424,0.10224288,False,True,True,True,False,False,False,True,1.0,gap_repair_insar;mogi_cross_validate;spatial_filter;temporal_persist_check,gap_repair_insar;mogi_cross_validate;spatial_filter;temporal_persist_check
0.45,source,16,static,True,0.45,1,True,False,467.9280730531919,,,38.83386301074854,,,False,0.850341796875,0.0,0.003160300082527101,0.01362144,False,False,False,False,False,False,False,,,,
0.45,source,16,igdo,True,0.45,1,True,True,225.18575442670274,109.16918251480854,11.03534512290553,12.283165735441644,0.19381180427178435,0.3872720827721675,False,0.785888671875,0.0002793999738059938,0.37019609997514635,0.10224288,False,True,True,True,False,False,False,True,1.0,gap_repair_insar;mogi_cross_validate;spatial_filter;temporal_persist_check,gap_repair_insar;mogi_cross_validate;spatial_filter;temporal_persist_check
0.45,source,17,static,True,0.45,1,True,False,425.42134563889266,,,121.4228152479267,,,False,0.6650390625,0.0,0.005043800047133118,0.01362144,False,False,False,False,False,False,False,,,,
0.45,source,17,igdo,True,0.45,1,True,True,257.5910763474024,207.90744833240547,21.623132850531356,59.57554460939791,0.2722772054482694,0.3981318482456359,False,0.6298828125,0.00025810004444792867,0.3543466000701301,0.10224288,False,True,True,True,False,False,False,True,1.0,gap_repair_insar;mogi_cross_validate;spatial_filter;temporal_persist_check,gap_repair_insar;mogi_cross_validate;spatial_filter;temporal_persist_check
0.45,source,18,static,True,0.45,5,True,False,309.28510985695556,,,204.98234899140692,,,False,0.78564453125,0.0,0.007714200008194894,0.01362144,False,False,False,False,False,False,False,,,,
0.45,source,18,igdo,True,0.45,0,False,False,,,,,,,False,0.75390625,0.00020349997794255614,0.0038744999328628182,0.10224288,False,True,True,True,False,False,False,True,1.0,gap_repair_insar;mogi_cross_validate;spatial_filter;temporal_persist_check,gap_repair_insar;mogi_cross_validate;spatial_filter;temporal_persist_check
0.45,source,19,static,True,0.45,3,True,False,277.29224540896826,,,68.38179151525611,,,False,0.774169921875,0.0,0.00315730000147596,0.01362144,False,False,False,False,False,False,False,,,,
0.45,source,19,igdo,True,0.45,1,True,True,228.4441735440758,8.530639441638527,0.8564727557082152,12.829331766706375,0.22107800523445964,0.40755527032723765,False,0.736328125,0.002957699995022267,0.3998967001680285,0.10224288,False,True,True,True,False,False,False,True,1.0,gap_repair_insar;mogi_cross_validate;spatial_filter;temporal_persist_check,gap_repair_insar;mogi_cross_validate;spatial_filter;temporal_persist_check
0.45,source,20,static,True,0.45,4,True,False,212.28364041184034,,,77.31446002026469,,,False,0.7431640625,0.0,0.003435899969190359,0.01362144,False,False,False,False,False,False,False,,,,
0.45,source,20,igdo,True,0.45,0,False,False,,,,,,,False,0.68701171875,0.0001705000177025795,0.00640499999281019,0.10224288,False,True,True,True,False,False,False,True,1.0,gap_repair_insar;mogi_cross_validate;spatial_filter;temporal_persist_check,gap_repair_insar;mogi_cross_validate;spatial_filter;temporal_persist_check
0.45,source,21,static,True,0.45,2,True,False,286.73018300848673,,,20.213789968300123,,,False,0.6015625,0.0,0.0035669999197125435,0.01362144,False,False,False,False,False,False,False,,,,
0.45,source,21,igdo,True,0.45,0,False,False,,,,,,,False,0.58837890625,0.0004171000327914953,0.007329899934120476,0.10224288,False,True,True,True,False,False,False,True,1.0,gap_repair_insar;mogi_cross_validate;spatial_filter;temporal_persist_check,gap_repair_insar;mogi_cross_validate;spatial_filter;temporal_persist_check
0.45,source,22,static,True,0.45,3,True,False,202.2279347842923,,,38.98334845658213,,,False,0.626953125,0.0,0.0027453999500721693,0.01362144,False,False,False,False,False,False,False,,,,
0.45,source,22,igdo,True,0.45,1,True,True,45.48718648315476,34.02386880722747,21.984209092823118,10.652312606772437,0.1363506663830484,0.3778680465213906,False,0.608642578125,0.000174800050444901,0.6013718000613153,0.10224288,False,True,True,True,True,True,True,True,1.0,gap_repair_insar;mogi_cross_validate;spatial_filter;temporal_persist_check,gap_repair_insar;mogi_cross_validate;spatial_filter;temporal_persist_check
0.45,source,23,static,True,0.45,4,True,False,127.12841610026929,,,75.31319155098964,,,False,0.772216796875,0.0,0.003440900007262826,0.01362144,False,False,False,False,False,False,False,,,,
0.45,source,23,igdo,True,0.45,0,False,False,,,,,,,False,0.706298828125,0.0002530000056140125,0.00782709987834096,0.10224288,False,True,True,True,False,False,False,True,1.0,gap_repair_insar;mogi_cross_validate;spatial_filter;temporal_persist_check,gap_repair_insar;mogi_cross_validate;spatial_filter;temporal_persist_check
0.45,source,24,static,True,0.45,3,True,False,656.4807652971946,,,270.1061670524541,,,False,0.71337890625,0.0,0.004454799985978752,0.01362144,False,False,False,False,False,False,False,,,,
0.45,source,24,igdo,True,0.45,1,True,True,525.6712183806329,174.20809937816955,26.122638695858345,171.50077884815724,0.5993269281814366,0.43415772272177705,False,0.670166015625,0.0003132999991066754,0.3890214000712149,0.10224288,False,True,True,True,False,False,False,True,1.0,gap_repair_insar;mogi_cross_validate;spatial_filter;temporal_persist_check,gap_repair_insar;mogi_cross_validate;spatial_filter;temporal_persist_check
0.45,nosource,0,static,False,0.45,6,False,False,,,,,,,True,0.764892578125,0.0,0.0024614999420009553,0.01362144,False,False,False,False,False,False,False,,,,
0.45,nosource,0,igdo,False,0.45,0,False,False,,,,,,,False,0.73291015625,0.0005126000032760203,0.004315099911764264,0.10224288,False,True,True,True,False,False,False,True,1.0,gap_repair_insar;mogi_cross_validate;spatial_filter;temporal_persist_check,gap_repair_insar;mogi_cross_validate;spatial_filter;temporal_persist_check
0.45,nosource,1,static,False,0.45,5,False,False,,,,,,,True,0.578125,0.0,0.008829099999275059,0.01362144,False,False,False,False,False,False,False,,,,
0.45,nosource,1,igdo,False,0.45,0,False,False,,,,,,,False,0.547607421875,0.0001984999980777502,0.008383499924093485,0.10224288,False,True,True,True,False,False,False,True,1.0,gap_repair_insar;mogi_cross_validate;spatial_filter;temporal_persist_check,gap_repair_insar;mogi_cross_validate;spatial_filter;temporal_persist_check
0.45,nosource,2,static,False,0.45,3,False,False,,,,,,,True,0.595703125,0.0,0.004668600100558251,0.01362144,False,False,False,False,False,False,False,,,,
0.45,nosource,2,igdo,False,0.45,0,False,False,,,,,,,False,0.5732421875,0.00023700000019744039,0.0046595000312663615,0.10224288,False,True,True,True,False,False,False,True,1.0,gap_repair_insar;mogi_cross_validate;spatial_filter;temporal_persist_check,gap_repair_insar;mogi_cross_validate;spatial_filter;temporal_persist_check
0.45,nosource,3,static,False,0.45,8,False,False,,,,,,,True,0.614501953125,0.0,0.0061218999908305705,0.01362144,False,False,False,False,False,False,False,,,,
0.45,nosource,3,igdo,False,0.45,0,False,False,,,,,,,False,0.585205078125,0.00019589997828006744,0.007868299901019782,0.10224288,False,True,True,True,False,False,False,True,1.0,gap_repair_insar;mogi_cross_validate;spatial_filter;temporal_persist_check,gap_repair_insar;mogi_cross_validate;spatial_filter;temporal_persist_check
0.45,nosource,4,static,False,0.45,5,False,False,,,,,,,True,0.69970703125,0.0,0.002927800116594881,0.01362144,False,False,False,False,False,False,False,,,,
0.45,nosource,4,igdo,False,0.45,0,False,False,,,,,,,False,0.6337890625,0.0044207999599166214,0.006390199938323349,0.10224288,False,True,True,True,False,False,False,True,1.0,gap_repair_insar;mogi_cross_validate;spatial_filter;temporal_persist_check,gap_repair_insar;mogi_cross_validate;spatial_filter;temporal_persist_check
0.45,nosource,5,static,False,0.45,7,False,False,,,,,,,True,0.744140625,0.0,0.0041389999678358436,0.01362144,False,False,False,False,False,False,False,,,,
0.45,nosource,5,igdo,False,0.45,0,False,False,,,,,,,False,0.704833984375,0.0002924000145867467,0.004671400063671172,0.10224288,False,True,True,True,False,False,False,True,1.0,gap_repair_insar;mogi_cross_validate;spatial_filter;temporal_persist_check,gap_repair_insar;mogi_cross_validate;spatial_filter;temporal_persist_check
0.45,nosource,6,static,False,0.45,7,False,False,,,,,,,True,0.660400390625,0.0,0.004047400085255504,0.01362144,False,False,False,False,False,False,False,,,,
0.45,nosource,6,igdo,False,0.45,0,False,False,,,,,,,False,0.614013671875,0.0010292999795638025,0.004713600035756826,0.10224288,False,True,True,True,False,False,False,True,1.0,gap_repair_insar;mogi_cross_validate;spatial_filter;temporal_persist_check,gap_repair_insar;mogi_cross_validate;spatial_filter;temporal_persist_check
0.45,nosource,7,static,False,0.45,5,False,False,,,,,,,True,0.582763671875,0.0,0.005102700088173151,0.01362144,False,False,False,False,False,False,False,,,,
0.45,nosource,7,igdo,False,0.45,0,False,False,,,,,,,False,0.538818359375,0.0001889999839477241,0.0093091000453569,0.10224288,False,True,True,True,False,False,False,True,1.0,gap_repair_insar;mogi_cross_validate;spatial_filter;temporal_persist_check,gap_repair_insar;mogi_cross_validate;spatial_filter;temporal_persist_check
0.45,nosource,8,static,False,0.45,4,False,False,,,,,,,True,0.714111328125,0.0,0.00301499996567145,0.01362144,False,False,False,False,False,False,False,,,,
0.45,nosource,8,igdo,False,0.45,0,False,False,,,,,,,False,0.67578125,0.00020910002058371902,0.003942199982702732,0.10224288,False,True,True,True,False,False,False,True,1.0,gap_repair_insar;mogi_cross_validate;spatial_filter;temporal_persist_check,gap_repair_insar;mogi_cross_validate;spatial_filter;temporal_persist_check
0.45,nosource,9,static,False,0.45,6,False,False,,,,,,,True,0.695556640625,0.0,0.002380399964749813,0.01362144,False,False,False,False,False,False,False,,,,
0.45,nosource,9,igdo,False,0.45,0,False,False,,,,,,,False,0.65283203125,0.0003176999744027853,0.004153099958784878,0.10224288,False,True,True,True,False,False,False,True,1.0,gap_repair_insar;mogi_cross_validate;spatial_filter;temporal_persist_check,gap_repair_insar;mogi_cross_validate;spatial_filter;temporal_persist_check
0.45,nosource,10,static,False,0.45,6,False,False,,,,,,,True,0.80029296875,0.0,0.003326800011564046,0.01362144,False,False,False,False,False,False,False,,,,
0.45,nosource,10,igdo,False,0.45,0,False,False,,,,,,,False,0.76513671875,0.00016840000171214342,0.00832970003830269,0.10224288,False,True,True,True,False,False,False,True,1.0,gap_repair_insar;mogi_cross_validate;spatial_filter;temporal_persist_check,gap_repair_insar;mogi_cross_validate;spatial_filter;temporal_persist_check
0.45,nosource,11,static,False,0.45,5,False,False,,,,,,,True,0.697509765625,0.0,0.00496510008815676,0.01362144,False,False,False,False,False,False,False,,,,
0.45,nosource,11,igdo,False,0.45,0,False,False,,,,,,,False,0.6552734375,0.0002576999831944704,0.005497399950399995,0.10224288,False,True,True,True,False,False,False,True,1.0,gap_repair_insar;mogi_cross_validate;spatial_filter;temporal_persist_check,gap_repair_insar;mogi_cross_validate;spatial_filter;temporal_persist_check
0.45,nosource,12,static,False,0.45,5,False,False,,,,,,,True,0.7412109375,0.0,0.005731800105422735,0.01362144,False,False,False,False,False,False,False,,,,
0.45,nosource,12,igdo,False,0.45,0,False,False,,,,,,,False,0.68408203125,0.0002598999999463558,0.0040778000839054585,0.10224288,False,True,True,True,False,False,False,True,1.0,gap_repair_insar;mogi_cross_validate;spatial_filter;temporal_persist_check,gap_repair_insar;mogi_cross_validate;spatial_filter;temporal_persist_check
0.45,nosource,13,static,False,0.45,3,False,False,,,,,,,True,0.6640625,0.0,0.0036224000505171716,0.01362144,False,False,False,False,False,False,False,,,,
0.45,nosource,13,igdo,False,0.45,0,False,False,,,,,,,False,0.634033203125,0.0005728999967686832,0.3761575000244193,0.10224288,False,True,True,True,False,False,False,True,1.0,gap_repair_insar;mogi_cross_validate;spatial_filter;temporal_persist_check,gap_repair_insar;mogi_cross_validate;spatial_filter;temporal_persist_check
0.45,nosource,14,static,False,0.45,4,False,False,,,,,,,True,0.73193359375,0.0,0.002145000034943223,0.01362144,False,False,False,False,False,False,False,,,,
0.45,nosource,14,igdo,False,0.45,0,False,False,,,,,,,False,0.706787109375,0.00020860001677647233,0.003943699994124472,0.10224288,False,True,True,True,False,False,False,True,1.0,gap_repair_insar;mogi_cross_validate;spatial_filter;temporal_persist_check,gap_repair_insar;mogi_cross_validate;spatial_filter;temporal_persist_check
0.45,nosource,15,static,False,0.45,7,False,False,,,,,,,True,0.769775390625,0.0,0.01562500005820766,0.01362144,False,False,False,False,False,False,False,,,,
0.45,nosource,15,igdo,False,0.45,0,False,False,,,,,,,False,0.723876953125,0.00020519999088719487,0.00500179996015504,0.10224288,False,True,True,True,False,False,False,True,1.0,gap_repair_insar;mogi_cross_validate;spatial_filter;temporal_persist_check,gap_repair_insar;mogi_cross_validate;spatial_filter;temporal_persist_check
0.45,nosource,16,static,False,0.45,3,False,False,,,,,,,True,0.616943359375,0.0,0.002941999991890043,0.01362144,False,False,False,False,False,False,False,,,,
0.45,nosource,16,igdo,False,0.45,0,False,False,,,,,,,False,0.597900390625,0.0004718999844044447,0.004539000045042485,0.10224288,False,True,True,True,False,False,False,True,1.0,gap_repair_insar;mogi_cross_validate;spatial_filter;temporal_persist_check,gap_repair_insar;mogi_cross_validate;spatial_filter;temporal_persist_check
0.45,nosource,17,static,False,0.45,6,False,False,,,,,,,True,0.657470703125,0.0,0.0021940000005997717,0.01362144,False,False,False,False,False,False,False,,,,
0.45,nosource,17,igdo,False,0.45,0,False,False,,,,,,,False,0.63818359375,0.00028390000807121396,0.0038392998976632953,0.10224288,False,True,True,True,False,False,False,True,1.0,gap_repair_insar;mogi_cross_validate;spatial_filter;temporal_persist_check,gap_repair_insar;mogi_cross_validate;spatial_filter;temporal_persist_check
0.45,nosource,18,static,False,0.45,5,False,False,,,,,,,True,0.765869140625,0.0,0.007685999968089163,0.01362144,False,False,False,False,False,False,False,,,,
0.45,nosource,18,igdo,False,0.45,0,False,False,,,,,,,False,0.712158203125,0.00020489998860284686,0.003322599979583174,0.10224288,False,True,True,True,False,False,False,True,1.0,gap_repair_insar;mogi_cross_validate;spatial_filter;temporal_persist_check,gap_repair_insar;mogi_cross_validate;spatial_filter;temporal_persist_check
0.45,nosource,19,static,False,0.45,7,False,False,,,,,,,True,0.68115234375,0.0,0.003605400037486106,0.01362144,False,False,False,False,False,False,False,,,,
0.45,nosource,19,igdo,False,0.45,0,False,False,,,,,,,False,0.650390625,0.0002313000150024891,0.006216899899300188,0.10224288,False,True,True,True,False,False,False,True,1.0,gap_repair_insar;mogi_cross_validate;spatial_filter;temporal_persist_check,gap_repair_insar;mogi_cross_validate;spatial_filter;temporal_persist_check
0.45,nosource,20,static,False,0.45,5,False,False,,,,,,,True,0.628173828125,0.0,0.004738799994811416,0.01362144,False,False,False,False,False,False,False,,,,
0.45,nosource,20,igdo,False,0.45,0,False,False,,,,,,,False,0.604248046875,0.002710399974603206,0.3568004998960532,0.10224288,False,True,True,True,False,False,False,True,1.0,gap_repair_insar;mogi_cross_validate;spatial_filter;temporal_persist_check,gap_repair_insar;mogi_cross_validate;spatial_filter;temporal_persist_check
0.45,nosource,21,static,False,0.45,2,False,False,,,,,,,True,0.6767578125,0.0,0.004992600006517023,0.01362144,False,False,False,False,False,False,False,,,,
0.45,nosource,21,igdo,False,0.45,0,False,False,,,,,,,False,0.628173828125,0.00021540001034736633,0.00893559999531135,0.10224288,False,True,True,True,False,False,False,True,1.0,gap_repair_insar;mogi_cross_validate;spatial_filter;temporal_persist_check,gap_repair_insar;mogi_cross_validate;spatial_filter;temporal_persist_check
0.45,nosource,22,static,False,0.45,6,False,False,,,,,,,True,0.652099609375,0.0,0.0057336000027135015,0.01362144,False,False,False,False,False,False,False,,,,
0.45,nosource,22,igdo,False,0.45,0,False,False,,,,,,,False,0.621337890625,0.000256399973295629,0.010167100001126528,0.10224288,False,True,True,True,False,False,False,True,1.0,gap_repair_insar;mogi_cross_validate;spatial_filter;temporal_persist_check,gap_repair_insar;mogi_cross_validate;spatial_filter;temporal_persist_check
0.45,nosource,23,static,False,0.45,5,False,False,,,,,,,True,0.6923828125,0.0,0.0036077999975532293,0.01362144,False,False,False,False,False,False,False,,,,
0.45,nosource,23,igdo,False,0.45,0,False,False,,,,,,,False,0.655517578125,0.00026890001026913524,0.004240699985530227,0.10224288,False,True,True,True,False,False,False,True,1.0,gap_repair_insar;mogi_cross_validate;spatial_filter;temporal_persist_check,gap_repair_insar;mogi_cross_validate;spatial_filter;temporal_persist_check
0.45,nosource,24,static,False,0.45,5,False,False,,,,,,,True,0.703125,0.0,0.004572700068820268,0.01362144,False,False,False,False,False,False,False,,,,
0.45,nosource,24,igdo,False,0.45,0,False,False,,,,,,,False,0.665771484375,0.0003155000158585608,0.004840300069190562,0.10224288,False,True,True,True,False,False,False,True,1.0,gap_repair_insar;mogi_cross_validate;spatial_filter;temporal_persist_check,gap_repair_insar;mogi_cross_validate;spatial_filter;temporal_persist_check
0.3,source,0,static,True,0.3,4,True,False,242.63015895986146,,,148.14214780417558,,,False,0.59228515625,0.0,0.0024421000271104276,0.01362144,False,False,False,False,False,False,False,,,,
0.3,source,0,igdo,True,0.3,0,False,False,,,,,,,False,0.543212890625,0.0011560000129975379,0.006246499950066209,0.10224288,False,True,True,True,False,False,False,True,1.0,gap_repair_insar;mogi_cross_validate;spatial_filter;temporal_persist_check,gap_repair_insar;mogi_cross_validate;spatial_filter;temporal_persist_check
0.3,source,1,static,True,0.3,1,True,False,115.99034513972195,,,38.7611687630391,,,False,0.549072265625,0.0,0.00480940006673336,0.01362144,False,False,False,False,False,False,True,,,,
0.3,source,1,igdo,True,0.3,1,True,True,107.02592073182333,127.08535444542713,16.126926605492002,5.021950205976043,0.2199294992485385,0.45058752840395494,False,0.506103515625,0.00018099998123943806,0.31431189994327724,0.10224288,False,True,True,True,False,False,True,True,1.0,gap_repair_insar;mogi_cross_validate;spatial_filter;temporal_persist_check,gap_repair_insar;mogi_cross_validate;spatial_filter;temporal_persist_check
0.3,source,2,static,True,0.3,4,True,False,58.83890251544193,,,114.98358824872193,,,False,0.53857421875,0.0,0.0030640000477433205,0.01362144,False,False,False,False,True,True,True,,,,
0.3,source,2,igdo,True,0.3,0,False,False,,,,,,,False,0.472412109375,0.0001756999990902841,0.0026753999409265816,0.10224288,False,True,True,True,False,False,False,True,1.0,gap_repair_insar;mogi_cross_validate;spatial_filter;temporal_persist_check,gap_repair_insar;mogi_cross_validate;spatial_filter;temporal_persist_check
0.3,source,3,static,True,0.3,3,True,False,42.83508639096656,,,7.477064382378548,,,False,0.345703125,0.0,0.0020967000164091587,0.01362144,False,False,False,False,True,True,True,,,,
0.3,source,3,igdo,True,0.3,1,True,True,341.10965143475687,455.4521462847051,120.20994713519258,19.151850579959856,0.35172574826141856,0.4086976573187899,False,0.299072265625,0.0007111000013537705,0.20738819998223335,0.10224288,False,True,True,True,False,False,False,True,1.0,gap_repair_insar;mogi_cross_validate;spatial_filter;temporal_persist_check,gap_repair_insar;mogi_cross_validate;spatial_filter;temporal_persist_check
0.3,source,4,static,True,0.3,4,True,False,74.29323896185117,,,96.78498246014591,,,False,0.482177734375,0.0,0.002558399981353432,0.01362144,False,False,False,False,False,True,True,,,,
0.3,source,4,igdo,True,0.3,0,False,False,,,,,,,False,0.423095703125,0.00018529995577409863,0.005856999952811748,0.10224288,False,True,True,True,False,False,False,True,1.0,gap_repair_insar;mogi_cross_validate;spatial_filter;temporal_persist_check,gap_repair_insar;mogi_cross_validate;spatial_filter;temporal_persist_check
0.3,source,5,static,True,0.3,2,True,False,233.81909144631067,,,81.22248382240588,,,False,0.41455078125,0.0,0.00679760001366958,0.01362144,False,False,False,False,False,False,False,,,,
0.3,source,5,igdo,True,0.3,1,True,True,146.72552517378483,252.10493479040747,53.57552859689816,37.87203044650727,0.20979778497441087,0.48285847473231214,False,0.349365234375,0.0002736999886110425,0.2324771999847144,0.10224288,False,True,True,True,False,False,False,True,1.0,gap_repair_insar;mogi_cross_validate;spatial_filter;temporal_persist_check,gap_repair_insar;mogi_cross_validate;spatial_filter;temporal_persist_check
0.3,source,6,static,True,0.3,4,True,False,101.19148849568997,,,60.48074647117198,,,False,0.4296875,0.0,0.002319500083103776,0.01362144,False,False,False,False,False,False,True,,,,
0.3,source,6,igdo,True,0.3,1,True,True,101.23720127399334,260.5831552628048,44.82144266676756,27.86732519936771,0.2520468400807065,0.30768176937728836,False,0.37939453125,0.0003462000167928636,0.20599020004738122,0.10224288,False,True,True,True,False,False,True,True,1.0,gap_repair_insar;mogi_cross_validate;spatial_filter;temporal_persist_check,gap_repair_insar;mogi_cross_validate;spatial_filter;temporal_persist_check
0.3,source,7,static,True,0.3,4,True,False,245.74254194957095,,,36.91341208654642,,,False,0.404296875,0.0,0.003833399969153106,0.01362144,False,False,False,False,False,False,False,,,,
0.3,source,7,igdo,True,0.3,0,False,False,,,,,,,False,0.334716796875,0.0001870999694801867,0.21113270003115758,0.10224288,False,True,True,True,False,False,False,True,1.0,gap_repair_insar;mogi_cross_validate;spatial_filter;temporal_persist_check,gap_repair_insar;mogi_cross_validate;spatial_filter;temporal_persist_check
0.3,source,8,static,True,0.3,2,True,False,260.8010122609914,,,157.55371210312035,,,False,0.579345703125,0.0,0.001916400040499866,0.01362144,False,False,False,False,False,False,False,,,,
0.3,source,8,igdo,True,0.3,1,True,True,172.328252587057,29.630957608534914,27.417869869849405,77.0386852684274,0.31966202538056393,0.4489893921644857,False,0.49755859375,0.00025270000332966447,0.3284552998957224,0.10224288,False,True,True,True,False,False,False,True,1.0,gap_repair_insar;mogi_cross_validate;spatial_filter;temporal_persist_check,gap_repair_insar;mogi_cross_validate;spatial_filter;temporal_persist_check
0.3,source,9,static,True,0.3,2,True,False,215.86877859952904,,,118.75661434264015,,,False,0.513427734375,0.0,0.0037808999186381698,0.01362144,False,False,False,False,False,False,False,,,,
0.3,source,9,igdo,True,0.3,1,True,True,80.6422803050944,496.44792115753444,59.2605200778042,74.10981221773183,0.3152991412631593,0.4132135457908547,False,0.421142578125,0.0002340999781154096,0.23682919994462281,0.10224288,False,True,True,True,False,True,True,True,1.0,gap_repair_insar;mogi_cross_validate;spatial_filter;temporal_persist_check,gap_repair_insar;mogi_cross_validate;spatial_filter;temporal_persist_check
0.3,source,10,static,True,0.3,3,True,False,114.69809624132871,,,248.99194601273956,,,False,0.43310546875,0.0,0.0027082000160589814,0.01362144,False,False,False,False,False,False,True,,,,
0.3,source,10,igdo,True,0.3,0,False,False,,,,,,,False,0.39501953125,0.0002609000075608492,0.0036648999666795135,0.10224288,False,True,True,True,False,False,False,True,1.0,gap_repair_insar;mogi_cross_validate;spatial_filter;temporal_persist_check,gap_repair_insar;mogi_cross_validate;spatial_filter;temporal_persist_check
0.3,source,11,static,True,0.3,5,True,False,230.05659637288255,,,84.12584503566899,,,False,0.6279296875,0.0,0.0049115000874735415,0.01362144,False,False,False,False,False,False,False,,,,
0.3,source,11,igdo,True,0.3,0,False,False,,,,,,,False,0.568603515625,0.00019479996990412474,0.00859929999569431,0.10224288,False,True,True,True,False,False,False,True,1.0,gap_repair_insar;mogi_cross_validate;spatial_filter;temporal_persist_check,gap_repair_insar;mogi_cross_validate;spatial_filter;temporal_persist_check
0.3,source,12,static,True,0.3,3,True,False,142.1675805738434,,,92.10257869139731,,,False,0.411376953125,0.0,0.00394389993743971,0.01362144,False,False,False,False,False,False,False,,,,
0.3,source,12,igdo,True,0.3,1,True,True,51.913018443192996,241.32182948798697,34.393196488539196,51.56153914528719,0.1795771930798015,0.34745137421063477,False,0.3779296875,0.0006068000220693648,0.23608929989859462,0.10224288,False,True,True,True,True,True,True,True,1.0,gap_repair_insar;mogi_cross_validate;spatial_filter;temporal_persist_check,gap_repair_insar;mogi_cross_validate;spatial_filter;temporal_persist_check
0.3,source,13,static,True,0.3,3,True,False,172.02167493428294,,,140.96832184294078,,,False,0.490966796875,0.0,0.0027235999586991966,0.01362144,False,False,False,False,False,False,False,,,,
0.3,source,13,igdo,True,0.3,1,True,True,220.71743055733654,444.2546639955058,54.53261650869177,74.24557796969951,0.3597496440005595,0.41176355558475236,False,0.424072265625,0.00023020000662654638,0.2725583999417722,0.10224288,False,True,True,True,False,False,False,True,1.0,gap_repair_insar;mogi_cross_validate;spatial_filter;temporal_persist_check,gap_repair_insar;mogi_cross_validate;spatial_filter;temporal_persist_check
0.3,source,14,static,True,0.3,2,True,False,121.2642527700583,,,19.434118468380348,,,False,0.488037109375,0.0,0.00324159994488582,0.01362144,False,False,False,False,False,False,False,,,,
0.3,source,14,igdo,True,0.3,1,True,True,182.42151132163679,263.70477575245536,69.58057409576833,18.568861452748962,0.3655571101084039,0.274653644580861,False,0.427978515625,0.00017340003978461027,0.3090666000498459,0.10224288,False,True,True,True,False,False,False,True,1.0,gap_repair_insar;mogi_cross_validate;spatial_filter;temporal_persist_check,gap_repair_insar;mogi_cross_validate;spatial_filter;temporal_persist_check
0.3,source,15,static,True,0.3,2,True,False,180.62058546312653,,,95.50161761449112,,,False,0.412353515625,0.0,0.0029838000191375613,0.01362144,False,False,False,False,False,False,False,,,,
0.3,source,15,igdo,True,0.3,1,True,True,213.57112479645423,207.83476631079634,22.954773625475973,52.49597061255871,0.3225925491801679,0.24898100185768657,False,0.379150390625,0.00020700000459328294,0.22498409991385415,0.10224288,False,True,True,True,False,False,False,True,1.0,gap_repair_insar;mogi_cross_validate;spatial_filter;temporal_persist_check,gap_repair_insar;mogi_cross_validate;spatial_filter;temporal_persist_check
0.3,source,16,static,True,0.3,1,True,False,57.87411334589374,,,59.57362653996498,,,False,0.53857421875,0.0,0.004280700057279319,0.01362144,False,False,False,False,True,True,True,,,,
0.3,source,16,igdo,True,0.3,1,True,True,356.96311625106244,111.09078236357516,14.990687158953616,25.640322904064988,0.39113320335813867,0.37170129169390703,False,0.46728515625,0.00019260001135990024,0.27359339996473864,0.10224288,False,True,True,True,False,False,False,True,1.0,gap_repair_insar;mogi_cross_validate;spatial_filter;temporal_persist_check,gap_repair_insar;mogi_cross_validate;spatial_filter;temporal_persist_check
0.3,source,17,static,True,0.3,3,True,False,259.1068248264274,,,51.170891125277116,,,False,0.5224609375,0.0,0.0021121000172570348,0.01362144,False,False,False,False,False,False,False,,,,
0.3,source,17,igdo,True,0.3,0,False,False,,,,,,,False,0.485595703125,0.0003030999796465039,0.004450600012205541,0.10224288,False,True,True,True,False,False,False,True,1.0,gap_repair_insar;mogi_cross_validate;spatial_filter;temporal_persist_check,gap_repair_insar;mogi_cross_validate;spatial_filter;temporal_persist_check
0.3,source,18,static,True,0.3,2,True,False,240.83443803264754,,,116.78193422360424,,,False,0.608154296875,0.0,0.0026689000660553575,0.01362144,False,False,False,False,False,False,False,,,,
0.3,source,18,igdo,True,0.3,1,True,True,137.25096638956316,243.42280063358533,62.69318559597599,69.44806753593348,0.1691747631410537,0.40346293557107676,False,0.542236328125,0.0002411000314168632,0.24614629993448034,0.10224288,False,True,True,True,False,False,False,True,1.0,gap_repair_insar;mogi_cross_validate;spatial_filter;temporal_persist_check,gap_repair_insar;mogi_cross_validate;spatial_filter;temporal_persist_check
0.3,source,19,static,True,0.3,1,True,False,425.87252551455884,,,157.07706854711137,,,False,0.5615234375,0.0,0.006915800040587783,0.01362144,False,False,False,False,False,False,False,,,,
0.3,source,19,igdo,True,0.3,0,False,False,,,,,,,False,0.490234375,0.00017250003293156624,0.01032090000808239,0.10224288,False,True,True,True,False,False,False,True,1.0,gap_repair_insar;mogi_cross_validate;spatial_filter;temporal_persist_check,gap_repair_insar;mogi_cross_validate;spatial_filter;temporal_persist_check
0.3,source,20,static,True,0.3,2,True,False,214.54611041140865,,,107.06000638256867,,,False,0.511962890625,0.0,0.0039043999859131873,0.01362144,False,False,False,False,False,False,False,,,,
0.3,source,20,igdo,True,0.3,1,True,True,52.657655405387864,224.16453030969183,16.650645542302648,66.78958344279918,0.23742390384551545,0.34019357215728463,False,0.453857421875,0.00017690000822767615,0.27234480006154627,0.10224288,False,True,True,True,True,True,True,True,1.0,gap_repair_insar;mogi_cross_validate;spatial_filter;temporal_persist_check,gap_repair_insar;mogi_cross_validate;spatial_filter;temporal_persist_check
0.3,source,21,static,True,0.3,6,True,False,89.48266652895674,,,76.33119511884308,,,False,0.4716796875,0.0,0.006992799986619502,0.01362144,False,False,False,False,False,True,True,,,,
0.3,source,21,igdo,True,0.3,1,True,True,437.62901611857205,41.62183798728279,0.017079768262457704,21.855082761170333,0.36232331018686253,0.4782839612611974,False,0.423828125,0.00018939998699352145,0.2452754998812452,0.10224288,False,True,True,True,False,False,False,True,1.0,gap_repair_insar;mogi_cross_validate;spatial_filter;temporal_persist_check,gap_repair_insar;mogi_cross_validate;spatial_filter;temporal_persist_check
0.3,source,22,static,True,0.3,5,True,False,335.59371039833013,,,90.64051982716761,,,False,0.4736328125,0.0,0.0037413000245578587,0.01362144,False,False,False,False,False,False,False,,,,
0.3,source,22,igdo,True,0.3,1,True,True,530.8622160892155,599.3240045025418,66.22700928019299,87.48500074522376,0.6297471725282305,0.5369334723887388,False,0.42138671875,0.0002253999700769782,0.33068279997678474,0.10224288,False,True,True,True,False,False,False,True,1.0,gap_repair_insar;mogi_cross_validate;spatial_filter;temporal_persist_check,gap_repair_insar;mogi_cross_validate;spatial_filter;temporal_persist_check
0.3,source,23,static,True,0.3,1,True,False,158.0936213151731,,,102.59566345934901,,,False,0.522216796875,0.0,0.004328099894337356,0.01362144,False,False,False,False,False,False,False,,,,
0.3,source,23,igdo,True,0.3,1,True,True,326.8667418022389,0.8315182201613425,31.643012001556016,40.26992232357793,0.7888526920542687,0.39697431670172845,False,0.4619140625,0.0001947000273503363,0.2678186999983154,0.10224288,False,True,True,True,False,False,False,True,1.0,gap_repair_insar;mogi_cross_validate;spatial_filter;temporal_persist_check,gap_repair_insar;mogi_cross_validate;spatial_filter;temporal_persist_check
0.3,source,24,static,True,0.3,5,True,False,285.3741921161252,,,189.38438538267798,,,False,0.3642578125,0.0,0.004066699999384582,0.01362144,False,False,False,False,False,False,False,,,,
0.3,source,24,igdo,True,0.3,0,False,False,,,,,,,False,0.318115234375,0.0001962999813258648,0.005550000001676381,0.10224288,False,True,True,True,False,False,False,True,1.0,gap_repair_insar;mogi_cross_validate;spatial_filter;temporal_persist_check,gap_repair_insar;mogi_cross_validate;spatial_filter;temporal_persist_check
0.3,nosource,0,static,False,0.3,4,False,False,,,,,,,True,0.574951171875,0.0,0.002509899961296469,0.01362144,False,False,False,False,False,False,False,,,,
0.3,nosource,0,igdo,False,0.3,0,False,False,,,,,,,False,0.47998046875,0.00024860003031790257,0.0036844999413006008,0.10224288,False,True,True,True,False,False,False,True,1.0,gap_repair_insar;mogi_cross_validate;spatial_filter;temporal_persist_check,gap_repair_insar;mogi_cross_validate;spatial_filter;temporal_persist_check
0.3,nosource,1,static,False,0.3,4,False,False,,,,,,,True,0.498046875,0.0,0.003151099954266101,0.01362144,False,False,False,False,False,False,False,,,,
0.3,nosource,1,igdo,False,0.3,0,False,False,,,,,,,False,0.42431640625,0.0002846000134013593,0.005688099947292358,0.10224288,False,True,True,True,False,False,False,True,1.0,gap_repair_insar;mogi_cross_validate;spatial_filter;temporal_persist_check,gap_repair_insar;mogi_cross_validate;spatial_filter;temporal_persist_check
0.3,nosource,2,static,False,0.3,4,False,False,,,,,,,True,0.508056640625,0.0,0.0027070000069215894,0.01362144,False,False,False,False,False,False,False,,,,
0.3,nosource,2,igdo,False,0.3,0,False,False,,,,,,,False,0.472900390625,0.00023710000095888972,0.27187499997671694,0.10224288,False,True,True,True,False,False,False,True,1.0,gap_repair_insar;mogi_cross_validate;spatial_filter;temporal_persist_check,gap_repair_insar;mogi_cross_validate;spatial_filter;temporal_persist_check
0.3,nosource,3,static,False,0.3,6,False,False,,,,,,,True,0.455078125,0.0,0.002281300025060773,0.01362144,False,False,False,False,False,False,False,,,,
0.3,nosource,3,igdo,False,0.3,0,False,False,,,,,,,False,0.403564453125,0.00024590000975877047,0.004008700081612915,0.10224288,False,True,True,True,False,False,False,True,1.0,gap_repair_insar;mogi_cross_validate;spatial_filter;temporal_persist_check,gap_repair_insar;mogi_cross_validate;spatial_filter;temporal_persist_check
0.3,nosource,4,static,False,0.3,5,False,False,,,,,,,True,0.58740234375,0.0,0.00383869995130226,0.01362144,False,False,False,False,False,False,False,,,,
0.3,nosource,4,igdo,False,0.3,0,False,False,,,,,,,False,0.531005859375,0.00019539997447282076,0.009418300003744662,0.10224288,False,True,True,True,False,False,False,True,1.0,gap_repair_insar;mogi_cross_validate;spatial_filter;temporal_persist_check,gap_repair_insar;mogi_cross_validate;spatial_filter;temporal_persist_check
0.3,nosource,5,static,False,0.3,7,False,False,,,,,,,True,0.487548828125,0.0,0.003337500093039125,0.01362144,False,False,False,False,False,False,False,,,,
0.3,nosource,5,igdo,False,0.3,0,False,False,,,,,,,False,0.422119140625,0.0005567999905906618,0.006205199984833598,0.10224288,False,True,True,True,False,False,False,True,1.0,gap_repair_insar;mogi_cross_validate;spatial_filter;temporal_persist_check,gap_repair_insar;mogi_cross_validate;spatial_filter;temporal_persist_check
0.3,nosource,6,static,False,0.3,3,False,False,,,,,,,True,0.47998046875,0.0,0.0020325000514276326,0.01362144,False,False,False,False,False,False,False,,,,
0.3,nosource,6,igdo,False,0.3,0,False,False,,,,,,,False,0.418212890625,0.00024749996373429894,0.0030858999816700816,0.10224288,False,True,True,True,False,False,False,True,1.0,gap_repair_insar;mogi_cross_validate;spatial_filter;temporal_persist_check,gap_repair_insar;mogi_cross_validate;spatial_filter;temporal_persist_check
0.3,nosource,7,static,False,0.3,3,False,False,,,,,,,True,0.4658203125,0.0,0.006289499986451119,0.01362144,False,False,False,False,False,False,False,,,,
0.3,nosource,7,igdo,False,0.3,0,False,False,,,,,,,False,0.420166015625,0.0001905999961309135,0.2959925999166444,0.10224288,False,True,True,True,False,False,False,True,1.0,gap_repair_insar;mogi_cross_validate;spatial_filter;temporal_persist_check,gap_repair_insar;mogi_cross_validate;spatial_filter;temporal_persist_check
0.3,nosource,8,static,False,0.3,6,False,False,,,,,,,True,0.53173828125,0.0,0.0030997999128885567,0.01362144,False,False,False,False,False,False,False,,,,
0.3,nosource,8,igdo,False,0.3,0,False,False,,,,,,,False,0.431396484375,0.00022990000434219837,0.003873799985740334,0.10224288,False,True,True,True,False,False,False,True,1.0,gap_repair_insar;mogi_cross_validate;spatial_filter;temporal_persist_check,gap_repair_insar;mogi_cross_validate;spatial_filter;temporal_persist_check
0.3,nosource,9,static,False,0.3,5,False,False,,,,,,,True,0.461181640625,0.0,0.0025699000107124448,0.01362144,False,False,False,False,False,False,False,,,,
0.3,nosource,9,igdo,False,0.3,0,False,False,,,,,,,False,0.403564453125,0.00018259999342262745,0.0070105999475345016,0.10224288,False,True,True,True,False,False,False,True,1.0,gap_repair_insar;mogi_cross_validate;spatial_filter;temporal_persist_check,gap_repair_insar;mogi_cross_validate;spatial_filter;temporal_persist_check
0.3,nosource,10,static,False,0.3,4,False,False,,,,,,,True,0.53369140625,0.0,0.0022683999850414693,0.01362144,False,False,False,False,False,False,False,,,,
0.3,nosource,10,igdo,False,0.3,0,False,False,,,,,,,False,0.4697265625,0.00017830001888796687,0.00898890005191788,0.10224288,False,True,True,True,False,False,False,True,1.0,gap_repair_insar;mogi_cross_validate;spatial_filter;temporal_persist_check,gap_repair_insar;mogi_cross_validate;spatial_filter;temporal_persist_check
0.3,nosource,11,static,False,0.3,6,False,False,,,,,,,True,0.533935546875,0.0,0.002231099992059171,0.01362144,False,False,False,False,False,False,False,,,,
0.3,nosource,11,igdo,False,0.3,0,False,False,,,,,,,False,0.441650390625,0.00020889996085315943,0.0036923002335242927,0.10224288,False,True,True,True,False,False,False,True,1.0,gap_repair_insar;mogi_cross_validate;spatial_filter;temporal_persist_check,gap_repair_insar;mogi_cross_validate;spatial_filter;temporal_persist_check
0.3,nosource,12,static,False,0.3,4,False,False,,,,,,,True,0.458251953125,0.0,0.002108899992890656,0.01362144,False,False,False,False,False,False,False,,,,
0.3,nosource,12,igdo,False,0.3,0,False,False,,,,,,,False,0.363525390625,0.00022499996703118086,0.25617600011173636,0.10224288,False,True,True,True,False,False,False,True,1.0,gap_repair_insar;mogi_cross_validate;spatial_filter;temporal_persist_check,gap_repair_insar;mogi_cross_validate;spatial_filter;temporal_persist_check
0.3,nosource,13,static,False,0.3,4,False,False,,,,,,,True,0.544189453125,0.0,0.0024275999167002738,0.01362144,False,False,False,False,False,False,False,,,,
0.3,nosource,13,igdo,False,0.3,0,False,False,,,,,,,False,0.48193359375,0.0002174999681301415,0.012342599919065833,0.10224288,False,True,True,True,False,False,False,True,1.0,gap_repair_insar;mogi_cross_validate;spatial_filter;temporal_persist_check,gap_repair_insar;mogi_cross_validate;spatial_filter;temporal_persist_check
0.3,nosource,14,static,False,0.3,5,False,False,,,,,,,True,0.44873046875,0.0,0.0021114000701345503,0.01362144,False,False,False,False,False,False,False,,,,
0.3,nosource,14,igdo,False,0.3,0,False,False,,,,,,,False,0.38232421875,0.004104899999219924,0.004513799969572574,0.10224288,False,True,True,True,False,False,False,True,1.0,gap_repair_insar;mogi_cross_validate;spatial_filter;temporal_persist_check,gap_repair_insar;mogi_cross_validate;spatial_filter;temporal_persist_check
0.3,nosource,15,static,False,0.3,5,False,False,,,,,,,True,0.379638671875,0.0,0.002819199929945171,0.01362144,False,False,False,False,False,False,False,,,,
0.3,nosource,15,igdo,False,0.3,0,False,False,,,,,,,False,0.343505859375,0.00017370004206895828,0.006865200004540384,0.10224288,False,True,True,True,False,False,False,True,1.0,gap_repair_insar;mogi_cross_validate;spatial_filter;temporal_persist_check,gap_repair_insar;mogi_cross_validate;spatial_filter;temporal_persist_check
0.3,nosource,16,static,False,0.3,6,False,False,,,,,,,True,0.500244140625,0.0,0.002408199943602085,0.01362144,False,False,False,False,False,False,False,,,,
0.3,nosource,16,igdo,False,0.3,0,False,False,,,,,,,False,0.45068359375,0.00041719997534528375,0.005769800045527518,0.10224288,False,True,True,True,False,False,False,True,1.0,gap_repair_insar;mogi_cross_validate;spatial_filter;temporal_persist_check,gap_repair_insar;mogi_cross_validate;spatial_filter;temporal_persist_check
0.3,nosource,17,static,False,0.3,6,False,False,,,,,,,True,0.532958984375,0.0,0.0026851999573409557,0.01362144,False,False,False,False,False,False,False,,,,
0.3,nosource,17,igdo,False,0.3,0,False,False,,,,,,,False,0.465576171875,0.00017670000670477748,0.007853500137571245,0.10224288,False,True,True,True,False,False,False,True,1.0,gap_repair_insar;mogi_cross_validate;spatial_filter;temporal_persist_check,gap_repair_insar;mogi_cross_validate;spatial_filter;temporal_persist_check
0.3,nosource,18,static,False,0.3,7,False,False,,,,,,,True,0.598388671875,0.0,0.0031542000360786915,0.01362144,False,False,False,False,False,False,False,,,,
0.3,nosource,18,igdo,False,0.3,0,False,False,,,,,,,False,0.529052734375,0.00023559998953714967,0.0032245998736470938,0.10224288,False,True,True,True,False,False,False,True,1.0,gap_repair_insar;mogi_cross_validate;spatial_filter;temporal_persist_check,gap_repair_insar;mogi_cross_validate;spatial_filter;temporal_persist_check
0.3,nosource,19,static,False,0.3,5,False,False,,,,,,,True,0.433349609375,0.0,0.002697400050237775,0.01362144,False,False,False,False,False,False,False,,,,
0.3,nosource,19,igdo,False,0.3,0,False,False,,,,,,,False,0.405029296875,0.0003132999991066754,0.007760400010738522,0.10224288,False,True,True,True,False,False,False,True,1.0,gap_repair_insar;mogi_cross_validate;spatial_filter;temporal_persist_check,gap_repair_insar;mogi_cross_validate;spatial_filter;temporal_persist_check
0.3,nosource,20,static,False,0.3,5,False,False,,,,,,,True,0.59716796875,0.0,0.0027908000047318637,0.01362144,False,False,False,False,False,False,False,,,,
0.3,nosource,20,igdo,False,0.3,0,False,False,,,,,,,False,0.513671875,0.00016680004773661494,0.009898500109557062,0.10224288,False,True,True,True,False,False,False,True,1.0,gap_repair_insar;mogi_cross_validate;spatial_filter;temporal_persist_check,gap_repair_insar;mogi_cross_validate;spatial_filter;temporal_persist_check
0.3,nosource,21,static,False,0.3,6,False,False,,,,,,,True,0.495849609375,0.0,0.004500800045207143,0.01362144,False,False,False,False,False,False,False,,,,
0.3,nosource,21,igdo,False,0.3,0,False,False,,,,,,,False,0.43505859375,0.00023599999258294702,0.008126900007482618,0.10224288,False,True,True,True,False,False,False,True,1.0,gap_repair_insar;mogi_cross_validate;spatial_filter;temporal_persist_check,gap_repair_insar;mogi_cross_validate;spatial_filter;temporal_persist_check
0.3,nosource,22,static,False,0.3,3,False,False,,,,,,,True,0.4833984375,0.0,0.004488900012802333,0.01362144,False,False,False,False,False,False,False,,,,
0.3,nosource,22,igdo,False,0.3,0,False,False,,,,,,,False,0.436279296875,0.0005624000332318246,0.009397999965585768,0.10224288,False,True,True,True,False,False,False,True,1.0,gap_repair_insar;mogi_cross_validate;spatial_filter;temporal_persist_check,gap_repair_insar;mogi_cross_validate;spatial_filter;temporal_persist_check
0.3,nosource,23,static,False,0.3,5,False,False,,,,,,,True,0.533447265625,0.0,0.0026901999954134226,0.01362144,False,False,False,False,False,False,False,,,,
0.3,nosource,23,igdo,False,0.3,0,False,False,,,,,,,False,0.45703125,0.0014749999972991645,0.00859019992640242,0.10224288,False,True,True,True,False,False,False,True,1.0,gap_repair_insar;mogi_cross_validate;spatial_filter;temporal_persist_check,gap_repair_insar;mogi_cross_validate;spatial_filter;temporal_persist_check
0.3,nosource,24,static,False,0.3,3,False,False,,,,,,,True,0.45556640625,0.0,0.0027839000103995204,0.01362144,False,False,False,False,False,False,False,,,,
0.3,nosource,24,igdo,False,0.3,0,False,False,,,,,,,False,0.407470703125,0.0002999999560415745,0.0049343001446686685,0.10224288,False,True,True,True,False,False,False,True,1.0,gap_repair_insar;mogi_cross_validate;spatial_filter;temporal_persist_check,gap_repair_insar;mogi_cross_validate;spatial_filter;temporal_persist_check
