snr_db,completeness,window_type,window,pipeline,has_event,n_alerts,detected_any,correct_detect,correct_detect_3d,horiz_error_m,depth_error_m,min_loc_error_m,alert_latency_s,false_alarm,n_stations,loc_rms_samples,composition_s,node_cpu_s,proc_nominal_s,rate_up,chunk_s,routing_exact,routing_hamming,expected_actions,actual_actions
20,1.0,event,0,static,True,1,True,True,True,8.304524330582455,16.40963294240281,18.39133430889742,0.23960000000000006,False,8.0,0.9216560342258939,0.0,0.020435900194570422,0.056600000000000004,False,1.0,,,,
20,1.0,event,0,igdo,True,1,True,True,True,8.304524330582455,16.40963294240281,18.39133430889742,0.23960000000000006,False,8.0,0.9216560342258939,0.00025209999876096845,0.01744439994217828,0.056600000000000004,False,1.0,True,1.0,,
20,1.0,event,1,static,True,1,True,True,True,38.314234944985586,29.676912304651296,48.463385388946136,0.4825999999999999,False,8.0,0.7481236859427798,0.0,0.015990200045052916,0.056600000000000004,False,1.0,,,,
20,1.0,event,1,igdo,True,1,True,True,True,38.314234944985586,29.676912304651296,48.463385388946136,0.4825999999999999,False,8.0,0.7481236859427798,0.00023140001576393843,0.0184063000488095,0.056600000000000004,False,1.0,True,1.0,,
20,1.0,event,2,static,True,1,True,True,True,16.615224595039685,46.86283644298497,49.721133613641314,0.38160000000000016,False,8.0,8.866660556056644,0.0,0.01797060004901141,0.056600000000000004,False,1.0,,,,
20,1.0,event,2,igdo,True,1,True,True,True,16.615224595039685,46.86283644298497,49.721133613641314,0.38160000000000016,False,8.0,8.866660556056644,0.00015400000847876072,0.019565000024158508,0.056600000000000004,False,1.0,True,1.0,,
20,1.0,event,3,static,True,1,True,True,True,7.819167680087398,7.009487364543276,10.501061675993299,0.39360000000000017,False,8.0,0.559415568864404,0.0,0.02098219987237826,0.056600000000000004,False,1.0,,,,
20,1.0,event,3,igdo,True,1,True,True,True,7.819167680087398,7.009487364543276,10.501061675993299,0.39360000000000017,False,8.0,0.559415568864404,0.0002633000258356333,0.016686300048604608,0.056600000000000004,False,1.0,True,1.0,,
20,1.0,event,4,static,True,1,True,True,True,9.162239620674761,0.8003547188246642,9.19713012534928,0.20259999999999992,False,8.0,1.199962202599225,0.0,0.019592399999964982,0.056600000000000004,False,1.0,,,,
20,1.0,event,4,igdo,True,1,True,True,True,9.162239620674761,0.8003547188246642,9.19713012534928,0.20259999999999992,False,8.0,1.199962202599225,0.00018500001169741154,0.02039429999422282,0.056600000000000004,False,1.0,True,1.0,,
20,1.0,event,5,static,True,1,True,True,True,10.221370900885404,7.409158052163832,12.624264181939914,0.9246000000000001,False,8.0,1.1850861030883215,0.0,0.018877700029406697,0.056600000000000004,False,1.0,,,,
20,1.0,event,5,igdo,True,1,True,True,True,10.221370900885404,7.409158052163832,12.624264181939914,0.9246000000000001,False,8.0,1.1850861030883215,0.00016789999790489674,0.016960799985099584,0.056600000000000004,False,1.0,True,1.0,,
20,1.0,event,6,static,True,1,True,True,True,6.370182575383671,15.146687067540341,16.43171796148277,0.5366,False,8.0,1.2386773964210949,0.0,0.019218500063288957,0.056600000000000004,False,1.0,,,,
20,1.0,event,6,igdo,True,1,True,True,True,6.370182575383671,15.146687067540341,16.43171796148277,0.5366,False,8.0,1.2386773964210949,0.00017910002497956157,0.018370100005995482,0.056600000000000004,False,1.0,True,1.0,,
20,1.0,event,7,static,True,1,True,True,True,15.269146026305755,2.4217260927721043,15.459999276877799,1.0156,False,8.0,0.826674981632833,0.0,0.024455000064335763,0.056600000000000004,False,1.0,,,,
20,1.0,event,7,igdo,True,1,True,True,True,15.269146026305755,2.4217260927721043,15.459999276877799,1.0156,False,8.0,0.826674981632833,0.00022469996474683285,0.01790049992268905,0.056600000000000004,False,1.0,True,1.0,,
20,1.0,event,8,static,True,1,True,True,True,15.485026992202059,34.79787395688183,38.08776828416521,0.6825999999999999,False,8.0,2.2785106099375834,0.0,0.019097600015811622,0.056600000000000004,False,1.0,,,,
20,1.0,event,8,igdo,True,1,True,True,True,15.485026992202059,34.79787395688183,38.08776828416521,0.6825999999999999,False,8.0,2.2785106099375834,0.00029669998912140727,0.017809599987231195,0.056600000000000004,False,1.0,True,1.0,,
20,1.0,event,9,static,True,1,True,True,True,27.368289970232702,49.73572489904302,56.768526730293324,0.7385999999999999,False,8.0,4.49858356682932,0.0,0.019553499994799495,0.056600000000000004,False,1.0,,,,
20,1.0,event,9,igdo,True,1,True,True,True,27.368289970232702,49.73572489904302,56.768526730293324,0.7385999999999999,False,8.0,4.49858356682932,0.00017290003597736359,0.01867150003090501,0.056600000000000004,False,1.0,True,1.0,,
20,1.0,event,10,static,True,1,True,True,True,12.106842694296049,1.1043033476202027,12.157101871251832,0.6636,False,8.0,0.7871760317809933,0.0,0.018071900063659996,0.056600000000000004,False,1.0,,,,
20,1.0,event,10,igdo,True,1,True,True,True,12.106842694296049,1.1043033476202027,12.157101871251832,0.6636,False,8.0,0.7871760317809933,0.0011295999865978956,0.019932699913624674,0.056600000000000004,False,1.0,True,1.0,,
20,1.0,event,11,static,True,1,True,True,True,19.55306803608811,12.325192961996635,23.11347769536947,0.41359999999999997,False,8.0,0.933449220408422,0.0,0.02205799997318536,0.056600000000000004,False,1.0,,,,
20,1.0,event,11,igdo,True,1,True,True,True,19.55306803608811,12.325192961996635,23.11347769536947,0.41359999999999997,False,8.0,0.933449220408422,0.0018785000429488719,0.016340100031811744,0.056600000000000004,False,1.0,True,1.0,,
20,1.0,event,12,static,True,1,True,True,True,9.286988203367528,1.0516805964486764,9.346345915192433,0.8056000000000001,False,8.0,1.4296252117517294,0.0,0.01718349993461743,0.056600000000000004,False,1.0,,,,
20,1.0,event,12,igdo,True,1,True,True,True,9.286988203367528,1.0516805964486764,9.346345915192433,0.8056000000000001,False,8.0,1.4296252117517294,0.00015310000162571669,0.018263600068166852,0.056600000000000004,False,1.0,True,1.0,,
20,1.0,event,13,static,True,1,True,True,True,5.162155586132724,1.5649444952829015,5.394154388665339,1.1216,False,8.0,1.0758653426519462,0.0,0.01857779995771125,0.056600000000000004,False,1.0,,,,
20,1.0,event,13,igdo,True,1,True,True,True,5.162155586132724,1.5649444952829015,5.394154388665339,1.1216,False,8.0,1.0758653426519462,0.00023310002870857716,0.01752579997992143,0.056600000000000004,False,1.0,True,1.0,,
20,1.0,event,14,static,True,1,True,True,True,12.974826036587423,2.3944567254552496,13.193920330583506,1.1065999999999998,False,8.0,1.4387883513119302,0.0,0.017383300117217004,0.056600000000000004,False,1.0,,,,
20,1.0,event,14,igdo,True,1,True,True,True,12.974826036587423,2.3944567254552496,13.193920330583506,1.1065999999999998,False,8.0,1.4387883513119302,0.0001762000028975308,0.018932199978735298,0.056600000000000004,False,1.0,True,1.0,,
20,1.0,event,15,static,True,1,True,True,True,2.8359473672646702,1.0421294072246354,3.021362469366723,0.5016,False,8.0,0.41446451210794566,0.0,0.016761999984737486,0.056600000000000004,False,1.0,,,,
20,1.0,event,15,igdo,True,1,True,True,True,2.8359473672646702,1.0421294072246354,3.021362469366723,0.5016,False,8.0,0.41446451210794566,0.0002101999707520008,0.017870800045784563,0.056600000000000004,False,1.0,True,1.0,,
20,1.0,event,16,static,True,1,True,True,True,10.233484829735348,6.306562875257669,12.020688293937322,0.4495999999999998,False,8.0,0.8017599142890249,0.0,0.01865630003158003,0.056600000000000004,False,1.0,,,,
20,1.0,event,16,igdo,True,1,True,True,True,10.233484829735348,6.306562875257669,12.020688293937322,0.4495999999999998,False,8.0,0.8017599142890249,0.0002169999643228948,0.01699130010092631,0.056600000000000004,False,1.0,True,1.0,,
20,1.0,event,17,static,True,3,True,True,True,11.140362254206824,23.806690951177387,26.28433383595307,0.7616,False,8.0,1.1767956464850793,0.0,0.029242200020235032,0.056600000000000004,False,1.0,,,,
20,1.0,event,17,igdo,True,3,True,True,True,11.140362254206824,23.806690951177387,26.28433383595307,0.7616,False,8.0,1.1767956464850793,0.00017780001508072019,0.030784299946390092,0.056600000000000004,False,1.0,True,1.0,,
20,1.0,event,18,static,True,1,True,True,True,8.524205961714005,3.4144076587660095,9.182606761587941,1.0326,False,8.0,1.1826629612014667,0.0,0.023728400003165007,0.056600000000000004,False,1.0,,,,
20,1.0,event,18,igdo,True,1,True,True,True,8.524205961714005,3.4144076587660095,9.182606761587941,1.0326,False,8.0,1.1826629612014667,0.0002028000308200717,0.019411399960517883,0.056600000000000004,False,1.0,True,1.0,,
20,1.0,event,19,static,True,1,True,True,True,9.093236699954753,8.593457341061352,12.511373336050893,0.25259999999999994,False,8.0,1.4343614328167087,0.0,0.02144019998377189,0.056600000000000004,False,1.0,,,,
20,1.0,event,19,igdo,True,1,True,True,True,9.093236699954753,8.593457341061352,12.511373336050893,0.25259999999999994,False,8.0,1.4343614328167087,0.00022420001914724708,0.01638670009560883,0.056600000000000004,False,1.0,True,1.0,,
20,1.0,event,20,static,True,1,True,True,True,8.554062631754194,0.22697669359020267,8.557073444081606,0.7606000000000002,False,8.0,0.7177290297459422,0.0,0.016734600067138672,0.056600000000000004,False,1.0,,,,
20,1.0,event,20,igdo,True,1,True,True,True,8.554062631754194,0.22697669359020267,8.557073444081606,0.7606000000000002,False,8.0,0.7177290297459422,0.00019500002963468432,0.01831150008365512,0.056600000000000004,False,1.0,True,1.0,,
20,1.0,event,21,static,True,1,True,True,True,32.68322028954983,54.8095769912632,63.8144389496331,0.3595999999999999,False,8.0,6.894801124688717,0.0,0.021153299952857196,0.056600000000000004,False,1.0,,,,
20,1.0,event,21,igdo,True,1,True,True,True,32.68322028954983,54.8095769912632,63.8144389496331,0.3595999999999999,False,8.0,6.894801124688717,0.0001718999701552093,0.017798099957872182,0.056600000000000004,False,1.0,True,1.0,,
20,1.0,event,22,static,True,1,True,True,True,7.213807413823695,6.5764561000636945,9.761597832312223,0.7946,False,8.0,0.9228381668804534,0.0,0.02145179995568469,0.056600000000000004,False,1.0,,,,
20,1.0,event,22,igdo,True,1,True,True,True,7.213807413823695,6.5764561000636945,9.761597832312223,0.7946,False,8.0,0.9228381668804534,0.00016569998115301132,0.019784500065725297,0.056600000000000004,False,1.0,True,1.0,,
20,1.0,event,23,static,True,1,True,True,True,8.682722216628157,1.7985201659057566,8.867036702207669,0.7776000000000001,False,8.0,1.1582750211115427,0.0,0.017946099920663983,0.056600000000000004,False,1.0,,,,
20,1.0,event,23,igdo,True,1,True,True,True,8.682722216628157,1.7985201659057566,8.867036702207669,0.7776000000000001,False,8.0,1.1582750211115427,0.0001762000028975308,0.019106200081296265,0.056600000000000004,False,1.0,True,1.0,,
20,1.0,event,24,static,True,1,True,True,True,7.842144669327776,6.227963804213516,10.014328043421573,0.5786,False,8.0,1.2072247133488536,0.0,0.019098700082395226,0.056600000000000004,False,1.0,,,,
20,1.0,event,24,igdo,True,1,True,True,True,7.842144669327776,6.227963804213516,10.014328043421573,0.5786,False,8.0,1.2072247133488536,0.00019950000569224358,0.016438900027424097,0.056600000000000004,False,1.0,True,1.0,,
20,1.0,event,25,static,True,1,True,True,True,20.63567417977617,11.692123735262982,23.71785838339079,0.3555999999999999,False,8.0,0.895892190474556,0.0,0.018074999970849603,0.056600000000000004,False,1.0,,,,
20,1.0,event,25,igdo,True,1,True,True,True,20.63567417977617,11.692123735262982,23.71785838339079,0.3555999999999999,False,8.0,0.895892190474556,0.00020439998479560018,0.01764579996233806,0.056600000000000004,False,1.0,True,1.0,,
20,1.0,event,26,static,True,1,True,True,True,12.845097602420191,7.3111697385010785,14.780045174520776,0.7766,False,8.0,1.1291450067936735,0.0,0.019325599947478622,0.056600000000000004,False,1.0,,,,
20,1.0,event,26,igdo,True,1,True,True,True,12.845097602420191,7.3111697385010785,14.780045174520776,0.7766,False,8.0,1.1291450067936735,0.00015259999781847,0.024338899936992675,0.056600000000000004,False,1.0,True,1.0,,
20,1.0,event,27,static,True,1,True,True,True,3.7762850038764926,5.052586341476854,6.307848854291052,0.9775999999999998,False,8.0,1.5950792927782595,0.0,0.0191012000432238,0.056600000000000004,False,1.0,,,,
20,1.0,event,27,igdo,True,1,True,True,True,3.7762850038764926,5.052586341476854,6.307848854291052,0.9775999999999998,False,8.0,1.5950792927782595,0.00017319998005405068,0.016697000013664365,0.056600000000000004,False,1.0,True,1.0,,
20,1.0,event,28,static,True,1,True,True,True,11.053857914448425,3.332992573884596,11.545415293110246,0.7216,False,8.0,1.2276536431743554,0.0,0.02100500004598871,0.056600000000000004,False,1.0,,,,
20,1.0,event,28,igdo,True,1,True,True,True,11.053857914448425,3.332992573884596,11.545415293110246,0.7216,False,8.0,1.2276536431743554,0.00024720001965761185,0.01744280004641041,0.056600000000000004,False,1.0,True,1.0,,
20,1.0,event,29,static,True,1,True,True,True,8.127365500056333,5.432555999406915,9.775823988707959,0.5516000000000001,False,8.0,1.5634847625490338,0.0,0.01712849992327392,0.056600000000000004,False,1.0,,,,
20,1.0,event,29,igdo,True,1,True,True,True,8.127365500056333,5.432555999406915,9.775823988707959,0.5516000000000001,False,8.0,1.5634847625490338,0.00019400002202019095,0.01737029996002093,0.056600000000000004,False,1.0,True,1.0,,
20,1.0,noise,0,static,False,0,False,False,False,,,,,False,,,0.0,0.007962599978782237,0.056600000000000004,False,1.0,,,,
20,1.0,noise,0,igdo,False,0,False,False,False,,,,,False,,,0.00014319998444989324,0.013860400125849992,0.0988,False,1.0,False,0.25,,cross_validate;gap_repair;robust_denoise
20,1.0,noise,1,static,False,0,False,False,False,,,,,False,,,0.0,0.009709800011478364,0.056600000000000004,False,1.0,,,,
20,1.0,noise,1,igdo,False,0,False,False,False,,,,,False,,,0.00018069997895509005,0.010404899949207902,0.0988,False,1.0,False,0.25,,cross_validate;gap_repair;robust_denoise
20,1.0,noise,2,static,False,0,False,False,False,,,,,False,,,0.0,0.010477300093043596,0.056600000000000004,False,1.0,,,,
20,1.0,noise,2,igdo,False,0,False,False,False,,,,,False,,,0.00013869995018467307,0.011711700004525483,0.0988,False,1.0,False,0.25,,cross_validate;gap_repair;robust_denoise
20,1.0,noise,3,static,False,0,False,False,False,,,,,False,,,0.0,0.009352199907880276,0.056600000000000004,False,1.0,,,,
20,1.0,noise,3,igdo,False,0,False,False,False,,,,,False,,,0.00019130000146105886,0.010475399962160736,0.0988,False,1.0,False,0.25,,cross_validate;gap_repair;robust_denoise
20,1.0,noise,4,static,False,0,False,False,False,,,,,False,,,0.0,0.012783399899490178,0.056600000000000004,False,1.0,,,,
20,1.0,noise,4,igdo,False,0,False,False,False,,,,,False,,,0.00014630000805482268,0.01234760001534596,0.0988,False,1.0,False,0.25,,cross_validate;gap_repair;robust_denoise
20,1.0,noise,5,static,False,0,False,False,False,,,,,False,,,0.0,0.01109000010183081,0.056600000000000004,False,1.0,,,,
20,1.0,noise,5,igdo,False,0,False,False,False,,,,,False,,,0.00016270001651719213,0.008082700020167977,0.0988,False,1.0,False,0.25,,cross_validate;gap_repair;robust_denoise
20,1.0,noise,6,static,False,0,False,False,False,,,,,False,,,0.0,0.009801899897865951,0.056600000000000004,False,1.0,,,,
20,1.0,noise,6,igdo,False,0,False,False,False,,,,,False,,,0.00022849999368190765,0.00979779998306185,0.0988,False,1.0,False,0.25,,cross_validate;gap_repair;robust_denoise
20,1.0,noise,7,static,False,0,False,False,False,,,,,False,,,0.0,0.009642799966968596,0.056600000000000004,False,1.0,,,,
20,1.0,noise,7,igdo,False,0,False,False,False,,,,,False,,,0.00021039997227489948,0.008089400012977421,0.0988,False,1.0,False,0.25,,cross_validate;gap_repair;robust_denoise
20,1.0,noise,8,static,False,0,False,False,False,,,,,False,,,0.0,0.010631599929183722,0.056600000000000004,False,1.0,,,,
20,1.0,noise,8,igdo,False,0,False,False,False,,,,,False,,,0.00022709998302161694,0.01664770010393113,0.0988,False,1.0,False,0.25,,cross_validate;gap_repair;robust_denoise
20,1.0,noise,9,static,False,0,False,False,False,,,,,False,,,0.0,0.011628399894107133,0.056600000000000004,False,1.0,,,,
20,1.0,noise,9,igdo,False,0,False,False,False,,,,,False,,,0.00015279999934136868,0.01050910004414618,0.0988,False,1.0,False,0.25,,cross_validate;gap_repair;robust_denoise
20,1.0,noise,10,static,False,0,False,False,False,,,,,False,,,0.0,0.0124468999565579,0.056600000000000004,False,1.0,,,,
20,1.0,noise,10,igdo,False,0,False,False,False,,,,,False,,,0.00018049997743219137,0.009450300130993128,0.0988,False,1.0,False,0.25,,cross_validate;gap_repair;robust_denoise
20,1.0,noise,11,static,False,1,False,False,False,,,,,True,,,0.0,0.015517799940425903,0.056600000000000004,False,1.0,,,,
20,1.0,noise,11,igdo,False,1,False,False,False,,,,,True,,,0.00019949994748458266,0.01985499996226281,0.056600000000000004,False,1.0,True,1.0,,
20,1.0,noise,12,static,False,0,False,False,False,,,,,False,,,0.0,0.019668599939905107,0.056600000000000004,False,1.0,,,,
20,1.0,noise,12,igdo,False,0,False,False,False,,,,,False,,,0.00019320001592859626,0.017611999879591167,0.0988,False,1.0,False,0.25,,cross_validate;gap_repair;robust_denoise
20,1.0,noise,13,static,False,0,False,False,False,,,,,False,,,0.0,0.012906900083180517,0.056600000000000004,False,1.0,,,,
20,1.0,noise,13,igdo,False,0,False,False,False,,,,,False,,,0.00019069999689236283,0.008629999996628612,0.0988,False,1.0,False,0.25,,cross_validate;gap_repair;robust_denoise
20,1.0,noise,14,static,False,0,False,False,False,,,,,False,,,0.0,0.01276539993705228,0.056600000000000004,False,1.0,,,,
20,1.0,noise,14,igdo,False,0,False,False,False,,,,,False,,,0.00018879998242482543,0.008051399956457317,0.0988,False,1.0,False,0.25,,cross_validate;gap_repair;robust_denoise
20,1.0,noise,15,static,False,1,False,False,False,,,,,True,,,0.0,0.02153530006762594,0.056600000000000004,False,1.0,,,,
20,1.0,noise,15,igdo,False,0,False,False,False,,,,,False,,,0.00021700002253055573,0.01413460006006062,0.0988,False,1.0,False,0.25,,cross_validate;gap_repair;robust_denoise
20,1.0,noise,16,static,False,0,False,False,False,,,,,False,,,0.0,0.009486999944783747,0.056600000000000004,False,1.0,,,,
20,1.0,noise,16,igdo,False,0,False,False,False,,,,,False,,,0.00014080002438277006,0.012159099976997823,0.0988,False,1.0,False,0.25,,cross_validate;gap_repair;robust_denoise
20,1.0,noise,17,static,False,0,False,False,False,,,,,False,,,0.0,0.020103399932850152,0.056600000000000004,False,1.0,,,,
20,1.0,noise,17,igdo,False,0,False,False,False,,,,,False,,,0.0001981999957934022,0.011214000056497753,0.0988,False,1.0,False,0.25,,cross_validate;gap_repair;robust_denoise
20,1.0,noise,18,static,False,0,False,False,False,,,,,False,,,0.0,0.035203499952331185,0.056600000000000004,False,1.0,,,,
20,1.0,noise,18,igdo,False,0,False,False,False,,,,,False,,,0.00025189999723806977,0.011759699962567538,0.0988,False,1.0,False,0.25,,cross_validate;gap_repair;robust_denoise
20,1.0,noise,19,static,False,1,False,False,False,,,,,True,,,0.0,0.018581600161269307,0.056600000000000004,False,1.0,,,,
20,1.0,noise,19,igdo,False,1,False,False,False,,,,,True,,,0.00017369998386129737,0.030970699968747795,0.056600000000000004,False,1.0,True,1.0,,
20,1.0,noise,20,static,False,0,False,False,False,,,,,False,,,0.0,0.014702700020279735,0.056600000000000004,False,1.0,,,,
20,1.0,noise,20,igdo,False,0,False,False,False,,,,,False,,,0.00028690003091469407,0.011226999980863184,0.0988,False,1.0,False,0.25,,cross_validate;gap_repair;robust_denoise
20,1.0,noise,21,static,False,0,False,False,False,,,,,False,,,0.0,0.012650700111407787,0.056600000000000004,False,1.0,,,,
20,1.0,noise,21,igdo,False,0,False,False,False,,,,,False,,,0.00017339998157694936,0.01161290006712079,0.0988,False,1.0,False,0.25,,cross_validate;gap_repair;robust_denoise
20,1.0,noise,22,static,False,0,False,False,False,,,,,False,,,0.0,0.011124300071969628,0.056600000000000004,False,1.0,,,,
20,1.0,noise,22,igdo,False,0,False,False,False,,,,,False,,,0.00019730004714801908,0.01010020001558587,0.0988,False,1.0,False,0.25,,cross_validate;gap_repair;robust_denoise
20,1.0,noise,23,static,False,0,False,False,False,,,,,False,,,0.0,0.008317500003613532,0.056600000000000004,False,1.0,,,,
20,1.0,noise,23,igdo,False,0,False,False,False,,,,,False,,,0.00014129996998235583,0.015149599930737168,0.056600000000000004,False,1.0,True,1.0,,
20,1.0,noise,24,static,False,0,False,False,False,,,,,False,,,0.0,0.012638899963349104,0.056600000000000004,False,1.0,,,,
20,1.0,noise,24,igdo,False,0,False,False,False,,,,,False,,,0.00019779999274760485,0.008957000100053847,0.0988,False,1.0,False,0.25,,cross_validate;gap_repair;robust_denoise
20,1.0,noise,25,static,False,0,False,False,False,,,,,False,,,0.0,0.01004850008757785,0.056600000000000004,False,1.0,,,,
20,1.0,noise,25,igdo,False,0,False,False,False,,,,,False,,,0.00018879998242482543,0.008060700027272105,0.0988,False,1.0,False,0.25,,cross_validate;gap_repair;robust_denoise
20,1.0,noise,26,static,False,0,False,False,False,,,,,False,,,0.0,0.009356300055515021,0.056600000000000004,False,1.0,,,,
20,1.0,noise,26,igdo,False,0,False,False,False,,,,,False,,,0.00035170000046491623,0.009221699961926788,0.0988,False,1.0,False,0.25,,cross_validate;gap_repair;robust_denoise
20,1.0,noise,27,static,False,0,False,False,False,,,,,False,,,0.0,0.008632999961264431,0.056600000000000004,False,1.0,,,,
20,1.0,noise,27,igdo,False,0,False,False,False,,,,,False,,,0.0019980999641120434,0.010588100063614547,0.0988,False,1.0,False,0.25,,cross_validate;gap_repair;robust_denoise
20,1.0,noise,28,static,False,0,False,False,False,,,,,False,,,0.0,0.008419499965384603,0.056600000000000004,False,1.0,,,,
20,1.0,noise,28,igdo,False,0,False,False,False,,,,,False,,,0.00021210004342719913,0.008565899974200875,0.0988,False,1.0,False,0.25,,cross_validate;gap_repair;robust_denoise
20,1.0,noise,29,static,False,0,False,False,False,,,,,False,,,0.0,0.010639500105753541,0.056600000000000004,False,1.0,,,,
20,1.0,noise,29,igdo,False,0,False,False,False,,,,,False,,,0.00016579998191446066,0.009316799987573177,0.0988,False,1.0,False,0.25,,cross_validate;gap_repair;robust_denoise
20,0.85,event,0,static,True,1,True,True,True,18.406825985674573,26.28838609203561,32.091906864361235,0.22259999999999994,False,7.0,1.655370655936848,0.0,0.017175799992401153,0.056600000000000004,False,1.0,,,,
20,0.85,event,0,igdo,True,1,True,True,True,18.406825985674573,26.28838609203561,32.091906864361235,0.2647999999999999,False,7.0,1.655370655936848,0.0001898000482469797,0.01719539996702224,0.0988,False,1.0,True,1.0,cross_validate;gap_repair;robust_denoise,cross_validate;gap_repair;robust_denoise
20,0.85,event,1,static,True,1,True,True,True,9.103088048489251,21.81922662505397,23.642014773153576,0.9605999999999999,False,7.0,0.8746422864969873,0.0,0.01682820002315566,0.056600000000000004,False,1.0,,,,
20,0.85,event,1,igdo,True,1,True,True,True,17.37671039067889,23.18077337494603,28.970645803332282,1.0028,False,7.0,0.71405500767887,0.00023070001043379307,0.016894799889996648,0.0988,False,1.0,True,1.0,cross_validate;gap_repair;robust_denoise,cross_validate;gap_repair;robust_denoise
20,0.85,event,2,static,True,1,True,True,True,5.22532980986445,10.39140538858392,11.631224250772098,0.6186,False,7.0,0.7115052927311007,0.0,0.02213370002573356,0.056600000000000004,False,1.0,,,,
20,0.85,event,2,igdo,True,1,True,True,True,24.74328708526232,19.60859461141608,31.570987289259183,0.6608,False,7.0,4.5305014460836945,0.00021059997379779816,0.019835399987641722,0.0988,False,1.0,True,1.0,cross_validate;gap_repair;robust_denoise,cross_validate;gap_repair;robust_denoise
20,0.85,event,3,static,True,1,True,True,True,10.733275604093771,5.349522960164691,11.99252271604118,0.21160000000000004,False,7.0,1.8494060368379717,0.0,0.020980400033295155,0.056600000000000004,False,1.0,,,,
20,0.85,event,3,igdo,True,1,True,True,True,10.733275604093771,5.349522960164691,11.99252271604118,0.2538,False,7.0,1.8494060368379717,0.00019079999765381217,0.015994399960618466,0.0988,False,1.0,True,1.0,cross_validate;gap_repair;robust_denoise,cross_validate;gap_repair;robust_denoise
20,0.85,event,4,static,True,1,True,True,True,12.82395039185339,3.469148983678778,13.284904904577836,0.7396,False,7.0,1.5455322420078703,0.0,0.0197663001017645,0.056600000000000004,False,1.0,,,,
20,0.85,event,4,igdo,True,1,True,True,True,9.63170175624165,3.469148983678778,10.237415366788044,0.7818,False,7.0,1.2606733459594723,0.0004457999602891505,0.015341600053943694,0.0988,False,1.0,True,1.0,cross_validate;gap_repair;robust_denoise,cross_validate;gap_repair;robust_denoise
20,0.85,event,5,static,True,2,True,True,True,10.831366170780068,17.810427827709788,20.845379164975103,0.41659999999999986,False,7.0,1.1611439459128463,0.0,0.024978699977509677,0.056600000000000004,False,1.0,,,,
20,0.85,event,5,igdo,True,1,True,True,True,10.831366170780068,17.810427827709788,20.845379164975103,0.4587999999999999,False,7.0,1.1611439459128463,0.00019150000298395753,0.016687700001057237,0.0988,False,1.0,True,1.0,cross_validate;gap_repair;robust_denoise,cross_validate;gap_repair;robust_denoise
20,0.85,event,6,static,True,1,True,True,True,12.174918423373768,6.9529639618994,14.02042604457075,1.0726,False,7.0,1.351924585401444,0.0,0.01731109991669655,0.056600000000000004,False,1.0,,,,
20,0.85,event,6,igdo,True,1,True,True,True,12.174918423373768,6.9529639618994,14.02042604457075,1.1148,False,7.0,1.351924585401444,0.0001993000041693449,0.016945900046266615,0.0988,False,1.0,True,1.0,cross_validate;gap_repair;robust_denoise,cross_validate;gap_repair;robust_denoise
20,0.85,event,7,static,True,1,True,True,True,11.406758139516025,2.5989424885169115,11.699086858042964,0.6886000000000001,False,7.0,1.2987959610909068,0.0,0.019050200004130602,0.056600000000000004,False,1.0,,,,
20,0.85,event,7,igdo,True,1,True,True,True,28.598944801676115,17.59894248851691,33.580089643767224,0.7308000000000001,False,7.0,6.0166753169917175,0.00028249999741092324,0.02289219998056069,0.0988,False,1.0,True,1.0,cross_validate;gap_repair;robust_denoise,cross_validate;gap_repair;robust_denoise
20,0.85,event,8,static,True,1,True,True,True,8.631138026571188,15.649155126765834,17.871558404775577,0.3285999999999998,False,7.0,1.1308663448163052,0.0,0.01922700001159683,0.056600000000000004,False,1.0,,,,
20,0.85,event,8,igdo,True,1,True,True,True,8.631138026571188,15.649155126765834,17.871558404775577,0.3707999999999998,False,7.0,1.1308663448163052,0.00029499997617676854,0.013885799970012158,0.0988,False,1.0,True,1.0,cross_validate;gap_repair;robust_denoise,cross_validate;gap_repair;robust_denoise
20,0.85,event,9,static,True,1,True,True,True,10.957874932663987,5.83577817130643,12.414963950998906,0.9936000000000003,False,7.0,1.0611616210884072,0.0,0.02230239997152239,0.056600000000000004,False,1.0,,,,
20,0.85,event,9,igdo,True,1,True,True,True,10.957874932663987,5.83577817130643,12.414963950998906,1.0358000000000003,False,7.0,0.968382584784654,0.00019310001516714692,0.015243500063661486,0.0988,False,1.0,True,1.0,cross_validate;gap_repair;robust_denoise,cross_validate;gap_repair;robust_denoise
20,0.85,event,10,static,True,1,True,True,True,10.190477556440118,9.99639985784188,14.274937581165492,0.9026000000000001,False,7.0,1.0667198095756447,0.0,0.019890699943061918,0.056600000000000004,False,1.0,,,,
20,0.85,event,10,igdo,True,1,True,True,True,10.190477556440118,20.00360014215812,22.449718293904226,0.9448000000000001,False,7.0,6.036992924627999,0.0002172000240534544,0.015128799946978688,0.0988,False,1.0,True,1.0,cross_validate;gap_repair;robust_denoise,cross_validate;gap_repair;robust_denoise
20,0.85,event,11,static,True,1,True,True,True,16.073994124305944,10.159549246981342,19.01551282532399,0.35860000000000003,False,7.0,0.9216391717122354,0.0,0.019390099972952157,0.056600000000000004,False,1.0,,,,
20,0.85,event,11,igdo,True,1,True,True,True,12.568744863576136,4.840450753018658,13.468604639608008,0.40080000000000005,False,7.0,1.007991664898318,0.00017100002150982618,0.016670600103680044,0.0988,False,1.0,True,1.0,cross_validate;gap_repair;robust_denoise,cross_validate;gap_repair;robust_denoise
20,0.85,event,12,static,True,1,True,True,True,10.276019800277924,2.3382046842680992,10.538680376652346,0.3525999999999998,False,7.0,0.9231804002310632,0.0,0.018071999948006123,0.056600000000000004,False,1.0,,,,
20,0.85,event,12,igdo,True,1,True,True,True,10.276019800277924,2.3382046842680992,10.538680376652346,0.3947999999999998,False,7.0,1.1630331973530812,0.0003534999559633434,0.014823999954387546,0.0988,False,1.0,True,1.0,cross_validate;gap_repair;robust_denoise,cross_validate;gap_repair;robust_denoise
20,0.85,event,13,static,True,1,True,True,True,14.85051484309045,3.746551519912231,15.315823170701808,0.8735999999999999,False,7.0,7.256461388292626,0.0,0.016762099985498935,0.056600000000000004,False,1.0,,,,
20,0.85,event,13,igdo,True,1,True,True,True,14.85051484309045,3.746551519912231,15.315823170701808,0.9158,False,7.0,7.411492216285778,0.0002785999677143991,0.01563410001108423,0.0988,False,1.0,True,1.0,cross_validate;gap_repair;robust_denoise,cross_validate;gap_repair;robust_denoise
20,0.85,event,14,static,True,1,True,True,True,33.75094869207752,21.80624753042281,40.18257046249431,0.3046000000000002,False,7.0,4.737805509663242,0.0,0.015796500025317073,0.056600000000000004,False,1.0,,,,
20,0.85,event,14,igdo,True,1,True,True,True,53.67900818637105,8.193752469577191,54.300768865690955,0.3468000000000002,False,7.0,7.889073652600344,0.0002300000051036477,0.018429399991873652,0.0988,False,1.0,True,1.0,cross_validate;gap_repair;robust_denoise,cross_validate;gap_repair;robust_denoise
20,0.85,event,15,static,True,1,True,True,True,4.51844871365957,16.318676501116954,16.932677919516408,0.5116,False,7.0,1.300305729570778,0.0,0.01610499992966652,0.056600000000000004,False,1.0,,,,
20,0.85,event,15,igdo,True,1,True,True,True,4.51844871365957,16.318676501116954,16.932677919516408,0.5538000000000001,False,7.0,1.300305729570778,0.00019500002963468432,0.016132200020365417,0.0988,False,1.0,True,1.0,cross_validate;gap_repair;robust_denoise,cross_validate;gap_repair;robust_denoise
20,0.85,event,16,static,True,1,True,True,True,11.638341790675602,3.2294682366863015,12.078098555995968,0.5785999999999998,False,7.0,2.1234107338778245,0.0,0.018520599987823516,0.056600000000000004,False,1.0,,,,
20,0.85,event,16,igdo,True,1,True,True,True,11.638341790675602,3.2294682366863015,12.078098555995968,0.6207999999999998,False,7.0,2.153222139019978,0.0006052000098861754,0.015097899944521487,0.0988,False,1.0,True,1.0,cross_validate;gap_repair;robust_denoise,cross_validate;gap_repair;robust_denoise
20,0.85,event,17,static,True,1,True,True,True,6.197953652714164,14.579006085637104,15.841781715647913,0.2766000000000002,False,7.0,0.4788182382762319,0.0,0.018065999960526824,0.056600000000000004,False,1.0,,,,
20,0.85,event,17,igdo,True,1,True,True,True,6.197953652714164,14.579006085637104,15.841781715647913,0.3188000000000002,False,7.0,0.4788182382762319,0.00023779994808137417,0.016245200007688254,0.0988,False,1.0,True,1.0,cross_validate;gap_repair;robust_denoise,cross_validate;gap_repair;robust_denoise
20,0.85,event,18,static,True,1,True,True,True,10.237341737124892,21.429639173070214,23.749370537567195,0.9436,False,7.0,1.999396596339962,0.0,0.018464100023265928,0.056600000000000004,False,1.0,,,,
20,0.85,event,18,igdo,True,1,True,True,True,23.8588043741324,96.42963917307021,99.3373940528522,0.9858,False,7.0,2.5547298504076172,0.00022260000696405768,0.012879099987912923,0.0988,False,1.0,True,1.0,cross_validate;gap_repair;robust_denoise,cross_validate;gap_repair;robust_denoise
20,0.85,event,19,static,True,1,True,True,True,9.889496252898985,13.744527740984097,16.932636503474125,0.7425999999999999,False,7.0,0.9071364618776306,0.0,0.021211400104220957,0.056600000000000004,False,1.0,,,,
20,0.85,event,19,igdo,True,1,True,True,True,9.889496252898985,13.744527740984097,16.932636503474125,0.7847999999999999,False,7.0,0.9071364618776306,0.0007758000283502042,0.014706899994052947,0.0988,False,1.0,True,1.0,cross_validate;gap_repair;robust_denoise,cross_validate;gap_repair;robust_denoise
20,0.85,event,20,static,True,1,True,True,True,15.23390728861141,9.433396351817038,17.918172284261665,0.9345999999999999,False,7.0,1.7981541955669114,0.0,0.017070000059902668,0.056600000000000004,False,1.0,,,,
20,0.85,event,20,igdo,True,1,True,True,True,15.23390728861141,9.433396351817038,17.918172284261665,0.9767999999999999,False,7.0,1.7981541955669114,0.00023830001009628177,0.017386200022883713,0.0988,False,1.0,True,1.0,cross_validate;gap_repair;robust_denoise,cross_validate;gap_repair;robust_denoise
20,0.85,event,21,static,True,1,True,True,True,17.86511342596774,5.342521015892814,18.646844465698454,0.6786000000000001,False,7.0,0.9133811078209808,0.0,0.01922410004772246,0.056600000000000004,False,1.0,,,,
20,0.85,event,21,igdo,True,1,True,True,True,42.457296613609486,24.657478984107186,49.09799696105436,0.7208000000000001,False,7.0,5.9379251125123,0.00023140001576393843,0.016756099939811975,0.0988,False,1.0,True,1.0,cross_validate;gap_repair;robust_denoise,cross_validate;gap_repair;robust_denoise
20,0.85,event,22,static,True,1,True,True,True,16.858560701795092,10.775599719679292,20.008113810523525,1.1496,False,7.0,1.0324002666923537,0.0,0.016080099972896278,0.056600000000000004,False,1.0,,,,
20,0.85,event,22,igdo,True,1,True,True,True,32.03423246519917,10.775599719679292,33.798011760356154,1.1918,False,7.0,15.110314222982012,0.0002175000263378024,0.018625900091137737,0.0988,False,1.0,True,1.0,cross_validate;gap_repair;robust_denoise,cross_validate;gap_repair;robust_denoise
20,0.85,event,23,static,True,1,True,True,True,7.883780055181486,6.492769749102763,10.213229017962014,0.40559999999999996,False,7.0,0.9478673669882469,0.0,0.018758999998681247,0.056600000000000004,False,1.0,,,,
20,0.85,event,23,igdo,True,1,True,True,True,7.883780055181486,6.492769749102763,10.213229017962014,0.4478,False,7.0,0.9478673669882469,0.0001601999974809587,0.017507400014437735,0.0988,False,1.0,True,1.0,cross_validate;gap_repair;robust_denoise,cross_validate;gap_repair;robust_denoise
20,0.85,event,24,static,True,1,True,True,True,8.041004489563642,10.90385590234014,13.548130008978381,1.0625999999999998,False,7.0,1.8113218514365237,0.0,0.01834980008425191,0.056600000000000004,False,1.0,,,,
20,0.85,event,24,igdo,True,1,True,True,True,15.456111582924876,19.09614409765986,24.567338168031434,1.1047999999999998,False,7.0,6.0896739815037,0.00017260003369301558,0.01612440007738769,0.0988,False,1.0,True,1.0,cross_validate;gap_repair;robust_denoise,cross_validate;gap_repair;robust_denoise
20,0.85,event,25,static,True,1,True,True,True,12.85450891440409,19.787696650910476,23.59642638576757,0.7156,False,7.0,1.5239971174730995,0.0,0.020424199930857867,0.056600000000000004,False,1.0,,,,
20,0.85,event,25,igdo,True,1,True,True,True,12.85450891440409,19.787696650910476,23.59642638576757,0.7578,False,7.0,1.5239971174730995,0.0002474000211805105,0.01568170008249581,0.0988,False,1.0,True,1.0,cross_validate;gap_repair;robust_denoise,cross_validate;gap_repair;robust_denoise
20,0.85,event,26,static,True,1,True,True,True,6.372651234237136,4.1052524642148285,7.580486893872056,0.7256,False,7.0,1.1813808058810378,0.0,0.016451100062113255,0.056600000000000004,False,1.0,,,,
20,0.85,event,26,igdo,True,1,True,True,True,6.372651234237136,4.1052524642148285,7.580486893872056,0.7678,False,7.0,1.1813808058810378,0.0005095999804325402,0.017581099935341626,0.0988,False,1.0,True,1.0,cross_validate;gap_repair;robust_denoise,cross_validate;gap_repair;robust_denoise
20,0.85,event,27,static,True,1,True,True,True,8.523321725745301,13.35834067482294,15.845891544030929,0.41659999999999986,False,7.0,1.0812911649025425,0.0,0.017555200029164553,0.056600000000000004,False,1.0,,,,
20,0.85,event,27,igdo,True,1,True,True,True,11.66228877825589,28.35834067482294,30.662753714837002,0.4587999999999999,False,7.0,6.731834377556427,0.00026489997981116176,0.017455200024414808,0.0988,False,1.0,True,1.0,cross_validate;gap_repair;robust_denoise,cross_validate;gap_repair;robust_denoise
20,0.85,event,28,static,True,1,True,True,True,12.400834989821881,3.9137215278389803,13.003765786965749,0.7786,False,7.0,1.308977835553355,0.0,0.014313099964056164,0.056600000000000004,False,1.0,,,,
20,0.85,event,28,igdo,True,1,True,True,True,12.400834989821881,3.9137215278389803,13.003765786965749,0.8208,False,7.0,1.308977835553355,0.0004100000369362533,0.015784599992912263,0.0988,False,1.0,True,1.0,cross_validate;gap_repair;robust_denoise,cross_validate;gap_repair;robust_denoise
20,0.85,event,29,static,True,1,True,True,True,16.447456881133622,14.945441155792466,22.223524679897313,0.29059999999999997,False,7.0,1.716484582740258,0.0,0.015708699997048825,0.056600000000000004,False,1.0,,,,
20,0.85,event,29,igdo,True,1,True,True,True,12.340983483598055,15.054558844207534,19.46637139623477,0.3328,False,7.0,1.9312713906025383,0.00018170004477724433,0.01806410006247461,0.0988,False,1.0,True,1.0,cross_validate;gap_repair;robust_denoise,cross_validate;gap_repair;robust_denoise
20,0.85,noise,0,static,False,1,False,False,False,,,,,True,,,0.0,0.01446769997710362,0.056600000000000004,False,1.0,,,,
20,0.85,noise,0,igdo,False,0,False,False,False,,,,,False,,,0.00014679995365440845,0.010450499947182834,0.0988,False,1.0,True,1.0,cross_validate;gap_repair;robust_denoise,cross_validate;gap_repair;robust_denoise
20,0.85,noise,1,static,False,1,False,False,False,,,,,True,,,0.0,0.01646499993512407,0.056600000000000004,False,1.0,,,,
20,0.85,noise,1,igdo,False,0,False,False,False,,,,,False,,,0.000264700036495924,0.01111810002475977,0.0988,False,1.0,True,1.0,cross_validate;gap_repair;robust_denoise,cross_validate;gap_repair;robust_denoise
20,0.85,noise,2,static,False,0,False,False,False,,,,,False,,,0.0,0.012088899966329336,0.056600000000000004,False,1.0,,,,
20,0.85,noise,2,igdo,False,0,False,False,False,,,,,False,,,0.00020319997565820813,0.007642999989911914,0.0988,False,1.0,True,1.0,cross_validate;gap_repair;robust_denoise,cross_validate;gap_repair;robust_denoise
20,0.85,noise,3,static,False,0,False,False,False,,,,,False,,,0.0,0.010407600027974695,0.056600000000000004,False,1.0,,,,
20,0.85,noise,3,igdo,False,0,False,False,False,,,,,False,,,0.0003360999980941415,0.009987800032831728,0.0988,False,1.0,True,1.0,cross_validate;gap_repair;robust_denoise,cross_validate;gap_repair;robust_denoise
20,0.85,noise,4,static,False,0,False,False,False,,,,,False,,,0.0,0.010612400132231414,0.056600000000000004,False,1.0,,,,
20,0.85,noise,4,igdo,False,0,False,False,False,,,,,False,,,0.0001495999749749899,0.010860200098250061,0.0988,False,1.0,True,1.0,cross_validate;gap_repair;robust_denoise,cross_validate;gap_repair;robust_denoise
20,0.85,noise,5,static,False,0,False,False,False,,,,,False,,,0.0,0.008631900127511472,0.056600000000000004,False,1.0,,,,
20,0.85,noise,5,igdo,False,0,False,False,False,,,,,False,,,0.00016870000399649143,0.01304399996297434,0.0988,False,1.0,True,1.0,cross_validate;gap_repair;robust_denoise,cross_validate;gap_repair;robust_denoise
20,0.85,noise,6,static,False,0,False,False,False,,,,,False,,,0.0,0.013753899955190718,0.056600000000000004,False,1.0,,,,
20,0.85,noise,6,igdo,False,0,False,False,False,,,,,False,,,0.0001680999994277954,0.007288800086826086,0.0988,False,1.0,True,1.0,cross_validate;gap_repair;robust_denoise,cross_validate;gap_repair;robust_denoise
20,0.85,noise,7,static,False,0,False,False,False,,,,,False,,,0.0,0.01166599994758144,0.056600000000000004,False,1.0,,,,
20,0.85,noise,7,igdo,False,0,False,False,False,,,,,False,,,0.0001756999990902841,0.009943399985786527,0.0988,False,1.0,True,1.0,cross_validate;gap_repair;robust_denoise,cross_validate;gap_repair;robust_denoise
20,0.85,noise,8,static,False,0,False,False,False,,,,,False,,,0.0,0.010192299960181117,0.056600000000000004,False,1.0,,,,
20,0.85,noise,8,igdo,False,0,False,False,False,,,,,False,,,0.00018159998580813408,0.008552599989343435,0.0988,False,1.0,True,1.0,cross_validate;gap_repair;robust_denoise,cross_validate;gap_repair;robust_denoise
20,0.85,noise,9,static,False,0,False,False,False,,,,,False,,,0.0,0.012238600058481097,0.056600000000000004,False,1.0,,,,
20,0.85,noise,9,igdo,False,0,False,False,False,,,,,False,,,0.00019400002202019095,0.007200399995781481,0.0988,False,1.0,True,1.0,cross_validate;gap_repair;robust_denoise,cross_validate;gap_repair;robust_denoise
20,0.85,noise,10,static,False,1,False,False,False,,,,,True,,,0.0,0.016192899900488555,0.056600000000000004,False,1.0,,,,
20,0.85,noise,10,igdo,False,0,False,False,False,,,,,False,,,0.0001639999682083726,0.009965600038412958,0.0988,False,1.0,True,1.0,cross_validate;gap_repair;robust_denoise,cross_validate;gap_repair;robust_denoise
20,0.85,noise,11,static,False,0,False,False,False,,,,,False,,,0.0,0.010291800077538937,0.056600000000000004,False,1.0,,,,
20,0.85,noise,11,igdo,False,0,False,False,False,,,,,False,,,0.00022039999021217227,0.007827200053725392,0.0988,False,1.0,True,1.0,cross_validate;gap_repair;robust_denoise,cross_validate;gap_repair;robust_denoise
20,0.85,noise,12,static,False,0,False,False,False,,,,,False,,,0.0,0.012629599950741976,0.056600000000000004,False,1.0,,,,
20,0.85,noise,12,igdo,False,0,False,False,False,,,,,False,,,0.0002825999981723726,0.009232599986717105,0.0988,False,1.0,True,1.0,cross_validate;gap_repair;robust_denoise,cross_validate;gap_repair;robust_denoise
20,0.85,noise,13,static,False,0,False,False,False,,,,,False,,,0.0,0.010575299907941371,0.056600000000000004,False,1.0,,,,
20,0.85,noise,13,igdo,False,0,False,False,False,,,,,False,,,0.00021279999054968357,0.006934300065040588,0.0988,False,1.0,True,1.0,cross_validate;gap_repair;robust_denoise,cross_validate;gap_repair;robust_denoise
20,0.85,noise,14,static,False,0,False,False,False,,,,,False,,,0.0,0.011197000043466687,0.056600000000000004,False,1.0,,,,
20,0.85,noise,14,igdo,False,0,False,False,False,,,,,False,,,0.0001545000122860074,0.009648299950640649,0.0988,False,1.0,True,1.0,cross_validate;gap_repair;robust_denoise,cross_validate;gap_repair;robust_denoise
20,0.85,noise,15,static,False,0,False,False,False,,,,,False,,,0.0,0.009568899928126484,0.056600000000000004,False,1.0,,,,
20,0.85,noise,15,igdo,False,0,False,False,False,,,,,False,,,0.00018470000941306353,0.00826859992230311,0.0988,False,1.0,True,1.0,cross_validate;gap_repair;robust_denoise,cross_validate;gap_repair;robust_denoise
20,0.85,noise,16,static,False,0,False,False,False,,,,,False,,,0.0,0.010548600053880364,0.056600000000000004,False,1.0,,,,
20,0.85,noise,16,igdo,False,0,False,False,False,,,,,False,,,0.0025844999472610652,0.010988500027451664,0.0988,False,1.0,True,1.0,cross_validate;gap_repair;robust_denoise,cross_validate;gap_repair;robust_denoise
20,0.85,noise,17,static,False,0,False,False,False,,,,,False,,,0.0,0.011662700038868934,0.056600000000000004,False,1.0,,,,
20,0.85,noise,17,igdo,False,0,False,False,False,,,,,False,,,0.00014969997573643923,0.01134009996894747,0.0988,False,1.0,True,1.0,cross_validate;gap_repair;robust_denoise,cross_validate;gap_repair;robust_denoise
20,0.85,noise,18,static,False,0,False,False,False,,,,,False,,,0.0,0.010072899982333183,0.056600000000000004,False,1.0,,,,
20,0.85,noise,18,igdo,False,0,False,False,False,,,,,False,,,0.000172999978531152,0.011245999950915575,0.0988,False,1.0,True,1.0,cross_validate;gap_repair;robust_denoise,cross_validate;gap_repair;robust_denoise
20,0.85,noise,19,static,False,0,False,False,False,,,,,False,,,0.0,0.009703999967314303,0.056600000000000004,False,1.0,,,,
20,0.85,noise,19,igdo,False,0,False,False,False,,,,,False,,,0.0002652999828569591,0.008658000093419105,0.0988,False,1.0,True,1.0,cross_validate;gap_repair;robust_denoise,cross_validate;gap_repair;robust_denoise
20,0.85,noise,20,static,False,0,False,False,False,,,,,False,,,0.0,0.010671299940440804,0.056600000000000004,False,1.0,,,,
20,0.85,noise,20,igdo,False,0,False,False,False,,,,,False,,,0.00019120000069960952,0.007106200035195798,0.0988,False,1.0,True,1.0,cross_validate;gap_repair;robust_denoise,cross_validate;gap_repair;robust_denoise
20,0.85,noise,21,static,False,0,False,False,False,,,,,False,,,0.0,0.011237700004130602,0.056600000000000004,False,1.0,,,,
20,0.85,noise,21,igdo,False,0,False,False,False,,,,,False,,,0.00013990001752972603,0.011601300037000328,0.0988,False,1.0,True,1.0,cross_validate;gap_repair;robust_denoise,cross_validate;gap_repair;robust_denoise
20,0.85,noise,22,static,False,0,False,False,False,,,,,False,,,0.0,0.013747200020588934,0.056600000000000004,False,1.0,,,,
20,0.85,noise,22,igdo,False,0,False,False,False,,,,,False,,,0.00015889998758211732,0.011272499919869006,0.0988,False,1.0,True,1.0,cross_validate;gap_repair;robust_denoise,cross_validate;gap_repair;robust_denoise
20,0.85,noise,23,static,False,0,False,False,False,,,,,False,,,0.0,0.007986400043591857,0.056600000000000004,False,1.0,,,,
20,0.85,noise,23,igdo,False,0,False,False,False,,,,,False,,,0.0003305000136606395,0.00833989994134754,0.0988,False,1.0,True,1.0,cross_validate;gap_repair;robust_denoise,cross_validate;gap_repair;robust_denoise
20,0.85,noise,24,static,False,0,False,False,False,,,,,False,,,0.0,0.0086942000198178,0.056600000000000004,False,1.0,,,,
20,0.85,noise,24,igdo,False,0,False,False,False,,,,,False,,,0.00019210000755265355,0.012516799964942038,0.0988,False,1.0,True,1.0,cross_validate;gap_repair;robust_denoise,cross_validate;gap_repair;robust_denoise
20,0.85,noise,25,static,False,0,False,False,False,,,,,False,,,0.0,0.01043500000378117,0.056600000000000004,False,1.0,,,,
20,0.85,noise,25,igdo,False,0,False,False,False,,,,,False,,,0.0002098999684676528,0.007685399963520467,0.0988,False,1.0,True,1.0,cross_validate;gap_repair;robust_denoise,cross_validate;gap_repair;robust_denoise
20,0.85,noise,26,static,False,0,False,False,False,,,,,False,,,0.0,0.009581800026353449,0.056600000000000004,False,1.0,,,,
20,0.85,noise,26,igdo,False,0,False,False,False,,,,,False,,,0.00020329997641965747,0.008386500063352287,0.0988,False,1.0,True,1.0,cross_validate;gap_repair;robust_denoise,cross_validate;gap_repair;robust_denoise
20,0.85,noise,27,static,False,0,False,False,False,,,,,False,,,0.0,0.010166599997319281,0.056600000000000004,False,1.0,,,,
20,0.85,noise,27,igdo,False,0,False,False,False,,,,,False,,,0.0001925000105984509,0.008188600011635572,0.0988,False,1.0,True,1.0,cross_validate;gap_repair;robust_denoise,cross_validate;gap_repair;robust_denoise
20,0.85,noise,28,static,False,0,False,False,False,,,,,False,,,0.0,0.014947200019378215,0.056600000000000004,False,1.0,,,,
20,0.85,noise,28,igdo,False,0,False,False,False,,,,,False,,,0.00017710000975057483,0.010914099984802306,0.0988,False,1.0,True,1.0,cross_validate;gap_repair;robust_denoise,cross_validate;gap_repair;robust_denoise
20,0.85,noise,29,static,False,0,False,False,False,,,,,False,,,0.0,0.01141849992563948,0.056600000000000004,False,1.0,,,,
20,0.85,noise,29,igdo,False,0,False,False,False,,,,,False,,,0.00018740002997219563,0.010843199910596013,0.0988,False,1.0,True,1.0,cross_validate;gap_repair;robust_denoise,cross_validate;gap_repair;robust_denoise
20,0.7,event,0,static,True,1,True,True,True,6.538017306377052,22.24133466633208,23.182377747726203,0.9775999999999998,False,7.0,1.0157168146020685,0.0,0.019082100072409958,0.056600000000000004,False,1.0,,,,
20,0.7,event,0,igdo,True,1,True,True,True,13.604116700324196,7.7586653336679205,15.661062510439706,1.0197999999999998,False,6.0,1.0847081211708471,0.00020399998174980283,0.014266200014390051,0.0988,False,1.0,True,1.0,cross_validate;gap_repair;robust_denoise,cross_validate;gap_repair;robust_denoise
20,0.7,event,1,static,True,1,True,True,True,2.7144582649315465,5.644385223363159,6.263175570090268,0.38860000000000006,False,7.0,1.391454044297398,0.0,0.0198111001518555,0.056600000000000004,False,1.0,,,,
20,0.7,event,1,igdo,True,1,True,True,True,20.92294441663904,9.355614776636841,22.91936148566518,0.43080000000000007,False,6.0,1.2193486794911572,0.00016090000281110406,0.01588889997219667,0.0988,False,1.0,True,1.0,cross_validate;gap_repair;robust_denoise,cross_validate;gap_repair;robust_denoise
20,0.7,event,2,static,True,1,True,True,True,85.03525619252225,11.891262520013129,85.86266313158335,1.0186000000000002,False,7.0,1.0322986231696516,0.0,0.019972699985373765,0.056600000000000004,False,1.0,,,,
20,0.7,event,2,igdo,True,1,True,True,True,85.03525619252225,33.10873747998687,91.2534015434306,1.0608000000000002,False,6.0,7.814442347051682,0.00016020005568861961,0.013747100019827485,0.0988,False,1.0,True,1.0,cross_validate;gap_repair;robust_denoise,cross_validate;gap_repair;robust_denoise
20,0.7,event,3,static,True,1,True,True,True,7.25197667205146,15.880286218053214,17.457796425072363,0.5536000000000001,False,7.0,1.4636474560070392,0.0,0.019541799963917583,0.056600000000000004,False,1.0,,,,
20,0.7,event,3,igdo,True,1,True,True,True,7.25197667205146,15.880286218053214,17.457796425072363,0.5958000000000001,False,6.0,1.0122310193341937,0.00018250005086883903,0.01285170007031411,0.0988,False,1.0,True,1.0,cross_validate;gap_repair;robust_denoise,cross_validate;gap_repair;robust_denoise
20,0.7,event,4,static,True,1,True,True,True,12.34158546488355,3.8726416517355915,12.934917284226533,0.39959999999999996,False,7.0,1.6585779220603285,0.0,0.018563899968285114,0.056600000000000004,False,1.0,,,,
20,0.7,event,4,igdo,True,1,True,True,True,9.925634062378403,3.8726416517355915,10.65436834838198,0.44179999999999997,False,6.0,1.4075537142963794,0.00018400000408291817,0.015855299949180335,0.0988,False,1.0,True,1.0,cross_validate;gap_repair;robust_denoise,cross_validate;gap_repair;robust_denoise
20,0.7,event,5,static,True,1,True,True,True,2.5162680963385884,1.1954600681558247,2.78580866306474,0.7726000000000002,False,7.0,1.666858402896257,0.0,0.017671699984930456,0.056600000000000004,False,1.0,,,,
20,0.7,event,5,igdo,True,1,True,True,True,2.5162680963385884,1.1954600681558247,2.78580866306474,0.8148000000000002,False,6.0,1.2308252057998412,0.00020849995780736208,0.012630900018848479,0.0988,False,1.0,True,1.0,cross_validate;gap_repair;robust_denoise,cross_validate;gap_repair;robust_denoise
20,0.7,event,6,static,True,1,True,True,True,14.3694587386924,12.076952630010851,18.770565502150152,0.5825999999999998,False,7.0,1.5339355375533914,0.0,0.016288399987388402,0.056600000000000004,False,1.0,,,,
20,0.7,event,6,igdo,True,1,True,True,True,14.3694587386924,12.076952630010851,18.770565502150152,0.6247999999999998,False,6.0,1.4064871039171352,0.0010358999716117978,0.014826300088316202,0.0988,False,1.0,True,1.0,cross_validate;gap_repair;robust_denoise,cross_validate;gap_repair;robust_denoise
20,0.7,event,7,static,True,1,True,True,True,12.418123495716392,33.07099605655581,35.325636177252264,0.6095999999999999,False,7.0,0.8363491445777775,0.0,0.019321000087074935,0.056600000000000004,False,1.0,,,,
20,0.7,event,7,igdo,True,1,True,True,True,18.759558835960096,11.929003943444187,22.231108447456133,0.6517999999999999,False,6.0,0.47074555327993534,0.0002730999840423465,0.01135639997664839,0.0988,False,1.0,True,1.0,cross_validate;gap_repair;robust_denoise,cross_validate;gap_repair;robust_denoise
20,0.7,event,8,static,True,1,True,True,True,17.143351196865904,14.621685806605683,22.531937024725096,0.5626,False,7.0,0.554750409620245,0.0,0.01608149998355657,0.056600000000000004,False,1.0,,,,
20,0.7,event,8,igdo,True,1,True,True,True,17.143351196865904,0.37831419339431704,17.147524949333278,0.6048,False,6.0,0.5529317007831016,0.00018430000636726618,0.014296599896624684,0.0988,False,1.0,True,1.0,cross_validate;gap_repair;robust_denoise,cross_validate;gap_repair;robust_denoise
20,0.7,event,9,static,True,1,True,True,True,22.118890844650984,35.44436116139403,41.779756705094904,1.0786,False,7.0,1.4647472423588506,0.0,0.016272999986540526,0.056600000000000004,False,1.0,,,,
20,0.7,event,9,igdo,True,1,True,True,True,100.44173468179872,110.44436116139403,149.28663362216088,1.1208,False,6.0,1.1922429586596561,0.0001753999968059361,0.017934500065166503,0.0988,False,1.0,True,1.0,cross_validate;gap_repair;robust_denoise,cross_validate;gap_repair;robust_denoise
20,0.7,event,10,static,True,1,True,True,True,12.215114554305794,8.828455523383383,15.07151785664509,0.26160000000000005,False,7.0,1.7565979014765383,0.0,0.017394399968907237,0.056600000000000004,False,1.0,,,,
20,0.7,event,10,igdo,True,1,True,True,True,12.215114554305794,8.828455523383383,15.07151785664509,0.30380000000000007,False,6.0,1.769655938427224,0.00017919996753335,0.012976500089280307,0.0988,False,1.0,True,1.0,cross_validate;gap_repair;robust_denoise,cross_validate;gap_repair;robust_denoise
20,0.7,event,11,static,True,1,True,True,True,12.008024614553108,9.023019011184758,15.02023725577978,1.0745999999999998,False,7.0,0.9866756066494178,0.0,0.016992199991364032,0.056600000000000004,False,1.0,,,,
20,0.7,event,11,igdo,True,1,True,True,True,33.96740403793694,20.976980988815242,39.92265357515167,1.1167999999999998,False,6.0,0.42159597942514854,0.0001908999984152615,0.012736200063955039,0.0988,False,1.0,True,1.0,cross_validate;gap_repair;robust_denoise,cross_validate;gap_repair;robust_denoise
20,0.7,event,12,static,True,1,True,True,True,10.903878991822843,3.354010693735347,11.408065778299433,0.6396,False,7.0,1.7080597639712063,0.0,0.01480109995463863,0.056600000000000004,False,1.0,,,,
20,0.7,event,12,igdo,True,1,True,True,True,10.903878991822843,3.354010693735347,11.408065778299433,0.6818,False,6.0,1.847912987805542,0.00018749997252598405,0.014960700005758554,0.0988,False,1.0,True,1.0,cross_validate;gap_repair;robust_denoise,cross_validate;gap_repair;robust_denoise
20,0.7,event,13,static,True,1,True,True,True,10.260320415775162,4.918046342032909,11.37810857993348,0.24259999999999995,False,7.0,1.2666149868908545,0.0,0.01937780005391687,0.056600000000000004,False,1.0,,,,
20,0.7,event,13,igdo,True,1,True,True,True,9.835599580139387,4.918046342032909,10.99664489393112,0.28479999999999994,False,6.0,0.6286787645587113,0.0017865999834612012,0.017423999961465597,0.0988,False,1.0,True,1.0,cross_validate;gap_repair;robust_denoise,cross_validate;gap_repair;robust_denoise
20,0.7,event,14,static,True,1,True,True,True,7.593352134137807,1.2645843145826774,7.697932847310616,1.1056,False,7.0,1.6358265374631296,0.0,0.016021699993871152,0.056600000000000004,False,1.0,,,,
20,0.7,event,14,igdo,True,1,True,True,True,7.593352134137807,1.2645843145826774,7.697932847310616,1.1478,False,6.0,1.9085164279500644,0.00019390002125874162,0.015998100105207413,0.0988,False,1.0,True,1.0,cross_validate;gap_repair;robust_denoise,cross_validate;gap_repair;robust_denoise
20,0.7,event,15,static,True,1,True,True,True,16.15612506688815,6.206972592574516,17.307422856737016,0.24259999999999995,False,7.0,2.2249493499498616,0.0,0.01742220000596717,0.056600000000000004,False,1.0,,,,
20,0.7,event,15,igdo,True,1,True,True,True,7.355987152999172,8.793027407425484,11.46419984049583,0.28479999999999994,False,6.0,1.330920858919832,0.00019300001440569758,0.015009800030384213,0.0988,False,1.0,True,1.0,cross_validate;gap_repair;robust_denoise,cross_validate;gap_repair;robust_denoise
20,0.7,event,16,static,True,1,True,True,True,11.229336805127584,17.690768535895415,20.953789549234767,0.6566000000000001,False,7.0,1.4859587109774568,0.0,0.016971000062767416,0.056600000000000004,False,1.0,,,,
20,0.7,event,16,igdo,True,1,True,True,True,46.40362298301868,2.6907685358954154,46.481571200465076,0.6988000000000001,False,6.0,5.788253420940356,0.00017219997243955731,0.012325699965003878,0.0988,False,1.0,True,1.0,cross_validate;gap_repair;robust_denoise,cross_validate;gap_repair;robust_denoise
20,0.7,event,17,static,True,1,True,True,True,20.41926135333202,13.397632020616015,24.42217799410024,0.20659999999999992,False,7.0,2.026551749509082,0.0,0.05031860002782196,0.056600000000000004,False,1.0,,,,
20,0.7,event,17,igdo,True,1,True,True,True,20.41926135333202,13.397632020616015,24.42217799410024,0.2487999999999999,False,6.0,1.5526371182838177,0.0001829999964684248,0.03994409996084869,0.0988,False,1.0,True,1.0,cross_validate;gap_repair;robust_denoise,cross_validate;gap_repair;robust_denoise
20,0.7,event,18,static,True,1,True,True,True,13.394763114001938,0.7883758639084846,13.417943783718142,0.5566,False,7.0,0.4055815928149274,0.0,0.019979799981229007,0.056600000000000004,False,1.0,,,,
20,0.7,event,18,igdo,True,1,True,True,True,13.394763114001938,0.7883758639084846,13.417943783718142,0.5988,False,6.0,0.41008140967105705,0.00020650000078603625,0.018311700085178018,0.0988,False,1.0,True,1.0,cross_validate;gap_repair;robust_denoise,cross_validate;gap_repair;robust_denoise
20,0.7,event,19,static,True,1,True,True,True,12.184954343511015,26.897864659140694,29.52910827598588,1.1425999999999998,False,7.0,1.336546355162507,0.0,0.019340099941473454,0.056600000000000004,False,1.0,,,,
20,0.7,event,19,igdo,True,1,True,True,True,12.184954343511015,26.897864659140694,29.52910827598588,1.1847999999999999,False,6.0,1.214222044675617,0.00016759999562054873,0.013244800094980747,0.0988,False,1.0,True,1.0,cross_validate;gap_repair;robust_denoise,cross_validate;gap_repair;robust_denoise
20,0.7,event,20,static,True,1,True,True,True,6.877176216344488,3.7269633455705673,7.822135801038028,0.9825999999999999,False,7.0,0.7379563236632105,0.0,0.017749799939338118,0.056600000000000004,False,1.0,,,,
20,0.7,event,20,igdo,True,1,True,True,True,70.10213173963677,18.726963345570567,72.56037507198907,1.0248,False,6.0,6.896134485862276,0.00021919998107478023,0.012941100052557886,0.0988,False,1.0,True,1.0,cross_validate;gap_repair;robust_denoise,cross_validate;gap_repair;robust_denoise
20,0.7,event,21,static,True,1,True,True,True,7.430993925879476,2.8848986941750354,7.971343124098378,0.9625999999999997,False,7.0,0.8173386705371514,0.0,0.017224499955773354,0.056600000000000004,False,1.0,,,,
20,0.7,event,21,igdo,True,1,True,True,True,7.430993925879476,2.8848986941750354,7.971343124098378,1.0047999999999997,False,6.0,0.830151682809483,0.00017519999528303742,0.016835799906402826,0.0988,False,1.0,True,1.0,cross_validate;gap_repair;robust_denoise,cross_validate;gap_repair;robust_denoise
20,0.7,event,22,static,True,1,True,True,True,31.81925714515561,17.030066371923525,36.090002575528544,0.7405999999999999,False,7.0,1.0440683422856305,0.0,0.015297100006137043,0.056600000000000004,False,1.0,,,,
20,0.7,event,22,igdo,True,1,True,True,True,13.483968963338405,2.0300663719235246,13.63593005550733,0.7827999999999999,False,6.0,0.583682957732568,0.00015940004959702492,0.015840300067793578,0.0988,False,1.0,True,1.0,cross_validate;gap_repair;robust_denoise,cross_validate;gap_repair;robust_denoise
20,0.7,event,23,static,True,1,True,True,True,18.495453522946125,25.202034059714407,31.26058735479014,0.9735999999999998,False,7.0,0.5851531321378391,0.0,0.017588700051419437,0.056600000000000004,False,1.0,,,,
20,0.7,event,23,igdo,True,1,True,True,True,83.91070999977737,4.797965940285593,84.04777052266691,1.0157999999999998,False,6.0,0.611690494536273,0.00016200001118704677,0.014961500011850148,0.0988,False,1.0,True,1.0,cross_validate;gap_repair;robust_denoise,cross_validate;gap_repair;robust_denoise
20,0.7,event,24,static,True,1,True,True,True,20.619082543859943,15.156369122956107,25.590273346367507,1.0705999999999998,False,7.0,1.4764270548470384,0.0,0.02035770018119365,0.056600000000000004,False,1.0,,,,
20,0.7,event,24,igdo,True,1,True,True,True,20.619082543859943,15.156369122956107,25.590273346367507,1.1127999999999998,False,6.0,1.5664963353978574,0.00018630002159625292,0.01572570001007989,0.0988,False,1.0,True,1.0,cross_validate;gap_repair;robust_denoise,cross_validate;gap_repair;robust_denoise
20,0.7,event,25,static,True,1,True,True,True,4.189881167964437,2.521046121469709,4.889864798564527,0.7176,False,7.0,0.7155383364608268,0.0,0.01885060011409223,0.056600000000000004,False,1.0,,,,
20,0.7,event,25,igdo,True,1,True,True,True,4.189881167964437,2.521046121469709,4.889864798564527,0.7598,False,6.0,0.7271677635164364,0.00022029998945072293,0.016403699992224574,0.0988,False,1.0,True,1.0,cross_validate;gap_repair;robust_denoise,cross_validate;gap_repair;robust_denoise
20,0.7,event,26,static,True,1,True,True,True,15.529155667066748,19.419651354251428,24.865187199228373,0.2886000000000002,False,7.0,0.6037848732813568,0.0,0.01885510009014979,0.056600000000000004,False,1.0,,,,
20,0.7,event,26,igdo,True,1,True,True,True,29.29602811218991,55.58034864574857,62.82859554958384,0.3308000000000002,False,6.0,0.5167605937404504,0.00020710000535473228,0.014915500010829419,0.0988,False,1.0,True,1.0,cross_validate;gap_repair;robust_denoise,cross_validate;gap_repair;robust_denoise
20,0.7,event,27,static,True,1,True,True,True,22.323849397182315,11.334513654167779,25.03648241436071,0.4266000000000001,False,7.0,1.1633621297681445,0.0,0.015992200060281903,0.056600000000000004,False,1.0,,,,
20,0.7,event,27,igdo,True,1,True,True,True,35.61762841890787,11.334513654167779,37.37762236905806,0.4688000000000001,False,6.0,6.1194878794697525,0.0002117999829351902,0.014298900088761002,0.0988,False,1.0,True,1.0,cross_validate;gap_repair;robust_denoise,cross_validate;gap_repair;robust_denoise
20,0.7,event,28,static,True,1,True,True,True,8.50781143603053,24.841392782774307,26.25790644394795,0.5366,False,7.0,1.6080251703612616,0.0,0.015522300091106445,0.056600000000000004,False,1.0,,,,
20,0.7,event,28,igdo,True,1,True,True,True,8.50781143603053,24.841392782774307,26.25790644394795,0.5788,False,6.0,1.6550325796831067,0.00027840002439916134,0.015979899966623634,0.0988,False,1.0,True,1.0,cross_validate;gap_repair;robust_denoise,cross_validate;gap_repair;robust_denoise
20,0.7,event,29,static,True,1,True,True,True,13.621275269748585,5.6268923921410305,14.7377426347117,0.9816,False,7.0,1.1691960629055,0.0,0.017705599952023476,0.056600000000000004,False,1.0,,,,
20,0.7,event,29,igdo,True,1,True,True,True,13.621275269748585,5.6268923921410305,14.7377426347117,1.0238,False,6.0,1.1948976562135225,0.0002662999904714525,0.01212509989272803,0.0988,False,1.0,True,1.0,cross_validate;gap_repair;robust_denoise,cross_validate;gap_repair;robust_denoise
20,0.7,noise,0,static,False,0,False,False,False,,,,,False,,,0.0,0.009534099895972759,0.056600000000000004,False,1.0,,,,
20,0.7,noise,0,igdo,False,0,False,False,False,,,,,False,,,0.0002106999745592475,0.008923000015784055,0.0988,False,1.0,True,1.0,cross_validate;gap_repair;robust_denoise,cross_validate;gap_repair;robust_denoise
20,0.7,noise,1,static,False,1,False,False,False,,,,,True,,,0.0,0.015883599931839854,0.056600000000000004,False,1.0,,,,
20,0.7,noise,1,igdo,False,0,False,False,False,,,,,False,,,0.00020979996770620346,0.011124399956315756,0.0988,False,1.0,True,1.0,cross_validate;gap_repair;robust_denoise,cross_validate;gap_repair;robust_denoise
20,0.7,noise,2,static,False,1,False,False,False,,,,,True,,,0.0,0.013480699970386922,0.056600000000000004,False,1.0,,,,
20,0.7,noise,2,igdo,False,0,False,False,False,,,,,False,,,0.00015000003622844815,0.006938899925444275,0.0988,False,1.0,True,1.0,cross_validate;gap_repair;robust_denoise,cross_validate;gap_repair;robust_denoise
20,0.7,noise,3,static,False,0,False,False,False,,,,,False,,,0.0,0.018250200024340302,0.056600000000000004,False,1.0,,,,
20,0.7,noise,3,igdo,False,0,False,False,False,,,,,False,,,0.00019180000526830554,0.012461299949791282,0.0988,False,1.0,True,1.0,cross_validate;gap_repair;robust_denoise,cross_validate;gap_repair;robust_denoise
20,0.7,noise,4,static,False,0,False,False,False,,,,,False,,,0.0,0.011997800029348582,0.056600000000000004,False,1.0,,,,
20,0.7,noise,4,igdo,False,0,False,False,False,,,,,False,,,0.00016030005645006895,0.0063717999728396535,0.0988,False,1.0,True,1.0,cross_validate;gap_repair;robust_denoise,cross_validate;gap_repair;robust_denoise
20,0.7,noise,5,static,False,0,False,False,False,,,,,False,,,0.0,0.007815499906428158,0.056600000000000004,False,1.0,,,,
20,0.7,noise,5,igdo,False,0,False,False,False,,,,,False,,,0.00026080000679939985,0.007776999904308468,0.0988,False,1.0,True,1.0,cross_validate;gap_repair;robust_denoise,cross_validate;gap_repair;robust_denoise
20,0.7,noise,6,static,False,0,False,False,False,,,,,False,,,0.0,0.007760400068946183,0.056600000000000004,False,1.0,,,,
20,0.7,noise,6,igdo,False,0,False,False,False,,,,,False,,,0.0032878000056371093,0.007327400031499565,0.0988,False,1.0,True,1.0,cross_validate;gap_repair;robust_denoise,cross_validate;gap_repair;robust_denoise
20,0.7,noise,7,static,False,0,False,False,False,,,,,False,,,0.0,0.010124499909579754,0.056600000000000004,False,1.0,,,,
20,0.7,noise,7,igdo,False,0,False,False,False,,,,,False,,,0.000208800018299371,0.007441899972036481,0.0988,False,1.0,True,1.0,cross_validate;gap_repair;robust_denoise,cross_validate;gap_repair;robust_denoise
20,0.7,noise,8,static,False,0,False,False,False,,,,,False,,,0.0,0.010313100006897002,0.056600000000000004,False,1.0,,,,
20,0.7,noise,8,igdo,False,0,False,False,False,,,,,False,,,0.00016380002489313483,0.00663910002913326,0.0988,False,1.0,True,1.0,cross_validate;gap_repair;robust_denoise,cross_validate;gap_repair;robust_denoise
20,0.7,noise,9,static,False,0,False,False,False,,,,,False,,,0.0,0.008468400046695024,0.056600000000000004,False,1.0,,,,
20,0.7,noise,9,igdo,False,0,False,False,False,,,,,False,,,0.00027469999622553587,0.007370999956037849,0.0988,False,1.0,True,1.0,cross_validate;gap_repair;robust_denoise,cross_validate;gap_repair;robust_denoise
20,0.7,noise,10,static,False,0,False,False,False,,,,,False,,,0.0,0.008770599961280823,0.056600000000000004,False,1.0,,,,
20,0.7,noise,10,igdo,False,0,False,False,False,,,,,False,,,0.0001675000530667603,0.011321900004986674,0.0988,False,1.0,True,1.0,cross_validate;gap_repair;robust_denoise,cross_validate;gap_repair;robust_denoise
20,0.7,noise,11,static,False,0,False,False,False,,,,,False,,,0.0,0.009547499939799309,0.056600000000000004,False,1.0,,,,
20,0.7,noise,11,igdo,False,0,False,False,False,,,,,False,,,0.00018500001169741154,0.006542299990542233,0.0988,False,1.0,True,1.0,cross_validate;gap_repair;robust_denoise,cross_validate;gap_repair;robust_denoise
20,0.7,noise,12,static,False,0,False,False,False,,,,,False,,,0.0,0.014680200023576617,0.056600000000000004,False,1.0,,,,
20,0.7,noise,12,igdo,False,0,False,False,False,,,,,False,,,0.00016960001084953547,0.008955699915532023,0.0988,False,1.0,True,1.0,cross_validate;gap_repair;robust_denoise,cross_validate;gap_repair;robust_denoise
20,0.7,noise,13,static,False,0,False,False,False,,,,,False,,,0.0,0.014041199930943549,0.056600000000000004,False,1.0,,,,
20,0.7,noise,13,igdo,False,0,False,False,False,,,,,False,,,0.0001419999753125012,0.010771899949759245,0.0988,False,1.0,True,1.0,cross_validate;gap_repair;robust_denoise,cross_validate;gap_repair;robust_denoise
20,0.7,noise,14,static,False,0,False,False,False,,,,,False,,,0.0,0.010450400062836707,0.056600000000000004,False,1.0,,,,
20,0.7,noise,14,igdo,False,0,False,False,False,,,,,False,,,0.00016470003174617887,0.00698859995463863,0.0988,False,1.0,True,1.0,cross_validate;gap_repair;robust_denoise,cross_validate;gap_repair;robust_denoise
20,0.7,noise,15,static,False,0,False,False,False,,,,,False,,,0.0,0.01178170001367107,0.056600000000000004,False,1.0,,,,
20,0.7,noise,15,igdo,False,0,False,False,False,,,,,False,,,0.00022679998073726892,0.006439400080125779,0.0988,False,1.0,True,1.0,cross_validate;gap_repair;robust_denoise,cross_validate;gap_repair;robust_denoise
20,0.7,noise,16,static,False,0,False,False,False,,,,,False,,,0.0,0.012045300041791052,0.056600000000000004,False,1.0,,,,
20,0.7,noise,16,igdo,False,0,False,False,False,,,,,False,,,0.00019460002658888698,0.00656530010746792,0.0988,False,1.0,True,1.0,cross_validate;gap_repair;robust_denoise,cross_validate;gap_repair;robust_denoise
20,0.7,noise,17,static,False,0,False,False,False,,,,,False,,,0.0,0.009416899993084371,0.056600000000000004,False,1.0,,,,
20,0.7,noise,17,igdo,False,0,False,False,False,,,,,False,,,0.00016729999333620071,0.007032900000922382,0.0988,False,1.0,True,1.0,cross_validate;gap_repair;robust_denoise,cross_validate;gap_repair;robust_denoise
20,0.7,noise,18,static,False,0,False,False,False,,,,,False,,,0.0,0.008598300046287477,0.056600000000000004,False,1.0,,,,
20,0.7,noise,18,igdo,False,0,False,False,False,,,,,False,,,0.00018890004139393568,0.006447599967941642,0.0988,False,1.0,True,1.0,cross_validate;gap_repair;robust_denoise,cross_validate;gap_repair;robust_denoise
20,0.7,noise,19,static,False,0,False,False,False,,,,,False,,,0.0,0.018663199967704713,0.056600000000000004,False,1.0,,,,
20,0.7,noise,19,igdo,False,0,False,False,False,,,,,False,,,0.00019839999731630087,0.011174499930348247,0.0988,False,1.0,True,1.0,cross_validate;gap_repair;robust_denoise,cross_validate;gap_repair;robust_denoise
20,0.7,noise,20,static,False,0,False,False,False,,,,,False,,,0.0,0.014914099941961467,0.056600000000000004,False,1.0,,,,
20,0.7,noise,20,igdo,False,0,False,False,False,,,,,False,,,0.00020819995552301407,0.0062451999401673675,0.0988,False,1.0,True,1.0,cross_validate;gap_repair;robust_denoise,cross_validate;gap_repair;robust_denoise
20,0.7,noise,21,static,False,0,False,False,False,,,,,False,,,0.0,0.011299900070298463,0.056600000000000004,False,1.0,,,,
20,0.7,noise,21,igdo,False,0,False,False,False,,,,,False,,,0.00014750001719221473,0.010946400056127459,0.0988,False,1.0,True,1.0,cross_validate;gap_repair;robust_denoise,cross_validate;gap_repair;robust_denoise
20,0.7,noise,22,static,False,0,False,False,False,,,,,False,,,0.0,0.009501699998509139,0.056600000000000004,False,1.0,,,,
20,0.7,noise,22,igdo,False,0,False,False,False,,,,,False,,,0.00023589999182149768,0.007717400032561272,0.0988,False,1.0,True,1.0,cross_validate;gap_repair;robust_denoise,cross_validate;gap_repair;robust_denoise
20,0.7,noise,23,static,False,0,False,False,False,,,,,False,,,0.0,0.010244700068142265,0.056600000000000004,False,1.0,,,,
20,0.7,noise,23,igdo,False,0,False,False,False,,,,,False,,,0.0002704000216908753,0.007079000119119883,0.0988,False,1.0,True,1.0,cross_validate;gap_repair;robust_denoise,cross_validate;gap_repair;robust_denoise
20,0.7,noise,24,static,False,0,False,False,False,,,,,False,,,0.0,0.011029399931430817,0.056600000000000004,False,1.0,,,,
20,0.7,noise,24,igdo,False,0,False,False,False,,,,,False,,,0.00019120000069960952,0.006661499966867268,0.0988,False,1.0,True,1.0,cross_validate;gap_repair;robust_denoise,cross_validate;gap_repair;robust_denoise
20,0.7,noise,25,static,False,0,False,False,False,,,,,False,,,0.0,0.010797699971590191,0.056600000000000004,False,1.0,,,,
20,0.7,noise,25,igdo,False,0,False,False,False,,,,,False,,,0.0010153999901376665,0.006789900013245642,0.0988,False,1.0,True,1.0,cross_validate;gap_repair;robust_denoise,cross_validate;gap_repair;robust_denoise
20,0.7,noise,26,static,False,0,False,False,False,,,,,False,,,0.0,0.008659700048156083,0.056600000000000004,False,1.0,,,,
20,0.7,noise,26,igdo,False,0,False,False,False,,,,,False,,,0.00019650004105642438,0.006502500153146684,0.0988,False,1.0,True,1.0,cross_validate;gap_repair;robust_denoise,cross_validate;gap_repair;robust_denoise
20,0.7,noise,27,static,False,0,False,False,False,,,,,False,,,0.0,0.009116200031712651,0.056600000000000004,False,1.0,,,,
20,0.7,noise,27,igdo,False,0,False,False,False,,,,,False,,,0.00037109997356310487,0.00767469999846071,0.0988,False,1.0,True,1.0,cross_validate;gap_repair;robust_denoise,cross_validate;gap_repair;robust_denoise
20,0.7,noise,28,static,False,0,False,False,False,,,,,False,,,0.0,0.0095293999183923,0.056600000000000004,False,1.0,,,,
20,0.7,noise,28,igdo,False,0,False,False,False,,,,,False,,,0.00016529997810721397,0.008058899955358356,0.0988,False,1.0,True,1.0,cross_validate;gap_repair;robust_denoise,cross_validate;gap_repair;robust_denoise
20,0.7,noise,29,static,False,0,False,False,False,,,,,False,,,0.0,0.008148399996571243,0.056600000000000004,False,1.0,,,,
20,0.7,noise,29,igdo,False,0,False,False,False,,,,,False,,,0.00038759998278692365,0.009196300059556961,0.0988,False,1.0,True,1.0,cross_validate;gap_repair;robust_denoise,cross_validate;gap_repair;robust_denoise
10,1.0,event,0,static,True,1,True,True,True,9.58113704427243,9.736405377096503,13.660006468822887,0.38260000000000005,False,8.0,0.7023893992149578,0.0,0.01812310004606843,0.056600000000000004,False,1.0,,,,
10,1.0,event,0,igdo,True,1,True,True,True,9.58113704427243,9.736405377096503,13.660006468822887,0.38260000000000005,False,8.0,0.7023893992149578,0.00018569995881989598,0.017297300044447184,0.056600000000000004,False,1.0,True,1.0,,
10,1.0,event,1,static,True,1,True,True,True,52.74264913546895,39.52641607244212,65.90997348929064,0.4705999999999999,False,8.0,2.226474770275814,0.0,0.017915300035383552,0.056600000000000004,False,1.0,,,,
10,1.0,event,1,igdo,True,1,True,True,True,52.74264913546895,39.52641607244212,65.90997348929064,0.4705999999999999,False,8.0,2.226474770275814,0.00015549996169283986,0.02197700005490333,0.056600000000000004,False,1.0,True,1.0,,
10,1.0,event,2,static,True,1,True,True,True,20.895255286632548,22.338864746850817,30.58817699163583,1.0756,False,8.0,1.8317575677900924,0.0,0.018918199988547713,0.056600000000000004,False,1.0,,,,
10,1.0,event,2,igdo,True,1,True,True,True,20.895255286632548,22.338864746850817,30.58817699163583,1.0756,False,8.0,1.8317575677900924,0.00028089998522773385,0.016097899992018938,0.056600000000000004,False,1.0,True,1.0,,
10,1.0,event,3,static,True,2,True,True,False,52.64314230168327,157.58017123726944,166.140936552562,1.0636,False,8.0,100.8259754235991,0.0,0.02107280003838241,0.056600000000000004,False,1.0,,,,
10,1.0,event,3,igdo,True,2,True,True,False,52.64314230168327,157.58017123726944,166.140936552562,1.0636,False,8.0,100.8259754235991,0.00025179999647662044,0.02378010004758835,0.056600000000000004,False,1.0,True,1.0,,
10,1.0,event,4,static,True,1,True,True,True,3.3159833446804945,6.717153816425565,7.4910547278550155,0.1955999999999998,False,8.0,0.6823224112559244,0.0,0.015909599896986037,0.056600000000000004,False,1.0,,,,
10,1.0,event,4,igdo,True,1,True,True,True,3.3159833446804945,6.717153816425565,7.4910547278550155,0.1955999999999998,False,8.0,0.6823224112559244,0.00018339999951422215,0.017519800050649792,0.056600000000000004,False,1.0,True,1.0,,
10,1.0,event,5,static,True,2,True,True,True,13.268891577283796,6.99355441737697,14.999109542853729,1.1056,False,8.0,1.143358625960314,0.0,0.027237199945375323,0.056600000000000004,False,1.0,,,,
10,1.0,event,5,igdo,True,2,True,True,True,13.268891577283796,6.99355441737697,14.999109542853729,1.1056,False,8.0,1.143358625960314,0.00016649998724460602,0.027746299980208278,0.056600000000000004,False,1.0,True,1.0,,
10,1.0,event,6,static,True,1,True,True,True,16.53084895123414,3.5506164264076006,16.90786337938636,1.0086,False,8.0,2.4495631427535143,0.0,0.021157999930437654,0.056600000000000004,False,1.0,,,,
10,1.0,event,6,igdo,True,1,True,True,True,16.53084895123414,3.5506164264076006,16.90786337938636,1.0086,False,8.0,2.4495631427535143,0.00019120000069960952,0.017424800025764853,0.056600000000000004,False,1.0,True,1.0,,
10,1.0,event,7,static,True,1,True,True,True,4.80520128524573,12.6060459784008,13.490824830279363,0.7786,False,8.0,0.9111833092444537,0.0,0.01710359996650368,0.056600000000000004,False,1.0,,,,
10,1.0,event,7,igdo,True,1,True,True,True,4.80520128524573,12.6060459784008,13.490824830279363,0.7786,False,8.0,0.9111833092444537,0.00030449999030679464,0.01823590009007603,0.056600000000000004,False,1.0,True,1.0,,
10,1.0,event,8,static,True,1,True,True,True,5.40393892212938,13.137929267358487,14.205905156244691,0.7315999999999998,False,8.0,1.6370214874063416,0.0,0.021057299978565425,0.056600000000000004,False,1.0,,,,
10,1.0,event,8,igdo,True,1,True,True,True,5.40393892212938,13.137929267358487,14.205905156244691,0.7315999999999998,False,8.0,1.6370214874063416,0.00019639998208731413,0.01836310001090169,0.056600000000000004,False,1.0,True,1.0,,
10,1.0,event,9,static,True,2,True,True,True,4.333834006652737,5.11018061416577,6.700452455365635,0.5526,False,8.0,1.3966003672429221,0.0,0.02162419998785481,0.056600000000000004,False,1.0,,,,
10,1.0,event,9,igdo,True,2,True,True,True,4.333834006652737,5.11018061416577,6.700452455365635,0.5526,False,8.0,1.3966003672429221,0.0001824999926611781,0.021025999973062426,0.056600000000000004,False,1.0,True,1.0,,
10,1.0,event,10,static,True,2,True,True,True,87.835054936672,2.720119056243391,87.87716383343471,0.8285999999999998,False,8.0,2.1569393787934463,0.0,0.024915300018619746,0.056600000000000004,False,1.0,,,,
10,1.0,event,10,igdo,True,2,True,True,True,87.835054936672,2.720119056243391,87.87716383343471,0.8285999999999998,False,8.0,2.1569393787934463,0.00015680002979934216,0.02667360007762909,0.056600000000000004,False,1.0,True,1.0,,
10,1.0,event,11,static,True,1,True,True,True,7.624732064316135,0.5857405958621911,7.647197597698884,0.9166000000000001,False,8.0,1.3938699117435032,0.0,0.01611990004312247,0.056600000000000004,False,1.0,,,,
10,1.0,event,11,igdo,True,1,True,True,True,7.624732064316135,0.5857405958621911,7.647197597698884,0.9166000000000001,False,8.0,1.3938699117435032,0.00016649998724460602,0.01714240002911538,0.056600000000000004,False,1.0,True,1.0,,
10,1.0,event,12,static,True,1,True,True,True,35.87735741730773,41.83859913464235,55.114908625512044,0.8726,False,8.0,4.336575997784745,0.0,0.01830929989228025,0.056600000000000004,False,1.0,,,,
10,1.0,event,12,igdo,True,1,True,True,True,35.87735741730773,41.83859913464235,55.114908625512044,0.8726,False,8.0,4.336575997784745,0.00025919999461621046,0.016436399950180203,0.056600000000000004,False,1.0,True,1.0,,
10,1.0,event,13,static,True,2,True,True,True,0.24424622099172716,1.7238375647717277,1.7410549003942581,0.20560000000000003,False,8.0,0.6865973532204578,0.0,0.0289027999388054,0.056600000000000004,False,1.0,,,,
10,1.0,event,13,igdo,True,2,True,True,True,0.24424622099172716,1.7238375647717277,1.7410549003942581,0.20560000000000003,False,8.0,0.6865973532204578,0.00017770001431927085,0.025297500018496066,0.056600000000000004,False,1.0,True,1.0,,
10,1.0,event,14,static,True,1,True,True,True,11.25039267103133,6.992334939543724,13.246285636326864,0.24359999999999984,False,8.0,0.8966346339231482,0.0,0.018030300096143037,0.056600000000000004,False,1.0,,,,
10,1.0,event,14,igdo,True,1,True,True,True,11.25039267103133,6.992334939543724,13.246285636326864,0.24359999999999984,False,8.0,0.8966346339231482,0.00040740001713857055,0.01818670006468892,0.056600000000000004,False,1.0,True,1.0,,
10,1.0,event,15,static,True,1,True,True,True,11.120680344863047,13.465036739987525,17.463583416407904,0.8326,False,8.0,0.7862621911147869,0.0,0.017989400017540902,0.056600000000000004,False,1.0,,,,
10,1.0,event,15,igdo,True,1,True,True,True,11.120680344863047,13.465036739987525,17.463583416407904,0.8326,False,8.0,0.7862621911147869,0.0001821999903768301,0.016966199968010187,0.056600000000000004,False,1.0,True,1.0,,
10,1.0,event,16,static,True,1,True,True,True,22.429001351340823,10.316801338980994,24.687982734246404,1.0136,False,8.0,0.8170515255943879,0.0,0.02284589991904795,0.056600000000000004,False,1.0,,,,
10,1.0,event,16,igdo,True,1,True,True,True,22.429001351340823,10.316801338980994,24.687982734246404,1.0136,False,8.0,0.8170515255943879,0.00019809999503195286,0.02237390010850504,0.056600000000000004,False,1.0,True,1.0,,
10,1.0,event,17,static,True,1,True,True,True,7.180620918541077,4.790725061305324,8.632054412989332,0.29959999999999987,False,8.0,0.7342100690646151,0.0,0.02140350005356595,0.056600000000000004,False,1.0,,,,
10,1.0,event,17,igdo,True,1,True,True,True,7.180620918541077,4.790725061305324,8.632054412989332,0.29959999999999987,False,8.0,0.7342100690646151,0.00019620003877207637,0.01794069999596104,0.056600000000000004,False,1.0,True,1.0,,
10,1.0,event,18,static,True,1,True,True,True,25.40281543643887,16.472165388984365,30.275984950118985,0.49060000000000015,False,8.0,1.4890123541184415,0.0,0.016693499987013638,0.056600000000000004,False,1.0,,,,
10,1.0,event,18,igdo,True,1,True,True,True,25.40281543643887,16.472165388984365,30.275984950118985,0.49060000000000015,False,8.0,1.4890123541184415,0.00020970002515241504,0.01707580010406673,0.056600000000000004,False,1.0,True,1.0,,
10,1.0,event,19,static,True,1,True,True,True,18.45564628876001,14.012076282428083,23.172163508839756,0.42859999999999987,False,8.0,1.4598541025539251,0.0,0.02094109996687621,0.056600000000000004,False,1.0,,,,
10,1.0,event,19,igdo,True,1,True,True,True,18.45564628876001,14.012076282428083,23.172163508839756,0.42859999999999987,False,8.0,1.4598541025539251,0.0004126999992877245,0.020202099985908717,0.056600000000000004,False,1.0,True,1.0,,
10,1.0,event,20,static,True,1,True,True,True,16.065678748077136,22.696235986787045,27.806926504098662,0.3186,False,8.0,0.6753100792289491,0.0,0.019528099976014346,0.056600000000000004,False,1.0,,,,
10,1.0,event,20,igdo,True,1,True,True,True,16.065678748077136,22.696235986787045,27.806926504098662,0.3186,False,8.0,0.6753100792289491,0.00015210005221888423,0.016678899934049696,0.056600000000000004,False,1.0,True,1.0,,
10,1.0,event,21,static,True,1,True,True,True,25.442846377218604,23.170319545444016,34.41223822439817,0.5956000000000001,False,8.0,1.316224559319508,0.0,0.020072300045285374,0.056600000000000004,False,1.0,,,,
10,1.0,event,21,igdo,True,1,True,True,True,25.442846377218604,23.170319545444016,34.41223822439817,0.5956000000000001,False,8.0,1.316224559319508,0.00015460001304745674,0.016554600151721388,0.056600000000000004,False,1.0,True,1.0,,
10,1.0,event,22,static,True,1,True,True,True,37.363123277144034,47.95449619820231,60.79174850788931,0.6436,False,8.0,2.0408742156503132,0.0,0.018898900016210973,0.056600000000000004,False,1.0,,,,
10,1.0,event,22,igdo,True,1,True,True,True,37.363123277144034,47.95449619820231,60.79174850788931,0.6436,False,8.0,2.0408742156503132,0.0002133999951183796,0.017685600032564253,0.056600000000000004,False,1.0,True,1.0,,
10,1.0,event,23,static,True,1,True,True,True,14.889118877474408,11.34073648989687,18.716254034417336,0.6386000000000001,False,8.0,1.4459248695752012,0.0,0.017857099941466004,0.056600000000000004,False,1.0,,,,
10,1.0,event,23,igdo,True,1,True,True,True,14.889118877474408,11.34073648989687,18.716254034417336,0.6386000000000001,False,8.0,1.4459248695752012,0.00017230003140866756,0.01825179997831583,0.056600000000000004,False,1.0,True,1.0,,
10,1.0,event,24,static,True,1,True,True,True,7.655583367088211,2.4145262795328506,8.027321710570247,0.36959999999999993,False,8.0,0.9577142645198125,0.0,0.01610390009591356,0.056600000000000004,False,1.0,,,,
10,1.0,event,24,igdo,True,1,True,True,True,7.655583367088211,2.4145262795328506,8.027321710570247,0.36959999999999993,False,8.0,0.9577142645198125,0.00015650002751499414,0.017357900040224195,0.056600000000000004,False,1.0,True,1.0,,
10,1.0,event,25,static,True,1,True,True,True,10.7590783673852,8.81974634226934,13.912070042143606,0.3526,False,8.0,1.474278564962279,0.0,0.016807699983473867,0.056600000000000004,False,1.0,,,,
10,1.0,event,25,igdo,True,1,True,True,True,10.7590783673852,8.81974634226934,13.912070042143606,0.3526,False,8.0,1.474278564962279,0.00020079995738342404,0.017964899947401136,0.056600000000000004,False,1.0,True,1.0,,
10,1.0,event,26,static,True,2,True,True,True,6.548836363731748,0.24669551002907042,6.553481242332489,0.19660000000000014,False,8.0,0.950381824862521,0.0,0.022120100038591772,0.056600000000000004,False,1.0,,,,
10,1.0,event,26,igdo,True,2,True,True,True,6.548836363731748,0.24669551002907042,6.553481242332489,0.19660000000000014,False,8.0,0.950381824862521,0.00017829996068030596,0.017914599913638085,0.056600000000000004,False,1.0,True,1.0,,
10,1.0,event,27,static,True,1,True,True,True,4.930308515554035,4.361081363220364,6.582322744683113,1.0236,False,8.0,1.0495185925727948,0.0,0.01754520006943494,0.056600000000000004,False,1.0,,,,
10,1.0,event,27,igdo,True,1,True,True,True,4.930308515554035,4.361081363220364,6.582322744683113,1.0236,False,8.0,1.0495185925727948,0.00021949998335912824,0.020019200048409402,0.056600000000000004,False,1.0,True,1.0,,
10,1.0,event,28,static,True,2,True,True,True,8.23898907556597,4.922180017555121,9.597332812428373,1.0555999999999996,False,8.0,0.8312310449074317,0.0,0.029219699907116592,0.056600000000000004,False,1.0,,,,
10,1.0,event,28,igdo,True,2,True,True,True,8.23898907556597,4.922180017555121,9.597332812428373,1.0555999999999996,False,8.0,0.8312310449074317,0.00017419998766854405,0.023849599936511368,0.056600000000000004,False,1.0,True,1.0,,
10,1.0,event,29,static,True,1,True,True,True,5.4244902650625235,26.035603885012932,26.594694288392535,0.7176,False,8.0,2.361327843921587,0.0,0.019540100009180605,0.056600000000000004,False,1.0,,,,
10,1.0,event,29,igdo,True,1,True,True,True,5.4244902650625235,26.035603885012932,26.594694288392535,0.755,False,8.0,2.361327843921587,0.00017660000594332814,0.018107299983967096,0.094,False,1.0,False,0.5,,cross_validate;robust_denoise
10,1.0,noise,0,static,False,0,False,False,False,,,,,False,,,0.0,0.01276710000820458,0.056600000000000004,False,1.0,,,,
10,1.0,noise,0,igdo,False,0,False,False,False,,,,,False,,,0.0001433999859727919,0.009551599971018732,0.056600000000000004,False,1.0,True,1.0,,
10,1.0,noise,1,static,False,0,False,False,False,,,,,False,,,0.0,0.010255500033963472,0.056600000000000004,False,1.0,,,,
10,1.0,noise,1,igdo,False,0,False,False,False,,,,,False,,,0.000146100006531924,0.0120067999814637,0.056600000000000004,False,1.0,True,1.0,,
10,1.0,noise,2,static,False,0,False,False,False,,,,,False,,,0.0,0.010636499966494739,0.056600000000000004,False,1.0,,,,
10,1.0,noise,2,igdo,False,0,False,False,False,,,,,False,,,0.00018419994739815593,0.007991099962964654,0.056600000000000004,False,1.0,True,1.0,,
10,1.0,noise,3,static,False,0,False,False,False,,,,,False,,,0.0,0.010878700006287545,0.056600000000000004,False,1.0,,,,
10,1.0,noise,3,igdo,False,0,False,False,False,,,,,False,,,0.00016029999824240804,0.0075638999696820974,0.056600000000000004,False,1.0,True,1.0,,
10,1.0,noise,4,static,False,0,False,False,False,,,,,False,,,0.0,0.008706300111953169,0.056600000000000004,False,1.0,,,,
10,1.0,noise,4,igdo,False,0,False,False,False,,,,,False,,,0.0001357999863103032,0.011557500052731484,0.056600000000000004,False,1.0,True,1.0,,
10,1.0,noise,5,static,False,0,False,False,False,,,,,False,,,0.0,0.008165500068571419,0.056600000000000004,False,1.0,,,,
10,1.0,noise,5,igdo,False,0,False,False,False,,,,,False,,,0.0001373999984934926,0.01329139998415485,0.056600000000000004,False,1.0,True,1.0,,
10,1.0,noise,6,static,False,1,False,False,False,,,,,True,,,0.0,0.012492200068663806,0.056600000000000004,False,1.0,,,,
10,1.0,noise,6,igdo,False,1,False,False,False,,,,,True,,,0.00021319999359548092,0.015336500015109777,0.056600000000000004,False,1.0,True,1.0,,
10,1.0,noise,7,static,False,1,False,False,False,,,,,True,,,0.0,0.017621100007090718,0.056600000000000004,False,1.0,,,,
10,1.0,noise,7,igdo,False,1,False,False,False,,,,,True,,,0.00016359996516257524,0.018614300061017275,0.056600000000000004,False,1.0,True,1.0,,
10,1.0,noise,8,static,False,1,False,False,False,,,,,True,,,0.0,0.017045499989762902,0.056600000000000004,False,1.0,,,,
10,1.0,noise,8,igdo,False,1,False,False,False,,,,,True,,,0.00016250001499429345,0.01521640009013936,0.056600000000000004,False,1.0,True,1.0,,
10,1.0,noise,9,static,False,0,False,False,False,,,,,False,,,0.0,0.008805999939795583,0.056600000000000004,False,1.0,,,,
10,1.0,noise,9,igdo,False,0,False,False,False,,,,,False,,,0.00014519999967887998,0.01168689999030903,0.056600000000000004,False,1.0,True,1.0,,
10,1.0,noise,10,static,False,0,False,False,False,,,,,False,,,0.0,0.009483400033786893,0.056600000000000004,False,1.0,,,,
10,1.0,noise,10,igdo,False,0,False,False,False,,,,,False,,,0.00018400000408291817,0.013340000121388584,0.056600000000000004,False,1.0,True,1.0,,
10,1.0,noise,11,static,False,0,False,False,False,,,,,False,,,0.0,0.00978429993847385,0.056600000000000004,False,1.0,,,,
10,1.0,noise,11,igdo,False,0,False,False,False,,,,,False,,,0.00015790003817528486,0.012209399952553213,0.056600000000000004,False,1.0,True,1.0,,
10,1.0,noise,12,static,False,0,False,False,False,,,,,False,,,0.0,0.009984900068957359,0.056600000000000004,False,1.0,,,,
10,1.0,noise,12,igdo,False,0,False,False,False,,,,,False,,,0.00014349998673424125,0.010015200008638203,0.056600000000000004,False,1.0,True,1.0,,
10,1.0,noise,13,static,False,1,False,False,False,,,,,True,,,0.0,0.016123800131026655,0.056600000000000004,False,1.0,,,,
10,1.0,noise,13,igdo,False,1,False,False,False,,,,,True,,,0.00014019996160641313,0.016026599914766848,0.056600000000000004,False,1.0,True,1.0,,
10,1.0,noise,14,static,False,1,False,False,False,,,,,True,,,0.0,0.015845500049181283,0.056600000000000004,False,1.0,,,,
10,1.0,noise,14,igdo,False,1,False,False,False,,,,,True,,,0.00018400000408291817,0.017828999960329384,0.056600000000000004,False,1.0,True,1.0,,
10,1.0,noise,15,static,False,0,False,False,False,,,,,False,,,0.0,0.010013399936724454,0.056600000000000004,False,1.0,,,,
10,1.0,noise,15,igdo,False,0,False,False,False,,,,,False,,,0.00015279999934136868,0.010398599959444255,0.056600000000000004,False,1.0,True,1.0,,
10,1.0,noise,16,static,False,0,False,False,False,,,,,False,,,0.0,0.009126000048127025,0.056600000000000004,False,1.0,,,,
10,1.0,noise,16,igdo,False,0,False,False,False,,,,,False,,,0.0001476999605074525,0.010272799932863563,0.056600000000000004,False,1.0,True,1.0,,
10,1.0,noise,17,static,False,1,False,False,False,,,,,True,,,0.0,0.016427700000349432,0.056600000000000004,False,1.0,,,,
10,1.0,noise,17,igdo,False,1,False,False,False,,,,,True,,,0.00018510001245886087,0.013432400010060519,0.056600000000000004,False,1.0,True,1.0,,
10,1.0,noise,18,static,False,1,False,False,False,,,,,True,,,0.0,0.016793500049971044,0.056600000000000004,False,1.0,,,,
10,1.0,noise,18,igdo,False,1,False,False,False,,,,,True,,,0.000152900000102818,0.012608999968506396,0.056600000000000004,False,1.0,True,1.0,,
10,1.0,noise,19,static,False,0,False,False,False,,,,,False,,,0.0,0.00939800002379343,0.056600000000000004,False,1.0,,,,
10,1.0,noise,19,igdo,False,0,False,False,False,,,,,False,,,0.00013869995018467307,0.011455100087914616,0.056600000000000004,False,1.0,True,1.0,,
10,1.0,noise,20,static,False,1,False,False,False,,,,,True,,,0.0,0.014427199901547283,0.056600000000000004,False,1.0,,,,
10,1.0,noise,20,igdo,False,1,False,False,False,,,,,True,,,0.00018089998047798872,0.015146900026593357,0.056600000000000004,False,1.0,True,1.0,,
10,1.0,noise,21,static,False,2,False,False,False,,,,,True,,,0.0,0.02042710001114756,0.056600000000000004,False,1.0,,,,
10,1.0,noise,21,igdo,False,2,False,False,False,,,,,True,,,0.0001542000100016594,0.020473800017498434,0.056600000000000004,False,1.0,True,1.0,,
10,1.0,noise,22,static,False,1,False,False,False,,,,,True,,,0.0,0.0180114998947829,0.056600000000000004,False,1.0,,,,
10,1.0,noise,22,igdo,False,1,False,False,False,,,,,True,,,0.00015799998072907329,0.016358799999579787,0.056600000000000004,False,1.0,True,1.0,,
10,1.0,noise,23,static,False,1,False,False,False,,,,,True,,,0.0,0.015184600022621453,0.056600000000000004,False,1.0,,,,
10,1.0,noise,23,igdo,False,1,False,False,False,,,,,True,,,0.00015029998030513525,0.014846199890598655,0.056600000000000004,False,1.0,True,1.0,,
10,1.0,noise,24,static,False,0,False,False,False,,,,,False,,,0.0,0.03681469999719411,0.056600000000000004,False,1.0,,,,
10,1.0,noise,24,igdo,False,0,False,False,False,,,,,False,,,0.00018269999418407679,0.011176800064276904,0.056600000000000004,False,1.0,True,1.0,,
10,1.0,noise,25,static,False,0,False,False,False,,,,,False,,,0.0,0.009877899894490838,0.056600000000000004,False,1.0,,,,
10,1.0,noise,25,igdo,False,0,False,False,False,,,,,False,,,0.00014129996998235583,0.011771999998018146,0.056600000000000004,False,1.0,True,1.0,,
10,1.0,noise,26,static,False,0,False,False,False,,,,,False,,,0.0,0.010610299941617996,0.056600000000000004,False,1.0,,,,
10,1.0,noise,26,igdo,False,0,False,False,False,,,,,False,,,0.0001697000116109848,0.01215980009874329,0.056600000000000004,False,1.0,True,1.0,,
10,1.0,noise,27,static,False,0,False,False,False,,,,,False,,,0.0,0.011262699961662292,0.056600000000000004,False,1.0,,,,
10,1.0,noise,27,igdo,False,0,False,False,False,,,,,False,,,0.00017740001203492284,0.011935000016819686,0.056600000000000004,False,1.0,True,1.0,,
10,1.0,noise,28,static,False,0,False,False,False,,,,,False,,,0.0,0.012036000087391585,0.056600000000000004,False,1.0,,,,
10,1.0,noise,28,igdo,False,0,False,False,False,,,,,False,,,0.0001765000051818788,0.009413699968717992,0.056600000000000004,False,1.0,True,1.0,,
10,1.0,noise,29,static,False,1,False,False,False,,,,,True,,,0.0,0.0146652000839822,0.056600000000000004,False,1.0,,,,
10,1.0,noise,29,igdo,False,1,False,False,False,,,,,True,,,0.00017909996677190065,0.016394999925978482,0.056600000000000004,False,1.0,True,1.0,,
10,0.85,event,0,static,True,1,True,True,True,8.218319627387128,10.447660552234879,13.292644150530073,0.8766,False,7.0,1.3054628794775773,0.0,0.01553439995041117,0.056600000000000004,False,1.0,,,,
10,0.85,event,0,igdo,True,1,True,True,True,8.218319627387128,10.447660552234879,13.292644150530073,0.9188000000000001,False,7.0,1.3054628794775773,0.0001691999495960772,0.019210100057534873,0.0988,False,1.0,True,1.0,cross_validate;gap_repair;robust_denoise,cross_validate;gap_repair;robust_denoise
10,0.85,event,1,static,True,1,True,True,True,7.667087541437738,11.574826376887273,13.883833657284834,0.9965999999999999,False,7.0,0.38880184599132306,0.0,0.015194300038274378,0.056600000000000004,False,1.0,,,,
10,0.85,event,1,igdo,True,1,True,True,True,7.667087541437738,11.574826376887273,13.883833657284834,1.0388,False,7.0,0.38880184599132306,0.00021660001948475838,0.016776499920524657,0.0988,False,1.0,True,1.0,cross_validate;gap_repair;robust_denoise,cross_validate;gap_repair;robust_denoise
10,0.85,event,2,static,True,1,True,True,True,8.054448179790606,0.4940007026349065,8.069583147544611,1.0086,False,7.0,1.5448364425278198,0.0,0.01749650004785508,0.056600000000000004,False,1.0,,,,
10,0.85,event,2,igdo,True,1,True,True,True,8.054448179790606,0.4940007026349065,8.069583147544611,1.0508,False,7.0,1.5448364425278198,0.00029689999064430594,0.015603500069119036,0.0988,False,1.0,True,1.0,cross_validate;gap_repair;robust_denoise,cross_validate;gap_repair;robust_denoise
10,0.85,event,3,static,True,1,True,True,True,16.32040006079278,3.346102970787058,16.659887851826465,1.0146000000000002,False,7.0,0.8805572605807143,0.0,0.017548499919939786,0.056600000000000004,False,1.0,,,,
10,0.85,event,3,igdo,True,1,True,True,True,16.32040006079278,3.346102970787058,16.659887851826465,1.0568000000000002,False,7.0,0.8805572605807143,0.00018150004325434566,0.017006799986120313,0.0988,False,1.0,True,1.0,cross_validate;gap_repair;robust_denoise,cross_validate;gap_repair;robust_denoise
10,0.85,event,4,static,True,1,True,True,True,8.850772409470972,17.11443537677812,19.267591196363053,0.6516000000000002,False,7.0,2.334942875102893,0.0,0.015887499961536378,0.056600000000000004,False,1.0,,,,
10,0.85,event,4,igdo,True,1,True,True,True,8.850772409470972,17.11443537677812,19.267591196363053,0.6938000000000002,False,7.0,2.015277554687127,0.001421900000423193,0.014441299892496318,0.0988,False,1.0,True,1.0,cross_validate;gap_repair;robust_denoise,cross_validate;gap_repair;robust_denoise
10,0.85,event,5,static,True,1,True,True,True,5.797691001275655,12.358255829011597,13.650630318105161,0.6616,False,7.0,1.387282366314321,0.0,0.01715229998808354,0.056600000000000004,False,1.0,,,,
10,0.85,event,5,igdo,True,1,True,True,True,15.82511782874204,12.358255829011597,20.078865541381276,0.7038,False,7.0,6.417271722200422,0.0001604999997653067,0.016850000014528632,0.0988,False,1.0,True,1.0,cross_validate;gap_repair;robust_denoise,cross_validate;gap_repair;robust_denoise
10,0.85,event,6,static,True,1,True,True,True,1.1466590233326126,8.281415383689762,8.360422697029353,0.9975999999999998,False,7.0,0.7171755972823007,0.0,0.016132799966726452,0.056600000000000004,False,1.0,,,,
10,0.85,event,6,igdo,True,1,True,True,True,1.1466590233326126,8.281415383689762,8.360422697029353,1.0397999999999998,False,7.0,0.7171755972823007,0.0002155999536626041,0.01627550000557676,0.0988,False,1.0,True,1.0,cross_validate;gap_repair;robust_denoise,cross_validate;gap_repair;robust_denoise
10,0.85,event,7,static,True,1,True,True,True,2.1249217569858794,5.916609652993998,6.286617712189418,0.6046,False,7.0,1.4541871673891176,0.0,0.01798670011339709,0.056600000000000004,False,1.0,,,,
10,0.85,event,7,igdo,True,1,True,True,True,2.1249217569858794,5.916609652993998,6.286617712189418,0.6468,False,7.0,1.4541871673891176,0.00018699996871873736,0.017023400054313242,0.0988,False,1.0,True,1.0,cross_validate;gap_repair;robust_denoise,cross_validate;gap_repair;robust_denoise
10,0.85,event,8,static,True,1,True,True,True,11.091704933088641,4.307260189511197,11.89867255885508,0.22060000000000016,False,7.0,0.794722177737962,0.0,0.021872000012081116,0.056600000000000004,False,1.0,,,,
10,0.85,event,8,igdo,True,1,True,True,True,11.091704933088641,4.307260189511197,11.89867255885508,0.26280000000000014,False,7.0,0.794722177737962,0.00018230004934594035,0.014700300002004951,0.0988,False,1.0,True,1.0,cross_validate;gap_repair;robust_denoise,cross_validate;gap_repair;robust_denoise
10,0.85,event,9,static,True,1,True,True,True,1.844432328329599,5.544830697359771,5.843550126093776,0.4266000000000001,False,7.0,0.929983841546684,0.0,0.015877899946644902,0.056600000000000004,False,1.0,,,,
10,0.85,event,9,igdo,True,1,True,True,True,1.844432328329599,5.544830697359771,5.843550126093776,0.4688000000000001,False,7.0,0.929983841546684,0.00021169998217374086,0.01632729999255389,0.0988,False,1.0,True,1.0,cross_validate;gap_repair;robust_denoise,cross_validate;gap_repair;robust_denoise
10,0.85,event,10,static,True,1,True,True,True,9.400983097367446,9.585443819578074,13.426064814951399,0.23459999999999995,False,7.0,1.0379117004036844,0.0,0.017878799990285188,0.056600000000000004,False,1.0,,,,
10,0.85,event,10,igdo,True,1,True,True,True,9.400983097367446,9.585443819578074,13.426064814951399,0.27679999999999993,False,7.0,1.0379117004036844,0.001631900027859956,0.01747959991917014,0.0988,False,1.0,True,1.0,cross_validate;gap_repair;robust_denoise,cross_validate;gap_repair;robust_denoise
10,0.85,event,11,static,True,1,True,True,True,61.21744906780373,120.80588763503187,135.43130567803402,0.37360000000000015,False,7.0,3.091790645253589,0.0,0.018208800116553903,0.056600000000000004,False,1.0,,,,
10,0.85,event,11,igdo,True,1,True,True,True,5.474072496346045,0.8058876350318656,5.533075507848187,0.41580000000000017,False,7.0,0.45961174648439085,0.00021239998750388622,0.014603499963413924,0.0988,False,1.0,True,1.0,cross_validate;gap_repair;robust_denoise,cross_validate;gap_repair;robust_denoise
10,0.85,event,12,static,True,1,True,True,True,4.417616295065981,2.643212545187879,5.148000222365096,0.26759999999999984,False,7.0,1.104161634971931,0.0,0.016684699920006096,0.056600000000000004,False,1.0,,,,
10,0.85,event,12,igdo,True,1,True,True,True,4.417616295065981,2.643212545187879,5.148000222365096,0.30979999999999985,False,7.0,1.104161634971931,0.00022829999215900898,0.01489289995515719,0.0988,False,1.0,True,1.0,cross_validate;gap_repair;robust_denoise,cross_validate;gap_repair;robust_denoise
10,0.85,event,13,static,True,1,True,True,True,9.159016502173786,0.1550306439821867,9.160328475969912,0.4735999999999998,False,7.0,0.49502828121329023,0.0,0.015957099967636168,0.056600000000000004,False,1.0,,,,
10,0.85,event,13,igdo,True,1,True,True,True,19.125363733098748,0.1550306439821867,19.12599206378332,0.5157999999999998,False,7.0,0.46839966135843747,0.00022629997693002224,0.017618299927562475,0.0988,False,1.0,True,1.0,cross_validate;gap_repair;robust_denoise,cross_validate;gap_repair;robust_denoise
10,0.85,event,14,static,True,1,True,True,True,12.278298970629518,0.959469548754555,12.315730080963498,1.0715999999999999,False,7.0,1.0977106787764386,0.0,0.021476600144524127,0.056600000000000004,False,1.0,,,,
10,0.85,event,14,igdo,True,1,True,True,True,12.278298970629518,0.959469548754555,12.315730080963498,1.1138,False,7.0,1.0752624163344604,0.00018470000941306353,0.01585770008387044,0.0988,False,1.0,True,1.0,cross_validate;gap_repair;robust_denoise,cross_validate;gap_repair;robust_denoise
10,0.85,event,15,static,True,1,True,True,True,5.155614512301882,3.5812114353513635,6.277374956472582,0.3066,False,7.0,1.0160222105849726,0.0,0.016845499980263412,0.056600000000000004,False,1.0,,,,
10,0.85,event,15,igdo,True,1,True,True,True,5.155614512301882,3.5812114353513635,6.277374956472582,0.3488,False,7.0,1.0160222105849726,0.00018140004249289632,0.016840600001160055,0.0988,False,1.0,True,1.0,cross_validate;gap_repair;robust_denoise,cross_validate;gap_repair;robust_denoise
10,0.85,event,16,static,True,1,True,True,True,94.70559179119213,13.966598935438213,95.72990652008025,0.21160000000000004,False,7.0,1.0007392931918342,0.0,0.018848199979402125,0.056600000000000004,False,1.0,,,,
10,0.85,event,16,igdo,True,1,True,True,True,94.70559179119213,13.966598935438213,95.72990652008025,0.2538,False,7.0,1.0007392931918342,0.00020130001939833164,0.016817799885757267,0.0988,False,1.0,True,1.0,cross_validate;gap_repair;robust_denoise,cross_validate;gap_repair;robust_denoise
10,0.85,event,17,static,True,2,True,True,True,15.412170699469137,22.156494208769715,26.98972473540293,1.1305999999999998,False,7.0,1.3898278144260525,0.0,0.023357799975201488,0.056600000000000004,False,1.0,,,,
10,0.85,event,17,igdo,True,1,True,True,True,15.412170699469137,22.156494208769715,26.98972473540293,1.1727999999999998,False,7.0,1.290780022400144,0.00017790001584216952,0.023839899920858443,0.0988,False,1.0,True,1.0,cross_validate;gap_repair;robust_denoise,cross_validate;gap_repair;robust_denoise
10,0.85,event,18,static,True,1,True,True,True,18.783563581157125,13.782686922599169,23.297740654702086,0.26359999999999983,False,7.0,1.0864519136987327,0.0,0.01808709994656965,0.056600000000000004,False,1.0,,,,
10,0.85,event,18,igdo,True,1,True,True,True,12.002900822552208,13.782686922599169,18.276544721648307,0.30579999999999985,False,7.0,0.7906669286607202,0.00021630001720041037,0.014729100046679378,0.0988,False,1.0,True,1.0,cross_validate;gap_repair;robust_denoise,cross_validate;gap_repair;robust_denoise
10,0.85,event,19,static,True,1,True,True,True,16.964405592670204,10.712952944801785,20.063858500053207,0.6046,False,7.0,0.8268895480366121,0.0,0.016203099978156388,0.056600000000000004,False,1.0,,,,
10,0.85,event,19,igdo,True,1,True,True,True,16.964405592670204,10.712952944801785,20.063858500053207,0.6468,False,7.0,0.8268895480366121,0.0001849000109359622,0.016470000031404197,0.0988,False,1.0,True,1.0,cross_validate;gap_repair;robust_denoise,cross_validate;gap_repair;robust_denoise
10,0.85,event,20,static,True,1,True,True,True,3.848408091403135,13.300615603903694,13.846177099863468,1.0566,False,7.0,1.4011981264806872,0.0,0.015803200018126518,0.056600000000000004,False,1.0,,,,
10,0.85,event,20,igdo,True,1,True,True,True,3.848408091403135,13.300615603903694,13.846177099863468,1.0988,False,7.0,1.4011981264806872,0.0002308000111952424,0.017578700091689825,0.0988,False,1.0,True,1.0,cross_validate;gap_repair;robust_denoise,cross_validate;gap_repair;robust_denoise
10,0.85,event,21,static,True,2,True,True,True,7.746834383084028,12.4518425160702,14.66498636221481,1.0905999999999998,False,7.0,0.5937321307997504,0.0,0.022309600084554404,0.056600000000000004,False,1.0,,,,
10,0.85,event,21,igdo,True,1,True,True,True,7.746834383084028,12.4518425160702,14.66498636221481,1.1327999999999998,False,7.0,0.5937321307997504,0.00016120000509545207,0.01888170000165701,0.0988,False,1.0,True,1.0,cross_validate;gap_repair;robust_denoise,cross_validate;gap_repair;robust_denoise
10,0.85,event,22,static,True,1,True,True,True,5.786859949304809,3.8056138745499624,6.9260699559732455,0.9605999999999999,False,7.0,0.43260359144755156,0.0,0.01708749996032566,0.056600000000000004,False,1.0,,,,
10,0.85,event,22,igdo,True,1,True,True,True,5.786859949304809,3.8056138745499624,6.9260699559732455,1.0028,False,7.0,0.43260359144755156,0.00016569998115301132,0.016248099913354963,0.0988,False,1.0,True,1.0,cross_validate;gap_repair;robust_denoise,cross_validate;gap_repair;robust_denoise
10,0.85,event,23,static,True,2,True,True,True,14.401527612971252,36.879656814896094,39.59183103080338,1.0776,False,7.0,1.9620631107364428,0.0,0.020665100077167153,0.056600000000000004,False,1.0,,,,
10,0.85,event,23,igdo,True,1,True,True,True,14.401527612971252,36.879656814896094,39.59183103080338,1.1198,False,7.0,1.9620631107364428,0.00018749997252598405,0.016970800003036857,0.0988,False,1.0,True,1.0,cross_validate;gap_repair;robust_denoise,cross_validate;gap_repair;robust_denoise
10,0.85,event,24,static,True,1,True,True,True,13.963701320209331,2.718621413174475,14.225886859812523,0.8746,False,7.0,1.7157561048117722,0.0,0.015106900013051927,0.056600000000000004,False,1.0,,,,
10,0.85,event,24,igdo,True,1,True,True,True,27.110603830560105,12.281378586825525,29.76267965171343,0.9168000000000001,False,7.0,2.816146870433714,0.0001781000173650682,0.015696899965405464,0.0988,False,1.0,True,1.0,cross_validate;gap_repair;robust_denoise,cross_validate;gap_repair;robust_denoise
10,0.85,event,25,static,True,1,True,True,True,9.916150845330915,18.859185705723917,21.307250715902754,0.9136,False,7.0,2.1484603851729647,0.0,0.01717500004451722,0.056600000000000004,False,1.0,,,,
10,0.85,event,25,igdo,True,1,True,True,True,9.916150845330915,18.859185705723917,21.307250715902754,0.9558,False,7.0,2.1484603851729647,0.00015919998986646533,0.01767430000472814,0.0988,False,1.0,True,1.0,cross_validate;gap_repair;robust_denoise,cross_validate;gap_repair;robust_denoise
10,0.85,event,26,static,True,2,True,True,True,11.155787165471326,3.6584943336973197,11.740364903655685,1.0585999999999998,False,7.0,1.6196679428168304,0.0,0.026576400035992265,0.056600000000000004,False,1.0,,,,
10,0.85,event,26,igdo,True,1,True,True,True,11.155787165471326,3.6584943336973197,11.740364903655685,1.1007999999999998,False,7.0,1.6196679428168304,0.00017059996025636792,0.015157699992414564,0.0988,False,1.0,True,1.0,cross_validate;gap_repair;robust_denoise,cross_validate;gap_repair;robust_denoise
10,0.85,event,27,static,True,2,True,True,True,12.948297281154998,16.088974401385855,20.652203266712615,0.9645999999999999,False,7.0,1.128301618592544,0.0,0.02325499994913116,0.056600000000000004,False,1.0,,,,
10,0.85,event,27,igdo,True,1,True,True,True,12.948297281154998,16.088974401385855,20.652203266712615,1.0068,False,7.0,1.128301618592544,0.00020539999241009355,0.01648000004934147,0.0988,False,1.0,True,1.0,cross_validate;gap_repair;robust_denoise,cross_validate;gap_repair;robust_denoise
10,0.85,event,28,static,True,1,True,True,True,34.82374540040866,4.587461644597326,35.124607443402624,0.5615999999999999,False,7.0,4.643204085851142,0.0,0.017568099952768534,0.056600000000000004,False,1.0,,,,
10,0.85,event,28,igdo,True,1,True,True,True,34.82374540040866,4.587461644597326,35.124607443402624,0.6037999999999999,False,7.0,4.643204085851142,0.0002207000507041812,0.018031500047072768,0.0988,False,1.0,True,1.0,cross_validate;gap_repair;robust_denoise,cross_validate;gap_repair;robust_denoise
10,0.85,event,29,static,True,1,True,True,True,9.471074988721341,1.1722029905668307,9.543339106050711,0.1776,False,7.0,1.4747400726094944,0.0,0.016130499891005456,0.056600000000000004,False,1.0,,,,
10,0.85,event,29,igdo,True,1,True,True,True,9.471074988721341,1.1722029905668307,9.543339106050711,0.2198,False,7.0,1.4747400726094944,0.0001797000295482576,0.017643599945586175,0.0988,False,1.0,True,1.0,cross_validate;gap_repair;robust_denoise,cross_validate;gap_repair;robust_denoise
10,0.85,noise,0,static,False,1,False,False,False,,,,,True,,,0.0,0.010468799970112741,0.056600000000000004,False,1.0,,,,
10,0.85,noise,0,igdo,False,0,False,False,False,,,,,False,,,0.0007381000323221087,0.009199899912346154,0.0988,False,1.0,True,1.0,cross_validate;gap_repair;robust_denoise,cross_validate;gap_repair;robust_denoise
10,0.85,noise,1,static,False,0,False,False,False,,,,,False,,,0.0,0.013728000049013644,0.056600000000000004,False,1.0,,,,
10,0.85,noise,1,igdo,False,0,False,False,False,,,,,False,,,0.0001697000116109848,0.013652499881573021,0.0988,False,1.0,True,1.0,cross_validate;gap_repair;robust_denoise,cross_validate;gap_repair;robust_denoise
10,0.85,noise,2,static,False,0,False,False,False,,,,,False,,,0.0,0.012283800053410232,0.056600000000000004,False,1.0,,,,
10,0.85,noise,2,igdo,False,0,False,False,False,,,,,False,,,0.00018170004477724433,0.008495900023262948,0.0988,False,1.0,True,1.0,cross_validate;gap_repair;robust_denoise,cross_validate;gap_repair;robust_denoise
10,0.85,noise,3,static,False,0,False,False,False,,,,,False,,,0.0,0.010920299915596843,0.056600000000000004,False,1.0,,,,
10,0.85,noise,3,igdo,False,0,False,False,False,,,,,False,,,0.00014970003394410014,0.007624699966982007,0.0988,False,1.0,True,1.0,cross_validate;gap_repair;robust_denoise,cross_validate;gap_repair;robust_denoise
10,0.85,noise,4,static,False,0,False,False,False,,,,,False,,,0.0,0.007940499985124916,0.056600000000000004,False,1.0,,,,
10,0.85,noise,4,igdo,False,0,False,False,False,,,,,False,,,0.00025400001322850585,0.00826119986595586,0.0988,False,1.0,True,1.0,cross_validate;gap_repair;robust_denoise,cross_validate;gap_repair;robust_denoise
10,0.85,noise,5,static,False,0,False,False,False,,,,,False,,,0.0,0.008401500002946705,0.056600000000000004,False,1.0,,,,
10,0.85,noise,5,igdo,False,0,False,False,False,,,,,False,,,0.00014160003047436476,0.012189699977170676,0.0988,False,1.0,True,1.0,cross_validate;gap_repair;robust_denoise,cross_validate;gap_repair;robust_denoise
10,0.85,noise,6,static,False,0,False,False,False,,,,,False,,,0.0,0.010430199967231601,0.056600000000000004,False,1.0,,,,
10,0.85,noise,6,igdo,False,0,False,False,False,,,,,False,,,0.0002164000179618597,0.007172700017690659,0.0988,False,1.0,True,1.0,cross_validate;gap_repair;robust_denoise,cross_validate;gap_repair;robust_denoise
10,0.85,noise,7,static,False,0,False,False,False,,,,,False,,,0.0,0.011591800081077963,0.056600000000000004,False,1.0,,,,
10,0.85,noise,7,igdo,False,0,False,False,False,,,,,False,,,0.00018370000179857016,0.011722399911377579,0.0988,False,1.0,True,1.0,cross_validate;gap_repair;robust_denoise,cross_validate;gap_repair;robust_denoise
10,0.85,noise,8,static,False,0,False,False,False,,,,,False,,,0.0,0.013233000063337386,0.056600000000000004,False,1.0,,,,
10,0.85,noise,8,igdo,False,0,False,False,False,,,,,False,,,0.00016900000628083944,0.009066800121217966,0.0988,False,1.0,True,1.0,cross_validate;gap_repair;robust_denoise,cross_validate;gap_repair;robust_denoise
10,0.85,noise,9,static,False,0,False,False,False,,,,,False,,,0.0,0.013223699934314936,0.056600000000000004,False,1.0,,,,
10,0.85,noise,9,igdo,False,0,False,False,False,,,,,False,,,0.00014750001719221473,0.008743599988520145,0.0988,False,1.0,True,1.0,cross_validate;gap_repair;robust_denoise,cross_validate;gap_repair;robust_denoise
10,0.85,noise,10,static,False,0,False,False,False,,,,,False,,,0.0,0.010693500051274896,0.056600000000000004,False,1.0,,,,
10,0.85,noise,10,igdo,False,0,False,False,False,,,,,False,,,0.00014259997988119721,0.012962799984961748,0.0988,False,1.0,True,1.0,cross_validate;gap_repair;robust_denoise,cross_validate;gap_repair;robust_denoise
10,0.85,noise,11,static,False,1,False,False,False,,,,,True,,,0.0,0.015856999962124974,0.056600000000000004,False,1.0,,,,
10,0.85,noise,11,igdo,False,0,False,False,False,,,,,False,,,0.00017680000746622682,0.011827500013168901,0.0988,False,1.0,True,1.0,cross_validate;gap_repair;robust_denoise,cross_validate;gap_repair;robust_denoise
10,0.85,noise,12,static,False,1,False,False,False,,,,,True,,,0.0,0.016056999971624464,0.056600000000000004,False,1.0,,,,
10,0.85,noise,12,igdo,False,0,False,False,False,,,,,False,,,0.00017289997776970267,0.0071561000077053905,0.0988,False,1.0,True,1.0,cross_validate;gap_repair;robust_denoise,cross_validate;gap_repair;robust_denoise
10,0.85,noise,13,static,False,0,False,False,False,,,,,False,,,0.0,0.009447300108149648,0.056600000000000004,False,1.0,,,,
10,0.85,noise,13,igdo,False,0,False,False,False,,,,,False,,,0.00022500002523884177,0.008988699992187321,0.0988,False,1.0,True,1.0,cross_validate;gap_repair;robust_denoise,cross_validate;gap_repair;robust_denoise
10,0.85,noise,14,static,False,1,False,False,False,,,,,True,,,0.0,0.020491599920205772,0.056600000000000004,False,1.0,,,,
10,0.85,noise,14,igdo,False,0,False,False,False,,,,,False,,,0.00018929998623207211,0.014776600117329508,0.0988,False,1.0,True,1.0,cross_validate;gap_repair;robust_denoise,cross_validate;gap_repair;robust_denoise
10,0.85,noise,15,static,False,1,False,False,False,,,,,True,,,0.0,0.01799420005409047,0.056600000000000004,False,1.0,,,,
10,0.85,noise,15,igdo,False,0,False,False,False,,,,,False,,,0.00017790001584216952,0.010148900037165731,0.0988,False,1.0,True,1.0,cross_validate;gap_repair;robust_denoise,cross_validate;gap_repair;robust_denoise
10,0.85,noise,16,static,False,0,False,False,False,,,,,False,,,0.0,0.013414300105068833,0.056600000000000004,False,1.0,,,,
10,0.85,noise,16,igdo,False,0,False,False,False,,,,,False,,,0.0001537000061944127,0.010746799991466105,0.0988,False,1.0,True,1.0,cross_validate;gap_repair;robust_denoise,cross_validate;gap_repair;robust_denoise
10,0.85,noise,17,static,False,0,False,False,False,,,,,False,,,0.0,0.012379499909002334,0.056600000000000004,False,1.0,,,,
10,0.85,noise,17,igdo,False,0,False,False,False,,,,,False,,,0.00020890001906082034,0.007479399966541678,0.0988,False,1.0,True,1.0,cross_validate;gap_repair;robust_denoise,cross_validate;gap_repair;robust_denoise
10,0.85,noise,18,static,False,0,False,False,False,,,,,False,,,0.0,0.009246400033589453,0.056600000000000004,False,1.0,,,,
10,0.85,noise,18,igdo,False,0,False,False,False,,,,,False,,,0.00015940004959702492,0.009623699996154755,0.0988,False,1.0,True,1.0,cross_validate;gap_repair;robust_denoise,cross_validate;gap_repair;robust_denoise
10,0.85,noise,19,static,False,0,False,False,False,,,,,False,,,0.0,0.011896999960299581,0.056600000000000004,False,1.0,,,,
10,0.85,noise,19,igdo,False,0,False,False,False,,,,,False,,,0.0001487999688833952,0.011952900036703795,0.0988,False,1.0,True,1.0,cross_validate;gap_repair;robust_denoise,cross_validate;gap_repair;robust_denoise
10,0.85,noise,20,static,False,0,False,False,False,,,,,False,,,0.0,0.010688999958802015,0.056600000000000004,False,1.0,,,,
10,0.85,noise,20,igdo,False,0,False,False,False,,,,,False,,,0.00016789999790489674,0.011363899917341769,0.0988,False,1.0,True,1.0,cross_validate;gap_repair;robust_denoise,cross_validate;gap_repair;robust_denoise
10,0.85,noise,21,static,False,1,False,False,False,,,,,True,,,0.0,0.01380989997414872,0.056600000000000004,False,1.0,,,,
10,0.85,noise,21,igdo,False,0,False,False,False,,,,,False,,,0.00018530001398175955,0.008387800073251128,0.0988,False,1.0,True,1.0,cross_validate;gap_repair;robust_denoise,cross_validate;gap_repair;robust_denoise
10,0.85,noise,22,static,False,1,False,False,False,,,,,True,,,0.0,0.01595849997829646,0.056600000000000004,False,1.0,,,,
10,0.85,noise,22,igdo,False,0,False,False,False,,,,,False,,,0.00016230001347139478,0.010563000047113746,0.0988,False,1.0,True,1.0,cross_validate;gap_repair;robust_denoise,cross_validate;gap_repair;robust_denoise
10,0.85,noise,23,static,False,0,False,False,False,,,,,False,,,0.0,0.011875999916810542,0.056600000000000004,False,1.0,,,,
10,0.85,noise,23,igdo,False,0,False,False,False,,,,,False,,,0.00017059996025636792,0.007343200035393238,0.0988,False,1.0,True,1.0,cross_validate;gap_repair;robust_denoise,cross_validate;gap_repair;robust_denoise
10,0.85,noise,24,static,False,0,False,False,False,,,,,False,,,0.0,0.010462599981110543,0.056600000000000004,False,1.0,,,,
10,0.85,noise,24,igdo,False,0,False,False,False,,,,,False,,,0.0001898000482469797,0.0075175000238232315,0.0988,False,1.0,True,1.0,cross_validate;gap_repair;robust_denoise,cross_validate;gap_repair;robust_denoise
10,0.85,noise,25,static,False,0,False,False,False,,,,,False,,,0.0,0.011523999972268939,0.056600000000000004,False,1.0,,,,
10,0.85,noise,25,igdo,False,0,False,False,False,,,,,False,,,0.000199599948246032,0.00732059997972101,0.0988,False,1.0,True,1.0,cross_validate;gap_repair;robust_denoise,cross_validate;gap_repair;robust_denoise
10,0.85,noise,26,static,False,0,False,False,False,,,,,False,,,0.0,0.01081109989900142,0.056600000000000004,False,1.0,,,,
10,0.85,noise,26,igdo,False,0,False,False,False,,,,,False,,,0.0002087999600917101,0.00853829993866384,0.0988,False,1.0,True,1.0,cross_validate;gap_repair;robust_denoise,cross_validate;gap_repair;robust_denoise
10,0.85,noise,27,static,False,0,False,False,False,,,,,False,,,0.0,0.011459799949079752,0.056600000000000004,False,1.0,,,,
10,0.85,noise,27,igdo,False,0,False,False,False,,,,,False,,,0.0001976999919861555,0.007897900009993464,0.0988,False,1.0,True,1.0,cross_validate;gap_repair;robust_denoise,cross_validate;gap_repair;robust_denoise
10,0.85,noise,28,static,False,0,False,False,False,,,,,False,,,0.0,0.008333700010553002,0.056600000000000004,False,1.0,,,,
10,0.85,noise,28,igdo,False,0,False,False,False,,,,,False,,,0.0002464999561198056,0.007777599967084825,0.0988,False,1.0,True,1.0,cross_validate;gap_repair;robust_denoise,cross_validate;gap_repair;robust_denoise
10,0.85,noise,29,static,False,1,False,False,False,,,,,True,,,0.0,0.01434309990145266,0.056600000000000004,False,1.0,,,,
10,0.85,noise,29,igdo,False,0,False,False,False,,,,,False,,,0.0002114999806508422,0.007933800050523132,0.0988,False,1.0,True,1.0,cross_validate;gap_repair;robust_denoise,cross_validate;gap_repair;robust_denoise
10,0.7,event,0,static,True,1,True,True,True,17.284525174059816,6.077325236630031,18.321809204455977,0.7736000000000001,False,7.0,0.8506606024693398,0.0,0.01785289990948513,0.056600000000000004,False,1.0,,,,
10,0.7,event,0,igdo,True,1,True,True,True,17.284525174059816,6.077325236630031,18.321809204455977,0.8158000000000001,False,6.0,0.8681456601752396,0.00015819998225197196,0.01452140009496361,0.0988,False,1.0,True,1.0,cross_validate;gap_repair;robust_denoise,cross_validate;gap_repair;robust_denoise
10,0.7,event,1,static,True,1,True,True,True,14.217663080936424,10.427348848354242,17.631549775567013,0.6146,False,7.0,1.6720328609631423,0.0,0.017871599935460836,0.056600000000000004,False,1.0,,,,
10,0.7,event,1,igdo,True,1,True,True,True,29.041426866652515,4.572651151645758,29.399211094955827,0.6568,False,6.0,1.365266923708158,0.00015820004045963287,0.01569760002894327,0.0988,False,1.0,True,1.0,cross_validate;gap_repair;robust_denoise,cross_validate;gap_repair;robust_denoise
10,0.7,event,2,static,True,1,True,True,True,11.15951871146789,18.979733248499855,22.017382497831406,0.1995999999999998,False,7.0,1.0091845348354673,0.0,0.018106300092767924,0.056600000000000004,False,1.0,,,,
10,0.7,event,2,igdo,True,1,True,True,True,11.15951871146789,18.979733248499855,22.017382497831406,0.2417999999999998,False,6.0,0.8878229445043122,0.00033409998286515474,0.01215520000550896,0.0988,False,1.0,True,1.0,cross_validate;gap_repair;robust_denoise,cross_validate;gap_repair;robust_denoise
10,0.7,event,3,static,True,1,True,True,True,2.5562091906129143,14.875482485414665,15.093514653653482,0.6305999999999998,False,7.0,1.5995781846618962,0.0,0.018299800052773207,0.056600000000000004,False,1.0,,,,
10,0.7,event,3,igdo,True,1,True,True,True,2.5562091906129143,0.12451751458533522,2.5592401289469575,0.6727999999999998,False,6.0,1.3128456436813603,0.00018470000941306353,0.015234400052577257,0.0988,False,1.0,True,1.0,cross_validate;gap_repair;robust_denoise,cross_validate;gap_repair;robust_denoise
10,0.7,event,4,static,True,1,True,True,True,12.007618861622923,15.156109220890414,19.336249828794674,1.0566,False,7.0,0.8187122290630349,0.0,0.018423999950755388,0.056600000000000004,False,1.0,,,,
10,0.7,event,4,igdo,True,1,True,True,True,18.77114182650711,29.843890779109586,35.25639775000088,1.0988,False,6.0,0.5949867110449706,0.00018500001169741154,0.01430950011126697,0.0988,False,1.0,True,1.0,cross_validate;gap_repair;robust_denoise,cross_validate;gap_repair;robust_denoise
10,0.7,event,5,static,True,2,True,True,True,9.395042909082106,7.785252883624793,12.2015160420942,1.1096,False,7.0,1.01933741301612,0.0,0.01833329995861277,0.056600000000000004,False,1.0,,,,
10,0.7,event,5,igdo,True,1,True,True,True,9.395042909082106,37.21474711637521,38.38234273984915,1.1518,False,6.0,0.6742620220211238,0.00024990004021674395,0.016139700077474117,0.0988,False,1.0,True,1.0,cross_validate;gap_repair;robust_denoise,cross_validate;gap_repair;robust_denoise
10,0.7,event,6,static,True,1,True,True,True,26.223920798926937,12.998605399247083,29.268716480121366,0.24960000000000007,False,7.0,1.4915529616953567,0.0,0.015527500014286488,0.056600000000000004,False,1.0,,,,
10,0.7,event,6,igdo,True,1,True,True,True,26.223920798926937,12.998605399247083,29.268716480121366,0.29180000000000006,False,6.0,1.5161950203467027,0.00018289999570697546,0.01599519996671006,0.0988,False,1.0,True,1.0,cross_validate;gap_repair;robust_denoise,cross_validate;gap_repair;robust_denoise
10,0.7,event,7,static,True,1,True,True,True,15.624790967958052,30.949771533754046,34.6701954246577,0.7195999999999998,False,7.0,3.7426842774235847,0.0,0.016362300026230514,0.056600000000000004,False,1.0,,,,
10,0.7,event,7,igdo,True,1,True,True,True,15.624790967958052,30.949771533754046,34.6701954246577,0.7617999999999998,False,6.0,3.782974049581875,0.00018390000332146883,0.014254699926823378,0.0988,False,1.0,True,1.0,cross_validate;gap_repair;robust_denoise,cross_validate;gap_repair;robust_denoise
10,0.7,event,8,static,True,1,True,True,True,9.188389288539904,5.870087548827584,10.903413481504565,1.0146,False,7.0,1.4911600305602117,0.0,0.015200100082438439,0.056600000000000004,False,1.0,,,,
10,0.7,event,8,igdo,True,1,True,True,True,9.188389288539904,5.870087548827584,10.903413481504565,1.0568,False,6.0,1.6325936257472262,0.00016160000814124942,0.016711300006136298,0.0988,False,1.0,True,1.0,cross_validate;gap_repair;robust_denoise,cross_validate;gap_repair;robust_denoise
10,0.7,event,9,static,True,1,True,True,True,11.004227985780922,9.9415248175942,14.829934229857038,1.0776,False,6.0,1.4062485526830786,0.0,0.023570400197058916,0.056600000000000004,False,1.0,,,,
10,0.7,event,9,igdo,True,1,True,True,True,11.004227985780922,5.0584751824058,12.111201622219799,1.1198,False,6.0,1.462034047094127,0.00022869999520480633,0.014108199975453317,0.0988,False,1.0,True,1.0,cross_validate;gap_repair;robust_denoise,cross_validate;gap_repair;robust_denoise
10,0.7,event,10,static,True,1,True,True,True,19.904668104218995,1.3389775626373819,19.94965346196167,1.0886,False,7.0,0.5584425297573161,0.0,0.01724730001296848,0.056600000000000004,False,1.0,,,,
10,0.7,event,10,igdo,True,1,True,True,True,39.547882817012294,28.661022437362618,48.841470519049075,1.1308,False,6.0,0.38065769936707755,0.000889900024048984,0.012967199960257858,0.0988,False,1.0,True,1.0,cross_validate;gap_repair;robust_denoise,cross_validate;gap_repair;robust_denoise
10,0.7,event,11,static,True,1,True,True,True,6.7649887040371635,14.365606957769671,15.87878255505978,1.0086,False,7.0,1.1984093730266037,0.0,0.018162399996072054,0.056600000000000004,False,1.0,,,,
10,0.7,event,11,igdo,True,1,True,True,True,6.7649887040371635,14.365606957769671,15.87878255505978,1.0508,False,6.0,0.9627559502561397,0.0001786999637261033,0.013924000028055161,0.0988,False,1.0,True,1.0,cross_validate;gap_repair;robust_denoise,cross_validate;gap_repair;robust_denoise
10,0.7,event,12,static,True,1,True,True,True,4.045118068730152,12.682442634503147,13.311924405112519,0.9495999999999998,False,7.0,0.6636021710476159,0.0,0.016870700055733323,0.056600000000000004,False,1.0,,,,
10,0.7,event,12,igdo,True,1,True,True,True,4.045118068730152,2.317557365496853,4.661979443577145,0.9917999999999998,False,6.0,0.42308801619677755,0.00020329997641965747,0.018955999868921936,0.0988,False,1.0,True,1.0,cross_validate;gap_repair;robust_denoise,cross_validate;gap_repair;robust_denoise
10,0.7,event,13,static,True,1,True,True,True,3.6172517891333804,7.745670545347707,8.548679588278864,0.7786,False,7.0,0.7900969992440935,0.0,0.01726690004579723,0.056600000000000004,False,1.0,,,,
10,0.7,event,13,igdo,True,1,True,True,True,3.6172517891333804,7.745670545347707,8.548679588278864,0.8208,False,6.0,0.8277888832262706,0.0001569000305607915,0.01521019998472184,0.0988,False,1.0,True,1.0,cross_validate;gap_repair;robust_denoise,cross_validate;gap_repair;robust_denoise
10,0.7,event,14,static,True,1,True,True,True,7.39956070400534,2.7295348899456258,7.886942330693846,1.0735999999999999,False,6.0,1.1224424957737575,0.0,0.017441899981349707,0.056600000000000004,False,1.0,,,,
10,0.7,event,14,igdo,True,1,True,True,True,7.39956070400534,2.7295348899456258,7.886942330693846,1.1158,False,6.0,1.1224424957737575,0.000340400030836463,0.017412800109013915,0.0988,False,1.0,True,1.0,cross_validate;gap_repair;robust_denoise,cross_validate;gap_repair;robust_denoise
10,0.7,event,15,static,True,1,True,True,True,6.29155901007217,15.175837271879757,16.42832163307607,1.0816,False,7.0,2.0003777948270622,0.0,0.0173453000606969,0.056600000000000004,False,1.0,,,,
10,0.7,event,15,igdo,True,1,True,True,True,6.29155901007217,15.175837271879757,16.42832163307607,1.1238,False,6.0,2.132573408452411,0.00020870001753792167,0.016436400008387864,0.0988,False,1.0,True,1.0,cross_validate;gap_repair;robust_denoise,cross_validate;gap_repair;robust_denoise
10,0.7,event,16,static,True,1,True,True,True,15.798949595735321,7.06118552664131,17.30511916660021,0.6756000000000002,False,7.0,1.4692925989516663,0.0,0.014102999994065613,0.056600000000000004,False,1.0,,,,
10,0.7,event,16,igdo,True,1,True,True,True,4.25501185814115,7.93881447335869,9.007213839769278,0.7178000000000002,False,6.0,1.000301453665936,0.00023770000552758574,0.012586199911311269,0.0988,False,1.0,True,1.0,cross_validate;gap_repair;robust_denoise,cross_validate;gap_repair;robust_denoise
10,0.7,event,17,static,True,1,True,True,True,29.020870468207722,2.0507941760748025,29.093241130632272,1.1025999999999998,False,7.0,0.6270851042360884,0.0,0.016624199924990535,0.056600000000000004,False,1.0,,,,
10,0.7,event,17,igdo,True,1,True,True,True,16.975538307495682,2.0507941760748025,17.098966564733548,1.1447999999999998,False,6.0,0.4492791153921197,0.00024389999452978373,0.013385799946263433,0.0988,False,1.0,True,1.0,cross_validate;gap_repair;robust_denoise,cross_validate;gap_repair;robust_denoise
10,0.7,event,18,static,True,1,True,True,True,26.857607375770133,19.7866946244869,33.35932190728284,0.5876000000000001,False,7.0,0.8440442379218501,0.0,0.022004999918863177,0.056600000000000004,False,1.0,,,,
10,0.7,event,18,igdo,True,1,True,True,True,26.857607375770133,19.7866946244869,33.35932190728284,0.6298000000000001,False,6.0,0.9102668276803129,0.00027550000231713057,0.011859700083732605,0.0988,False,1.0,True,1.0,cross_validate;gap_repair;robust_denoise,cross_validate;gap_repair;robust_denoise
10,0.7,event,19,static,True,1,True,True,True,10.429746259562847,2.819460834263424,10.804118031325398,0.25859999999999994,False,7.0,1.6118447282964388,0.0,0.02875070000300184,0.056600000000000004,False,1.0,,,,
10,0.7,event,19,igdo,True,1,True,True,True,10.429746259562847,2.819460834263424,10.804118031325398,0.30079999999999996,False,6.0,1.7655889770782849,0.00018970004748553038,0.01431209995644167,0.0988,False,1.0,True,1.0,cross_validate;gap_repair;robust_denoise,cross_validate;gap_repair;robust_denoise
10,0.7,event,20,static,True,1,True,True,True,6.488033215445004,2.702307403036812,7.028302804036348,1.1096,False,7.0,1.3818196037755837,0.0,0.018857300048694015,0.056600000000000004,False,1.0,,,,
10,0.7,event,20,igdo,True,1,True,True,True,6.488033215445004,2.702307403036812,7.028302804036348,1.1518,False,6.0,0.9619978299030276,0.00019799999427050352,0.013434099964797497,0.0988,False,1.0,True,1.0,cross_validate;gap_repair;robust_denoise,cross_validate;gap_repair;robust_denoise
10,0.7,event,21,static,True,2,True,True,True,12.989703896236737,16.795668229208545,21.232684205666345,0.20560000000000003,False,7.0,0.6791951559753064,0.0,0.018013599910773337,0.056600000000000004,False,1.0,,,,
10,0.7,event,21,igdo,True,1,True,True,True,12.989703896236737,16.795668229208545,21.232684205666345,0.24780000000000002,False,6.0,0.7322064602438861,0.00016529997810721397,0.014867900055833161,0.0988,False,1.0,True,1.0,cross_validate;gap_repair;robust_denoise,cross_validate;gap_repair;robust_denoise
10,0.7,event,22,static,True,1,True,True,True,13.442116330025188,24.138590865437365,27.629007589830405,0.4615999999999998,False,7.0,1.495742049514848,0.0,0.018371400015894324,0.056600000000000004,False,1.0,,,,
10,0.7,event,22,igdo,True,1,True,True,True,7.323162006756896,20.861409134562635,22.10943447618733,0.5037999999999998,False,6.0,1.362567979833082,0.00017899996601045132,0.01198009989457205,0.0988,False,1.0,True,1.0,cross_validate;gap_repair;robust_denoise,cross_validate;gap_repair;robust_denoise
10,0.7,event,23,static,True,1,True,True,True,6.184859510779608,1.5282978274576635,6.370885450036972,1.0806,False,6.0,1.148872998145096,0.0,0.017229299992322922,0.056600000000000004,False,1.0,,,,
10,0.7,event,23,igdo,True,1,True,True,True,6.184859510779608,1.5282978274576635,6.370885450036972,1.1228,False,6.0,1.148872998145096,0.0001818999880924821,0.014506499981507659,0.0988,False,1.0,True,1.0,cross_validate;gap_repair;robust_denoise,cross_validate;gap_repair;robust_denoise
10,0.7,event,24,static,True,1,True,False,False,239.06961356017436,16.790506962016167,239.65850965874884,1.0215999999999998,False,7.0,74.77036577479694,0.0,0.018435300036799163,0.056600000000000004,False,1.0,,,,
10,0.7,event,24,igdo,True,1,True,True,True,16.652382931553795,16.790506962016167,23.64789591783205,1.0637999999999999,False,6.0,1.0783919899825922,0.0002552999649196863,0.013317500008270144,0.0988,False,1.0,True,1.0,cross_validate;gap_repair;robust_denoise,cross_validate;gap_repair;robust_denoise
10,0.7,event,25,static,True,1,True,True,True,17.05367926833512,14.09152780219452,22.122367241940093,0.1576,False,7.0,1.5597421903682906,0.0,0.01812740002060309,0.056600000000000004,False,1.0,,,,
10,0.7,event,25,igdo,True,1,True,True,True,4.30030181876468,0.9084721978054802,4.395215292412458,0.19979999999999998,False,6.0,1.1732779780610691,0.00017119996482506394,0.015605199907440692,0.0988,False,1.0,True,1.0,cross_validate;gap_repair;robust_denoise,cross_validate;gap_repair;robust_denoise
10,0.7,event,26,static,True,1,True,True,True,49.219225198688115,16.17407201882716,51.80861641493028,0.9925999999999999,False,7.0,6.822759061591582,0.0,0.018608600075822324,0.056600000000000004,False,1.0,,,,
10,0.7,event,26,igdo,True,1,True,True,True,15.326136313726813,1.174072018827161,15.371040934573319,1.0348,False,6.0,1.4177058230403181,0.00018659996567294002,0.014553300046827644,0.0988,False,1.0,True,1.0,cross_validate;gap_repair;robust_denoise,cross_validate;gap_repair;robust_denoise
10,0.7,event,27,static,True,1,True,True,True,20.851788764299247,26.6964178067295,33.874707650139506,0.9676,False,7.0,1.609058208371995,0.0,0.016588199941907078,0.056600000000000004,False,1.0,,,,
10,0.7,event,27,igdo,True,1,True,True,True,4.0072593240158785,3.3035821932705005,5.193436492112533,1.0098,False,6.0,1.5372359347327142,0.00015129998791962862,0.01488559995777905,0.0988,False,1.0,True,1.0,cross_validate;gap_repair;robust_denoise,cross_validate;gap_repair;robust_denoise
10,0.7,event,28,static,True,2,True,True,True,10.167735505011402,9.095508759665137,13.64225512505226,0.6776,False,7.0,1.5692953255530713,0.0,0.020661500049754977,0.056600000000000004,False,1.0,,,,
10,0.7,event,28,igdo,True,1,True,True,True,10.167735505011402,9.095508759665137,13.64225512505226,0.7198,False,6.0,1.652565481614251,0.0002867000293917954,0.01172250002855435,0.0988,False,1.0,True,1.0,cross_validate;gap_repair;robust_denoise,cross_validate;gap_repair;robust_denoise
10,0.7,event,29,static,True,1,True,True,True,14.592641904133174,54.46091808373795,56.38206094376011,0.21760000000000004,False,7.0,0.8977718262075766,0.0,0.015090699947904795,0.056600000000000004,False,1.0,,,,
10,0.7,event,29,igdo,True,1,True,True,True,32.31531379648758,99.46091808373795,104.57893541160902,0.25980000000000003,False,6.0,0.7994961289289029,0.0001886999816633761,0.015342900005634874,0.0988,False,1.0,True,1.0,cross_validate;gap_repair;robust_denoise,cross_validate;gap_repair;robust_denoise
10,0.7,noise,0,static,False,0,False,False,False,,,,,False,,,0.0,0.013434899970889091,0.056600000000000004,False,1.0,,,,
10,0.7,noise,0,igdo,False,0,False,False,False,,,,,False,,,0.00015569996321573853,0.009173900005407631,0.0988,False,1.0,True,1.0,cross_validate;gap_repair;robust_denoise,cross_validate;gap_repair;robust_denoise
10,0.7,noise,1,static,False,1,False,False,False,,,,,True,,,0.0,0.015628399967681617,0.056600000000000004,False,1.0,,,,
10,0.7,noise,1,igdo,False,0,False,False,False,,,,,False,,,0.00025370001094415784,0.0071959999622777104,0.0988,False,1.0,True,1.0,cross_validate;gap_repair;robust_denoise,cross_validate;gap_repair;robust_denoise
10,0.7,noise,2,static,False,0,False,False,False,,,,,False,,,0.0,0.033181399980094284,0.056600000000000004,False,1.0,,,,
10,0.7,noise,2,igdo,False,0,False,False,False,,,,,False,,,0.00023909995798021555,0.014573300024494529,0.0988,False,1.0,True,1.0,cross_validate;gap_repair;robust_denoise,cross_validate;gap_repair;robust_denoise
10,0.7,noise,3,static,False,1,False,False,False,,,,,True,,,0.0,0.015465000120457262,0.056600000000000004,False,1.0,,,,
10,0.7,noise,3,igdo,False,0,False,False,False,,,,,False,,,0.0001550000160932541,0.00998889992479235,0.0988,False,1.0,True,1.0,cross_validate;gap_repair;robust_denoise,cross_validate;gap_repair;robust_denoise
10,0.7,noise,4,static,False,1,False,False,False,,,,,True,,,0.0,0.013696799986064434,0.056600000000000004,False,1.0,,,,
10,0.7,noise,4,igdo,False,0,False,False,False,,,,,False,,,0.00020139996195212007,0.008352099976036698,0.0988,False,1.0,True,1.0,cross_validate;gap_repair;robust_denoise,cross_validate;gap_repair;robust_denoise
10,0.7,noise,5,static,False,0,False,False,False,,,,,False,,,0.0,0.008073600009083748,0.056600000000000004,False,1.0,,,,
10,0.7,noise,5,igdo,False,0,False,False,False,,,,,False,,,0.00035039999056607485,0.009926000027917325,0.0988,False,1.0,True,1.0,cross_validate;gap_repair;robust_denoise,cross_validate;gap_repair;robust_denoise
10,0.7,noise,6,static,False,0,False,False,False,,,,,False,,,0.0,0.008700399950612336,0.056600000000000004,False,1.0,,,,
10,0.7,noise,6,igdo,False,0,False,False,False,,,,,False,,,0.0002568000345490873,0.0065349998767487705,0.0988,False,1.0,True,1.0,cross_validate;gap_repair;robust_denoise,cross_validate;gap_repair;robust_denoise
10,0.7,noise,7,static,False,0,False,False,False,,,,,False,,,0.0,0.012438800127711147,0.056600000000000004,False,1.0,,,,
10,0.7,noise,7,igdo,False,0,False,False,False,,,,,False,,,0.00015790003817528486,0.010056200088001788,0.0988,False,1.0,True,1.0,cross_validate;gap_repair;robust_denoise,cross_validate;gap_repair;robust_denoise
10,0.7,noise,8,static,False,0,False,False,False,,,,,False,,,0.0,0.008392499992623925,0.056600000000000004,False,1.0,,,,
10,0.7,noise,8,igdo,False,0,False,False,False,,,,,False,,,0.00018610002007335424,0.012255500070750713,0.0988,False,1.0,True,1.0,cross_validate;gap_repair;robust_denoise,cross_validate;gap_repair;robust_denoise
10,0.7,noise,9,static,False,0,False,False,False,,,,,False,,,0.0,0.009786499897018075,0.056600000000000004,False,1.0,,,,
10,0.7,noise,9,igdo,False,0,False,False,False,,,,,False,,,0.00017380004283040762,0.011651999957393855,0.0988,False,1.0,True,1.0,cross_validate;gap_repair;robust_denoise,cross_validate;gap_repair;robust_denoise
10,0.7,noise,10,static,False,0,False,False,False,,,,,False,,,0.0,0.009373900014907122,0.056600000000000004,False,1.0,,,,
10,0.7,noise,10,igdo,False,0,False,False,False,,,,,False,,,0.00014950003242120147,0.009722999937366694,0.0988,False,1.0,True,1.0,cross_validate;gap_repair;robust_denoise,cross_validate;gap_repair;robust_denoise
10,0.7,noise,11,static,False,0,False,False,False,,,,,False,,,0.0,0.011090799991507083,0.056600000000000004,False,1.0,,,,
10,0.7,noise,11,igdo,False,0,False,False,False,,,,,False,,,0.0001474000164307654,0.00894739996874705,0.0988,False,1.0,True,1.0,cross_validate;gap_repair;robust_denoise,cross_validate;gap_repair;robust_denoise
10,0.7,noise,12,static,False,0,False,False,False,,,,,False,,,0.0,0.011753099912311882,0.056600000000000004,False,1.0,,,,
10,0.7,noise,12,igdo,False,0,False,False,False,,,,,False,,,0.00023799994960427284,0.006750400003511459,0.0988,False,1.0,True,1.0,cross_validate;gap_repair;robust_denoise,cross_validate;gap_repair;robust_denoise
10,0.7,noise,13,static,False,0,False,False,False,,,,,False,,,0.0,0.0113860999699682,0.056600000000000004,False,1.0,,,,
10,0.7,noise,13,igdo,False,0,False,False,False,,,,,False,,,0.00017640000442042947,0.007355800014920533,0.0988,False,1.0,True,1.0,cross_validate;gap_repair;robust_denoise,cross_validate;gap_repair;robust_denoise
10,0.7,noise,14,static,False,0,False,False,False,,,,,False,,,0.0,0.009700600116048008,0.056600000000000004,False,1.0,,,,
10,0.7,noise,14,igdo,False,0,False,False,False,,,,,False,,,0.00020290003158152103,0.007757399987895042,0.0988,False,1.0,True,1.0,cross_validate;gap_repair;robust_denoise,cross_validate;gap_repair;robust_denoise
10,0.7,noise,15,static,False,1,False,False,False,,,,,True,,,0.0,0.014500699937343597,0.056600000000000004,False,1.0,,,,
10,0.7,noise,15,igdo,False,0,False,False,False,,,,,False,,,0.00020129996119067073,0.006723999977111816,0.0988,False,1.0,True,1.0,cross_validate;gap_repair;robust_denoise,cross_validate;gap_repair;robust_denoise
10,0.7,noise,16,static,False,0,False,False,False,,,,,False,,,0.0,0.008623100002296269,0.056600000000000004,False,1.0,,,,
10,0.7,noise,16,igdo,False,0,False,False,False,,,,,False,,,0.00022660003742203116,0.009095000161323696,0.0988,False,1.0,True,1.0,cross_validate;gap_repair;robust_denoise,cross_validate;gap_repair;robust_denoise
10,0.7,noise,17,static,False,0,False,False,False,,,,,False,,,0.0,0.01216379995457828,0.056600000000000004,False,1.0,,,,
10,0.7,noise,17,igdo,False,0,False,False,False,,,,,False,,,0.00018800003454089165,0.006526999990455806,0.0988,False,1.0,True,1.0,cross_validate;gap_repair;robust_denoise,cross_validate;gap_repair;robust_denoise
10,0.7,noise,18,static,False,1,False,False,False,,,,,True,,,0.0,0.013189799967221916,0.056600000000000004,False,1.0,,,,
10,0.7,noise,18,igdo,False,0,False,False,False,,,,,False,,,0.00016789999790489674,0.006921399966813624,0.0988,False,1.0,True,1.0,cross_validate;gap_repair;robust_denoise,cross_validate;gap_repair;robust_denoise
10,0.7,noise,19,static,False,2,False,False,False,,,,,True,,,0.0,0.016657200001645833,0.056600000000000004,False,1.0,,,,
10,0.7,noise,19,igdo,False,0,False,False,False,,,,,False,,,0.00019189994782209396,0.0067458999110385776,0.0988,False,1.0,True,1.0,cross_validate;gap_repair;robust_denoise,cross_validate;gap_repair;robust_denoise
10,0.7,noise,20,static,False,1,False,False,False,,,,,True,,,0.0,0.017514399951323867,0.056600000000000004,False,1.0,,,,
10,0.7,noise,20,igdo,False,0,False,False,False,,,,,False,,,0.00022879999596625566,0.010770099936053157,0.0988,False,1.0,True,1.0,cross_validate;gap_repair;robust_denoise,cross_validate;gap_repair;robust_denoise
10,0.7,noise,21,static,False,0,False,False,False,,,,,False,,,0.0,0.01560430001700297,0.056600000000000004,False,1.0,,,,
10,0.7,noise,21,igdo,False,0,False,False,False,,,,,False,,,0.0002003999543376267,0.0071356999687850475,0.0988,False,1.0,True,1.0,cross_validate;gap_repair;robust_denoise,cross_validate;gap_repair;robust_denoise
10,0.7,noise,22,static,False,0,False,False,False,,,,,False,,,0.0,0.009239799925126135,0.056600000000000004,False,1.0,,,,
10,0.7,noise,22,igdo,False,0,False,False,False,,,,,False,,,0.0001634999644011259,0.009250200004316866,0.0988,False,1.0,True,1.0,cross_validate;gap_repair;robust_denoise,cross_validate;gap_repair;robust_denoise
10,0.7,noise,23,static,False,0,False,False,False,,,,,False,,,0.0,0.008489100087899715,0.056600000000000004,False,1.0,,,,
10,0.7,noise,23,igdo,False,0,False,False,False,,,,,False,,,0.00014130002819001675,0.01009570003952831,0.0988,False,1.0,True,1.0,cross_validate;gap_repair;robust_denoise,cross_validate;gap_repair;robust_denoise
10,0.7,noise,24,static,False,0,False,False,False,,,,,False,,,0.0,0.01009999995585531,0.056600000000000004,False,1.0,,,,
10,0.7,noise,24,igdo,False,0,False,False,False,,,,,False,,,0.00016090000281110406,0.006077499943785369,0.0988,False,1.0,True,1.0,cross_validate;gap_repair;robust_denoise,cross_validate;gap_repair;robust_denoise
10,0.7,noise,25,static,False,1,False,False,False,,,,,True,,,0.0,0.014965799986384809,0.056600000000000004,False,1.0,,,,
10,0.7,noise,25,igdo,False,0,False,False,False,,,,,False,,,0.00016280001727864146,0.011521400010678917,0.0988,False,1.0,True,1.0,cross_validate;gap_repair;robust_denoise,cross_validate;gap_repair;robust_denoise
10,0.7,noise,26,static,False,0,False,False,False,,,,,False,,,0.0,0.00834450003458187,0.056600000000000004,False,1.0,,,,
10,0.7,noise,26,igdo,False,0,False,False,False,,,,,False,,,0.0002457999507896602,0.0075888000428676605,0.0988,False,1.0,True,1.0,cross_validate;gap_repair;robust_denoise,cross_validate;gap_repair;robust_denoise
10,0.7,noise,27,static,False,0,False,False,False,,,,,False,,,0.0,0.009581799968145788,0.056600000000000004,False,1.0,,,,
10,0.7,noise,27,igdo,False,0,False,False,False,,,,,False,,,0.00038759998278692365,0.008358900027815253,0.0988,False,1.0,True,1.0,cross_validate;gap_repair;robust_denoise,cross_validate;gap_repair;robust_denoise
10,0.7,noise,28,static,False,1,False,False,False,,,,,True,,,0.0,0.014767499989829957,0.056600000000000004,False,1.0,,,,
10,0.7,noise,28,igdo,False,0,False,False,False,,,,,False,,,0.00016160000814124942,0.006295399973168969,0.0988,False,1.0,True,1.0,cross_validate;gap_repair;robust_denoise,cross_validate;gap_repair;robust_denoise
10,0.7,noise,29,static,False,0,False,False,False,,,,,False,,,0.0,0.010450100002344698,0.056600000000000004,False,1.0,,,,
10,0.7,noise,29,igdo,False,0,False,False,False,,,,,False,,,0.000172699976246804,0.006760700023733079,0.0988,False,1.0,True,1.0,cross_validate;gap_repair;robust_denoise,cross_validate;gap_repair;robust_denoise
5,1.0,event,0,static,True,1,True,True,True,3.3002781405404815,2.503403537397503,4.142326046556894,0.6196000000000002,False,8.0,0.4811242004346489,0.0,0.015982399927452207,0.056600000000000004,False,1.0,,,,
5,1.0,event,0,igdo,True,1,True,True,True,3.3002781405404815,2.503403537397503,4.142326046556894,0.6570000000000001,False,8.0,0.4811242004346489,0.00016490003326907754,0.01780770003097132,0.094,False,1.0,True,1.0,cross_validate;robust_denoise,cross_validate;robust_denoise
5,1.0,event,1,static,True,2,True,True,True,2.2558381129326683,2.0364351461347496,3.0390580277731587,0.26759999999999984,False,8.0,1.1142357474398832,0.0,0.020952999941073358,0.056600000000000004,False,1.0,,,,
5,1.0,event,1,igdo,True,1,True,True,True,2.2558381129326683,2.0364351461347496,3.0390580277731587,0.3049999999999998,False,8.0,1.1142357474398832,0.00023170001804828644,0.020933000021614134,0.094,False,1.0,True,1.0,cross_validate;robust_denoise,cross_validate;robust_denoise
5,1.0,event,2,static,True,1,True,True,True,16.356679607462194,5.274437637127711,17.186060053692323,0.6385999999999998,False,8.0,2.0642313123854183,0.0,0.017144299985375255,0.056600000000000004,False,1.0,,,,
5,1.0,event,2,igdo,True,1,True,True,True,16.356679607462194,5.274437637127711,17.186060053692323,0.6759999999999998,False,8.0,2.0642313123854183,0.00014949997421354055,0.017286500020418316,0.094,False,1.0,True,1.0,cross_validate;robust_denoise,cross_validate;robust_denoise
5,1.0,event,3,static,True,1,True,True,True,9.008605086435841,25.895593749679165,27.41781795205046,0.5436000000000001,False,8.0,2.251316151458542,0.0,0.01935130002675578,0.056600000000000004,False,1.0,,,,
5,1.0,event,3,igdo,True,1,True,True,True,9.008605086435841,25.895593749679165,27.41781795205046,0.5810000000000001,False,8.0,2.251316151458542,0.00023220002185553312,0.018968200078234076,0.094,False,1.0,True,1.0,cross_validate;robust_denoise,cross_validate;robust_denoise
5,1.0,event,4,static,True,1,True,True,True,25.52701984846422,9.328909056582532,27.178250247760136,0.6936,False,8.0,1.2391592360710812,0.0,0.01796590001322329,0.056600000000000004,False,1.0,,,,
5,1.0,event,4,igdo,True,1,True,True,True,25.52701984846422,9.328909056582532,27.178250247760136,0.731,False,8.0,1.2391592360710812,0.00016930000856518745,0.016075799998361617,0.094,False,1.0,True,1.0,cross_validate;robust_denoise,cross_validate;robust_denoise
5,1.0,event,5,static,True,1,True,False,False,475.20126977042963,28.200888999015092,476.0373272462606,0.7576,False,8.0,66.58113378004829,0.0,0.01597460004268214,0.056600000000000004,False,1.0,,,,
5,1.0,event,5,igdo,True,1,True,True,True,10.113022640058093,1.799111000984908,10.271807402409397,0.795,False,8.0,2.2673134344526242,0.00017389998538419604,0.01857319992268458,0.094,False,1.0,True,1.0,cross_validate;robust_denoise,cross_validate;robust_denoise
5,1.0,event,6,static,True,2,True,True,True,18.279971439694314,19.91840241933744,27.03516433785279,0.9786000000000001,False,8.0,1.6968911119947057,0.0,0.02243450010428205,0.056600000000000004,False,1.0,,,,
5,1.0,event,6,igdo,True,1,True,True,True,18.279971439694314,19.91840241933744,27.03516433785279,1.0160000000000002,False,8.0,1.8334212182968301,0.00037129997508600354,0.018992299970705062,0.094,False,1.0,True,1.0,cross_validate;robust_denoise,cross_validate;robust_denoise
5,1.0,event,7,static,True,1,True,True,True,12.600321889289338,17.683644335873623,21.713576138245383,1.1166,False,8.0,1.3547655618539343,0.0,0.021492000087164342,0.056600000000000004,False,1.0,,,,
5,1.0,event,7,igdo,True,1,True,True,True,12.600321889289338,17.683644335873623,21.713576138245383,1.1540000000000001,False,8.0,1.3547655618539343,0.00017140002455562353,0.019676800002343953,0.094,False,1.0,True,1.0,cross_validate;robust_denoise,cross_validate;robust_denoise
5,1.0,event,8,static,True,1,True,True,True,6.096410401717847,15.068293494941116,16.254835853857717,1.1106,False,8.0,1.010789098372684,0.0,0.01768470008391887,0.056600000000000004,False,1.0,,,,
5,1.0,event,8,igdo,True,1,True,True,True,6.096410401717847,15.068293494941116,16.254835853857717,1.1480000000000001,False,8.0,1.010789098372684,0.00016900000628083944,0.018827500112820417,0.094,False,1.0,True,1.0,cross_validate;robust_denoise,cross_validate;robust_denoise
5,1.0,event,9,static,True,2,True,True,True,17.845093496907456,8.377769423719158,19.71381197106162,0.5255999999999998,False,8.0,1.1163712266230643,0.0,0.021768499980680645,0.056600000000000004,False,1.0,,,,
5,1.0,event,9,igdo,True,1,True,True,True,17.845093496907456,8.377769423719158,19.71381197106162,0.5629999999999998,False,8.0,1.1163712266230643,0.0001488000270910561,0.016580999945290387,0.094,False,1.0,True,1.0,cross_validate;robust_denoise,cross_validate;robust_denoise
5,1.0,event,10,static,True,1,True,True,True,21.848050560664717,4.622796683806797,22.331761293753278,0.4505999999999999,False,8.0,4.834843853901275,0.0,0.016650999954435974,0.056600000000000004,False,1.0,,,,
5,1.0,event,10,igdo,True,1,True,True,True,21.848050560664717,4.622796683806797,22.331761293753278,0.4879999999999999,False,8.0,4.443551692078866,0.00033190002432093024,0.016731999930925667,0.094,False,1.0,True,1.0,cross_validate;robust_denoise,cross_validate;robust_denoise
5,1.0,event,11,static,True,1,True,True,True,8.216872597385418,6.7123793582089775,10.610043917447909,0.7626,False,8.0,0.6816089722964015,0.0,0.017116000060923398,0.056600000000000004,False,1.0,,,,
5,1.0,event,11,igdo,True,1,True,True,True,8.216872597385418,6.7123793582089775,10.610043917447909,0.7999999999999999,False,8.0,0.43558012128851464,0.00018209998961538076,0.01889659999869764,0.094,False,1.0,True,1.0,cross_validate;robust_denoise,cross_validate;robust_denoise
5,1.0,event,12,static,True,2,True,True,True,3.1566372804319096,15.481218557650692,15.799762243463055,0.49960000000000004,False,8.0,1.0451153145208252,0.0,0.020253200025763363,0.056600000000000004,False,1.0,,,,
5,1.0,event,12,igdo,True,1,True,True,True,3.1566372804319096,15.481218557650692,15.799762243463055,0.537,False,8.0,1.0451153145208252,0.0001466000103391707,0.01680290000513196,0.094,False,1.0,True,1.0,cross_validate;robust_denoise,cross_validate;robust_denoise
5,1.0,event,13,static,True,1,True,True,True,4.5434062618787685,11.702158119092985,12.553208558162853,0.7486000000000002,False,8.0,1.533330384184721,0.0,0.01767690002452582,0.056600000000000004,False,1.0,,,,
5,1.0,event,13,igdo,True,1,True,True,True,4.5434062618787685,11.702158119092985,12.553208558162853,0.7860000000000001,False,8.0,1.533330384184721,0.00017639994621276855,0.018037999980151653,0.094,False,1.0,True,1.0,cross_validate;robust_denoise,cross_validate;robust_denoise
5,1.0,event,14,static,True,1,True,True,True,6.870374688570692,3.761348772572987,7.832610864219488,0.6396000000000002,False,8.0,1.2136299325258528,0.0,0.01920450001489371,0.056600000000000004,False,1.0,,,,
5,1.0,event,14,igdo,True,1,True,True,True,6.870374688570692,3.761348772572987,7.832610864219488,0.6770000000000002,False,8.0,1.2136299325258528,0.00017409998690709472,0.01817190001020208,0.094,False,1.0,True,1.0,cross_validate;robust_denoise,cross_validate;robust_denoise
5,1.0,event,15,static,True,1,True,True,True,15.019797484163497,8.784084534041128,17.399840733939627,0.8845999999999998,False,8.0,1.2070251252363147,0.0,0.015512599959038198,0.056600000000000004,False,1.0,,,,
5,1.0,event,15,igdo,True,1,True,True,True,15.019797484163497,8.784084534041128,17.399840733939627,0.9219999999999998,False,8.0,1.2070251252363147,0.00015060004079714417,0.017157500027678907,0.094,False,1.0,True,1.0,cross_validate;robust_denoise,cross_validate;robust_denoise
5,1.0,event,16,static,True,1,True,True,True,8.030170736187491,3.4588456924988975,8.743412124384857,0.5066000000000002,False,8.0,1.4721179845166716,0.0,0.017345900007057935,0.056600000000000004,False,1.0,,,,
5,1.0,event,16,igdo,True,1,True,True,True,8.030170736187491,3.4588456924988975,8.743412124384857,0.5440000000000002,False,8.0,1.4721179845166716,0.00017319998005405068,0.016947299940511584,0.094,False,1.0,True,1.0,cross_validate;robust_denoise,cross_validate;robust_denoise
5,1.0,event,17,static,True,1,True,True,True,3.1580438475573187,2.257517161479768,3.881961447190106,0.9995999999999996,False,8.0,0.7350313613413059,0.0,0.019990199944004416,0.056600000000000004,False,1.0,,,,
5,1.0,event,17,igdo,True,1,True,True,True,3.1580438475573187,2.257517161479768,3.881961447190106,1.0369999999999997,False,8.0,0.7350313613413059,0.0001957999775186181,0.01733599998988211,0.094,False,1.0,True,1.0,cross_validate;robust_denoise,cross_validate;robust_denoise
5,1.0,event,18,static,True,2,True,True,True,10.294884002054047,7.564869734813215,12.775440920783959,1.1065999999999998,False,8.0,1.8258705725503288,0.0,0.025646699941717088,0.056600000000000004,False,1.0,,,,
5,1.0,event,18,igdo,True,1,True,True,True,10.294884002054047,7.564869734813215,12.775440920783959,1.144,False,8.0,1.8258705725503288,0.00016880000475794077,0.021259900007862598,0.094,False,1.0,True,1.0,cross_validate;robust_denoise,cross_validate;robust_denoise
5,1.0,event,19,static,True,1,True,True,True,22.83629558916461,15.450056523638807,27.57173630403666,0.8856000000000002,False,8.0,1.9011646793140096,0.0,0.016493799979798496,0.056600000000000004,False,1.0,,,,
5,1.0,event,19,igdo,True,1,True,True,True,22.83629558916461,15.450056523638807,27.57173630403666,0.9230000000000002,False,8.0,2.037950743061412,0.0002487000310793519,0.01658659998793155,0.094,False,1.0,True,1.0,cross_validate;robust_denoise,cross_validate;robust_denoise
5,1.0,event,20,static,True,1,True,True,True,18.124681109347275,19.823522539514457,26.86030735472265,0.3506,False,8.0,0.7850458267308621,0.0,0.017329699941910803,0.056600000000000004,False,1.0,,,,
5,1.0,event,20,igdo,True,1,True,True,True,18.124681109347275,19.823522539514457,26.86030735472265,0.388,False,8.0,0.7850458267308621,0.0001504000392742455,0.016052799997851253,0.094,False,1.0,True,1.0,cross_validate;robust_denoise,cross_validate;robust_denoise
5,1.0,event,21,static,True,1,True,True,True,6.984124782555476,0.8081458820126244,7.03072533561933,0.8515999999999999,False,8.0,1.5767145476765416,0.0,0.029923600144684315,0.056600000000000004,False,1.0,,,,
5,1.0,event,21,igdo,True,1,True,True,True,6.984124782555476,0.8081458820126244,7.03072533561933,0.8889999999999999,False,8.0,1.5767145476765416,0.00018470000941306353,0.017387400032021105,0.094,False,1.0,True,1.0,cross_validate;robust_denoise,cross_validate;robust_denoise
5,1.0,event,22,static,True,1,True,True,True,17.228988921464165,2.8981851155172365,17.471048515179064,0.5335999999999999,False,8.0,1.4923963191555354,0.0,0.020022700016852468,0.056600000000000004,False,1.0,,,,
5,1.0,event,22,igdo,True,1,True,True,True,17.228988921464165,2.8981851155172365,17.471048515179064,0.5709999999999998,False,8.0,1.4923963191555354,0.00035530002787709236,0.015912900038529187,0.094,False,1.0,True,1.0,cross_validate;robust_denoise,cross_validate;robust_denoise
5,1.0,event,23,static,True,2,True,True,True,26.146726982240686,6.499082219435039,26.942334746246654,0.5366,False,8.0,7.60869215885782,0.0,0.021810099889989942,0.056600000000000004,False,1.0,,,,
5,1.0,event,23,igdo,True,1,True,True,True,26.146726982240686,6.499082219435039,26.942334746246654,0.574,False,8.0,7.60869215885782,0.00018729997100308537,0.01909209997393191,0.094,False,1.0,True,1.0,cross_validate;robust_denoise,cross_validate;robust_denoise
5,1.0,event,24,static,True,1,True,True,True,4.9041044088738595,38.76466255652268,39.07363949229976,0.5705999999999998,False,8.0,2.897540137587262,0.0,0.015139700029976666,0.056600000000000004,False,1.0,,,,
5,1.0,event,24,igdo,True,1,True,True,True,4.9041044088738595,23.76466255652268,24.265395658808597,0.6079999999999998,False,8.0,1.3068027262597786,0.0001466000103391707,0.017760300019290298,0.094,False,1.0,True,1.0,cross_validate;robust_denoise,cross_validate;robust_denoise
5,1.0,event,25,static,True,3,True,True,True,6.610872901571892,0.9883090458872061,6.684339555327814,0.6616,False,8.0,0.8786159281983332,0.0,0.026237300073262304,0.056600000000000004,False,1.0,,,,
5,1.0,event,25,igdo,True,1,True,True,True,6.610872901571892,0.9883090458872061,6.684339555327814,0.699,False,8.0,0.8786159281983332,0.00020270003005862236,0.019392400048673153,0.094,False,1.0,True,1.0,cross_validate;robust_denoise,cross_validate;robust_denoise
5,1.0,event,26,static,True,1,True,True,True,71.54867188053937,43.1178045495669,83.53656395282091,0.3285999999999998,False,8.0,1.3373189145920186,0.0,0.01776450010947883,0.056600000000000004,False,1.0,,,,
5,1.0,event,26,igdo,True,1,True,True,True,71.54867188053937,43.1178045495669,83.53656395282091,0.36599999999999977,False,8.0,1.3373189145920186,0.0001773000112734735,0.01799260004190728,0.094,False,1.0,True,1.0,cross_validate;robust_denoise,cross_validate;robust_denoise
5,1.0,event,27,static,True,1,True,True,True,10.111120916987046,14.058972322165602,17.317317025259758,0.4636,False,8.0,1.882825921775926,0.0,0.015619399957358837,0.056600000000000004,False,1.0,,,,
5,1.0,event,27,igdo,True,1,True,True,True,10.111120916987046,14.058972322165602,17.317317025259758,0.501,False,8.0,1.882825921775926,0.0001640000264160335,0.023743400000967085,0.094,False,1.0,True,1.0,cross_validate;robust_denoise,cross_validate;robust_denoise
5,1.0,event,28,static,True,1,True,False,False,563.1002069620656,107.8809646562724,573.3412122077822,0.7035999999999998,False,8.0,46.24542861939729,0.0,0.01744440000038594,0.056600000000000004,False,1.0,,,,
5,1.0,event,28,igdo,True,0,False,False,False,,,,,False,,,0.00017860002117231488,0.019108900043647736,0.094,False,1.0,True,1.0,cross_validate;robust_denoise,cross_validate;robust_denoise
5,1.0,event,29,static,True,2,True,True,True,12.349114570573768,18.117395898767143,21.925799069357126,1.0735999999999999,False,8.0,1.8548228318909352,0.0,0.019632300012744963,0.056600000000000004,False,1.0,,,,
5,1.0,event,29,igdo,True,1,True,True,True,12.349114570573768,18.117395898767143,21.925799069357126,1.111,False,8.0,1.8548228318909352,0.0001705000177025795,0.023008199990727007,0.094,False,1.0,True,1.0,cross_validate;robust_denoise,cross_validate;robust_denoise
5,1.0,noise,0,static,False,0,False,False,False,,,,,False,,,0.0,0.008812199928797781,0.056600000000000004,False,1.0,,,,
5,1.0,noise,0,igdo,False,0,False,False,False,,,,,False,,,0.0001509999856352806,0.014496399904601276,0.094,False,1.0,True,1.0,cross_validate;robust_denoise,cross_validate;robust_denoise
5,1.0,noise,1,static,False,1,False,False,False,,,,,True,,,0.0,0.03278660005889833,0.056600000000000004,False,1.0,,,,
5,1.0,noise,1,igdo,False,0,False,False,False,,,,,False,,,0.0001669999910518527,0.014148499991279095,0.094,False,1.0,True,1.0,cross_validate;robust_denoise,cross_validate;robust_denoise
5,1.0,noise,2,static,False,0,False,False,False,,,,,False,,,0.0,0.011264299915637821,0.056600000000000004,False,1.0,,,,
5,1.0,noise,2,igdo,False,0,False,False,False,,,,,False,,,0.00017450004816055298,0.014109699986875057,0.094,False,1.0,True,1.0,cross_validate;robust_denoise,cross_validate;robust_denoise
5,1.0,noise,3,static,False,0,False,False,False,,,,,False,,,0.0,0.017112100031226873,0.056600000000000004,False,1.0,,,,
5,1.0,noise,3,igdo,False,0,False,False,False,,,,,False,,,0.00018289999570697546,0.014322199916932732,0.094,False,1.0,True,1.0,cross_validate;robust_denoise,cross_validate;robust_denoise
5,1.0,noise,4,static,False,2,False,False,False,,,,,True,,,0.0,0.028669600025750697,0.056600000000000004,False,1.0,,,,
5,1.0,noise,4,igdo,False,0,False,False,False,,,,,False,,,0.00024090002989396453,0.015576400037389249,0.094,False,1.0,True,1.0,cross_validate;robust_denoise,cross_validate;robust_denoise
5,1.0,noise,5,static,False,1,False,False,False,,,,,True,,,0.0,0.012603100039996207,0.056600000000000004,False,1.0,,,,
5,1.0,noise,5,igdo,False,0,False,False,False,,,,,False,,,0.0001781000173650682,0.01618220005184412,0.094,False,1.0,True,1.0,cross_validate;robust_denoise,cross_validate;robust_denoise
5,1.0,noise,6,static,False,1,False,False,False,,,,,True,,,0.0,0.019653699942864478,0.056600000000000004,False,1.0,,,,
5,1.0,noise,6,igdo,False,0,False,False,False,,,,,False,,,0.0003706999705173075,0.012851899897214025,0.094,False,1.0,True,1.0,cross_validate;robust_denoise,cross_validate;robust_denoise
5,1.0,noise,7,static,False,1,False,False,False,,,,,True,,,0.0,0.019584900001063943,0.056600000000000004,False,1.0,,,,
5,1.0,noise,7,igdo,False,0,False,False,False,,,,,False,,,0.0001993000041693449,0.009552299976348877,0.094,False,1.0,True,1.0,cross_validate;robust_denoise,cross_validate;robust_denoise
5,1.0,noise,8,static,False,1,False,False,False,,,,,True,,,0.0,0.01809810008853674,0.056600000000000004,False,1.0,,,,
5,1.0,noise,8,igdo,False,0,False,False,False,,,,,False,,,0.00019559997599571943,0.012230099993757904,0.094,False,1.0,True,1.0,cross_validate;robust_denoise,cross_validate;robust_denoise
5,1.0,noise,9,static,False,1,False,False,False,,,,,True,,,0.0,0.016530600027181208,0.056600000000000004,False,1.0,,,,
5,1.0,noise,9,igdo,False,0,False,False,False,,,,,False,,,0.0001666999887675047,0.014495000010356307,0.094,False,1.0,True,1.0,cross_validate;robust_denoise,cross_validate;robust_denoise
5,1.0,noise,10,static,False,0,False,False,False,,,,,False,,,0.0,0.010794000118039548,0.056600000000000004,False,1.0,,,,
5,1.0,noise,10,igdo,False,0,False,False,False,,,,,False,,,0.0001623999560251832,0.008091399969998747,0.094,False,1.0,True,1.0,cross_validate;robust_denoise,cross_validate;robust_denoise
5,1.0,noise,11,static,False,0,False,False,False,,,,,False,,,0.0,0.010450400004629046,0.056600000000000004,False,1.0,,,,
5,1.0,noise,11,igdo,False,0,False,False,False,,,,,False,,,0.00016739999409765005,0.0111463000648655,0.094,False,1.0,True,1.0,cross_validate;robust_denoise,cross_validate;robust_denoise
5,1.0,noise,12,static,False,1,False,False,False,,,,,True,,,0.0,0.018325299955904484,0.056600000000000004,False,1.0,,,,
5,1.0,noise,12,igdo,False,0,False,False,False,,,,,False,,,0.0001776000135578215,0.010435799893457443,0.094,False,1.0,True,1.0,cross_validate;robust_denoise,cross_validate;robust_denoise
5,1.0,noise,13,static,False,1,False,False,False,,,,,True,,,0.0,0.013435400032903999,0.056600000000000004,False,1.0,,,,
5,1.0,noise,13,igdo,False,0,False,False,False,,,,,False,,,0.0001756999990902841,0.008456900017336011,0.094,False,1.0,True,1.0,cross_validate;robust_denoise,cross_validate;robust_denoise
5,1.0,noise,14,static,False,1,False,False,False,,,,,True,,,0.0,0.016744900029152632,0.056600000000000004,False,1.0,,,,
5,1.0,noise,14,igdo,False,0,False,False,False,,,,,False,,,0.00020380003843456507,0.009667700156569481,0.094,False,1.0,True,1.0,cross_validate;robust_denoise,cross_validate;robust_denoise
5,1.0,noise,15,static,False,0,False,False,False,,,,,False,,,0.0,0.012745499960146844,0.056600000000000004,False,1.0,,,,
5,1.0,noise,15,igdo,False,0,False,False,False,,,,,False,,,0.00015330000314861536,0.009665199904702604,0.094,False,1.0,True,1.0,cross_validate;robust_denoise,cross_validate;robust_denoise
5,1.0,noise,16,static,False,0,False,False,False,,,,,False,,,0.0,0.009048399981111288,0.056600000000000004,False,1.0,,,,
5,1.0,noise,16,igdo,False,0,False,False,False,,,,,False,,,0.00029719999292865396,0.009249199996702373,0.094,False,1.0,True,1.0,cross_validate;robust_denoise,cross_validate;robust_denoise
5,1.0,noise,17,static,False,1,False,False,False,,,,,True,,,0.0,0.014741300023160875,0.056600000000000004,False,1.0,,,,
5,1.0,noise,17,igdo,False,0,False,False,False,,,,,False,,,0.00019109999993816018,0.00855640001827851,0.094,False,1.0,True,1.0,cross_validate;robust_denoise,cross_validate;robust_denoise
5,1.0,noise,18,static,False,0,False,False,False,,,,,False,,,0.0,0.008382300089579076,0.056600000000000004,False,1.0,,,,
5,1.0,noise,18,igdo,False,0,False,False,False,,,,,False,,,0.0002196999848820269,0.009321099903900176,0.094,False,1.0,True,1.0,cross_validate;robust_denoise,cross_validate;robust_denoise
5,1.0,noise,19,static,False,2,False,False,False,,,,,True,,,0.0,0.01811679999809712,0.056600000000000004,False,1.0,,,,
5,1.0,noise,19,igdo,False,0,False,False,False,,,,,False,,,0.00017140002455562353,0.013514600053895265,0.094,False,1.0,True,1.0,cross_validate;robust_denoise,cross_validate;robust_denoise
5,1.0,noise,20,static,False,3,False,False,False,,,,,True,,,0.0,0.020461900101508945,0.056600000000000004,False,1.0,,,,
5,1.0,noise,20,igdo,False,0,False,False,False,,,,,False,,,0.00015970005188137293,0.011945599981117994,0.094,False,1.0,True,1.0,cross_validate;robust_denoise,cross_validate;robust_denoise
5,1.0,noise,21,static,False,0,False,False,False,,,,,False,,,0.0,0.011527199996635318,0.056600000000000004,False,1.0,,,,
5,1.0,noise,21,igdo,False,0,False,False,False,,,,,False,,,0.00017259997548535466,0.011974899971392006,0.094,False,1.0,True,1.0,cross_validate;robust_denoise,cross_validate;robust_denoise
5,1.0,noise,22,static,False,1,False,False,False,,,,,True,,,0.0,0.016664499940816313,0.056600000000000004,False,1.0,,,,
5,1.0,noise,22,igdo,False,0,False,False,False,,,,,False,,,0.00015079998411238194,0.012235500034876168,0.094,False,1.0,True,1.0,cross_validate;robust_denoise,cross_validate;robust_denoise
5,1.0,noise,23,static,False,0,False,False,False,,,,,False,,,0.0,0.013456100015901029,0.056600000000000004,False,1.0,,,,
5,1.0,noise,23,igdo,False,0,False,False,False,,,,,False,,,0.0001550999586470425,0.010898799984715879,0.094,False,1.0,True,1.0,cross_validate;robust_denoise,cross_validate;robust_denoise
5,1.0,noise,24,static,False,2,False,False,False,,,,,True,,,0.0,0.021213100117165595,0.056600000000000004,False,1.0,,,,
5,1.0,noise,24,igdo,False,0,False,False,False,,,,,False,,,0.00016190001042559743,0.010070200078189373,0.094,False,1.0,True,1.0,cross_validate;robust_denoise,cross_validate;robust_denoise
5,1.0,noise,25,static,False,0,False,False,False,,,,,False,,,0.0,0.01237760006915778,0.056600000000000004,False,1.0,,,,
5,1.0,noise,25,igdo,False,0,False,False,False,,,,,False,,,0.0001496000331826508,0.010759799974039197,0.094,False,1.0,True,1.0,cross_validate;robust_denoise,cross_validate;robust_denoise
5,1.0,noise,26,static,False,1,False,False,False,,,,,True,,,0.0,0.014845300000160933,0.056600000000000004,False,1.0,,,,
5,1.0,noise,26,igdo,False,0,False,False,False,,,,,False,,,0.0002950999769382179,0.012765699997544289,0.094,False,1.0,True,1.0,cross_validate;robust_denoise,cross_validate;robust_denoise
5,1.0,noise,27,static,False,0,False,False,False,,,,,False,,,0.0,0.009340199991129339,0.056600000000000004,False,1.0,,,,
5,1.0,noise,27,igdo,False,0,False,False,False,,,,,False,,,0.0001542000100016594,0.011714000022038817,0.094,False,1.0,True,1.0,cross_validate;robust_denoise,cross_validate;robust_denoise
5,1.0,noise,28,static,False,1,False,False,False,,,,,True,,,0.0,0.015745899989269674,0.056600000000000004,False,1.0,,,,
5,1.0,noise,28,igdo,False,0,False,False,False,,,,,False,,,0.0001852000132203102,0.007923300086986274,0.094,False,1.0,True,1.0,cross_validate;robust_denoise,cross_validate;robust_denoise
5,1.0,noise,29,static,False,0,False,False,False,,,,,False,,,0.0,0.009029399952851236,0.056600000000000004,False,1.0,,,,
5,1.0,noise,29,igdo,False,0,False,False,False,,,,,False,,,0.0002969999914057553,0.009514600038528442,0.094,False,1.0,True,1.0,cross_validate;robust_denoise,cross_validate;robust_denoise
5,0.85,event,0,static,True,2,True,True,True,9.384774665509449,8.90650542528276,12.938308792611931,0.6606000000000001,False,7.0,1.007093662201095,0.0,0.02015999989816919,0.056600000000000004,False,1.0,,,,
5,0.85,event,0,igdo,True,1,True,True,True,9.384774665509449,8.90650542528276,12.938308792611931,0.7028000000000001,False,7.0,1.007093662201095,0.00014900002861395478,0.0149729999830015,0.0988,False,1.0,True,1.0,cross_validate;gap_repair;robust_denoise,cross_validate;gap_repair;robust_denoise
5,0.85,event,1,static,True,1,True,True,True,4.129623378494062,9.372597264236163,10.242039285502273,0.37860000000000005,False,7.0,1.3033114479318582,0.0,0.01990399998612702,0.056600000000000004,False,1.0,,,,
5,0.85,event,1,igdo,True,1,True,True,True,4.129623378494062,9.372597264236163,10.242039285502273,0.42080000000000006,False,7.0,1.3033114479318582,0.00018339999951422215,0.015828900155611336,0.0988,False,1.0,True,1.0,cross_validate;gap_repair;robust_denoise,cross_validate;gap_repair;robust_denoise
5,0.85,event,2,static,True,1,True,True,True,9.809907877449037,0.1709505855749569,9.8113972841153,0.8856000000000002,False,7.0,1.4898387092591971,0.0,0.015595700067933649,0.056600000000000004,False,1.0,,,,
5,0.85,event,2,igdo,True,1,True,True,True,9.809907877449037,0.1709505855749569,9.8113972841153,0.9278000000000002,False,7.0,1.4898387092591971,0.00029940000968053937,0.016017300076782703,0.0988,False,1.0,True,1.0,cross_validate;gap_repair;robust_denoise,cross_validate;gap_repair;robust_denoise
5,0.85,event,3,static,True,1,True,True,True,3.013616751922508,6.306284878915207,6.989357259541292,0.26960000000000006,False,7.0,0.504533490327216,0.0,0.01704439998138696,0.056600000000000004,False,1.0,,,,
5,0.85,event,3,igdo,True,1,True,True,True,3.013616751922508,6.306284878915207,6.989357259541292,0.3118000000000001,False,7.0,0.504533490327216,0.00026219995925202966,0.015110100037418306,0.0988,False,1.0,True,1.0,cross_validate;gap_repair;robust_denoise,cross_validate;gap_repair;robust_denoise
5,0.85,event,4,static,True,1,True,True,True,7.724383888184943,14.499889576272622,16.429026269872193,1.0455999999999999,False,7.0,1.1606351425686723,0.0,0.01747710001654923,0.056600000000000004,False,1.0,,,,
5,0.85,event,4,igdo,True,1,True,True,True,7.724383888184943,14.499889576272622,16.429026269872193,1.0877999999999999,False,7.0,1.1606351425686723,0.00021889997879043221,0.014970000076573342,0.0988,False,1.0,True,1.0,cross_validate;gap_repair;robust_denoise,cross_validate;gap_repair;robust_denoise
5,0.85,event,5,static,True,2,True,True,True,6.895620405624757,3.7275659173902653,7.838643278460761,0.23459999999999995,False,7.0,0.9491610802782184,0.0,0.021462400094605982,0.056600000000000004,False,1.0,,,,
5,0.85,event,5,igdo,True,1,True,True,True,6.895620405624757,3.7275659173902653,7.838643278460761,0.27679999999999993,False,7.0,0.9491610802782184,0.00019049999536946416,0.017283399938605726,0.0988,False,1.0,True,1.0,cross_validate;gap_repair;robust_denoise,cross_validate;gap_repair;robust_denoise
5,0.85,event,6,static,True,2,True,True,True,7.723306667841572,8.184696213179166,11.253386956270342,0.4146000000000001,False,7.0,0.8521457184935048,0.0,0.025176800088956952,0.056600000000000004,False,1.0,,,,
5,0.85,event,6,igdo,True,1,True,True,True,7.723306667841572,8.184696213179166,11.253386956270342,0.4568000000000001,False,7.0,1.0446192481125947,0.0005449999589473009,0.02622749999864027,0.0988,False,1.0,True,1.0,cross_validate;gap_repair;robust_denoise,cross_validate;gap_repair;robust_denoise
5,0.85,event,7,static,True,1,True,True,True,19.18658503957499,22.3370640652212,29.446043478447816,0.8816000000000002,False,7.0,1.6685871690781502,0.0,0.016942899965215474,0.056600000000000004,False,1.0,,,,
5,0.85,event,7,igdo,True,1,True,True,True,19.18658503957499,22.3370640652212,29.446043478447816,0.9238000000000002,False,7.0,1.6685871690781502,0.0002324000233784318,0.014811500033829361,0.0988,False,1.0,True,1.0,cross_validate;gap_repair;robust_denoise,cross_validate;gap_repair;robust_denoise
5,0.85,event,8,static,True,1,True,False,False,657.5787718471263,24.912750497940607,658.0505195813978,0.20459999999999992,False,7.0,90.74781802866472,0.0,0.01932180003495887,0.056600000000000004,False,1.0,,,,
5,0.85,event,8,igdo,True,0,False,False,False,,,,,False,,,0.0001962999813258648,0.019398300035391003,0.0988,False,1.0,True,1.0,cross_validate;gap_repair;robust_denoise,cross_validate;gap_repair;robust_denoise
5,0.85,event,9,static,True,1,True,True,True,20.795055013820026,3.7808320322735938,21.135964701997104,0.7826,False,7.0,0.4189127959901422,0.0,0.0216918999212794,0.056600000000000004,False,1.0,,,,
5,0.85,event,9,igdo,True,1,True,True,True,20.795055013820026,3.7808320322735938,21.135964701997104,0.8248,False,7.0,0.4189127959901422,0.00016870000399649143,0.015285799978300929,0.0988,False,1.0,True,1.0,cross_validate;gap_repair;robust_denoise,cross_validate;gap_repair;robust_denoise
5,0.85,event,10,static,True,1,True,True,True,5.208729578360584,17.88483281841478,18.627885246670775,0.6885999999999999,False,7.0,0.9656005136779077,0.0,0.016280700045172125,0.056600000000000004,False,1.0,,,,
5,0.85,event,10,igdo,True,1,True,True,True,5.208729578360584,17.88483281841478,18.627885246670775,0.7307999999999999,False,7.0,0.9656005136779077,0.00016740005230531096,0.016584200027864426,0.0988,False,1.0,True,1.0,cross_validate;gap_repair;robust_denoise,cross_validate;gap_repair;robust_denoise
5,0.85,event,11,static,True,1,True,True,True,33.004457048934725,15.410196228230632,36.42483126779794,0.6326,False,7.0,1.4197905094724035,0.0,0.01602410012856126,0.056600000000000004,False,1.0,,,,
5,0.85,event,11,igdo,True,1,True,True,True,33.004457048934725,0.41019622823063173,33.00700601449079,0.6748000000000001,False,7.0,1.1644297336994451,0.0001474000164307654,0.015958999982103705,0.0988,False,1.0,True,1.0,cross_validate;gap_repair;robust_denoise,cross_validate;gap_repair;robust_denoise
5,0.85,event,12,static,True,1,True,True,True,27.342894649523444,0.46326438535116665,27.346818858976498,0.6796000000000002,False,7.0,0.7903960389959361,0.0,0.019350499904248863,0.056600000000000004,False,1.0,,,,
5,0.85,event,12,igdo,True,1,True,True,True,27.342894649523444,0.46326438535116665,27.346818858976498,0.7218000000000002,False,7.0,0.7903960389959361,0.000172999978531152,0.014657799911219627,0.0988,False,1.0,True,1.0,cross_validate;gap_repair;robust_denoise,cross_validate;gap_repair;robust_denoise
5,0.85,event,13,static,True,2,True,True,True,5.025551281515252,3.571246487686267,6.165222393308378,1.0865999999999998,False,7.0,1.0794720588736668,0.0,0.021033499913755804,0.056600000000000004,False,1.0,,,,
5,0.85,event,13,igdo,True,1,True,True,True,5.025551281515252,11.428753512313733,12.484893773211011,1.1287999999999998,False,7.0,1.2385285909387715,0.00017529999604448676,0.013506299932487309,0.0988,False,1.0,True,1.0,cross_validate;gap_repair;robust_denoise,cross_validate;gap_repair;robust_denoise
5,0.85,event,14,static,True,1,True,True,True,13.658262303952323,7.383899873741825,15.526432510689942,1.0586,False,7.0,2.126599433024385,0.0,0.015745399927254766,0.056600000000000004,False,1.0,,,,
5,0.85,event,14,igdo,True,1,True,True,True,13.658262303952323,7.383899873741825,15.526432510689942,1.1008,False,7.0,2.126599433024385,0.00015410000924021006,0.018719399988185614,0.0988,False,1.0,True,1.0,cross_validate;gap_repair;robust_denoise,cross_validate;gap_repair;robust_denoise
5,0.85,event,15,static,True,1,True,True,True,34.05858375726045,9.483353539332228,35.35422353697349,0.9226000000000001,False,7.0,0.5781085136295965,0.0,0.017006599926389754,0.056600000000000004,False,1.0,,,,
5,0.85,event,15,igdo,True,1,True,True,True,34.05858375726045,9.483353539332228,35.35422353697349,0.9648000000000001,False,7.0,0.5781085136295965,0.00021169998217374086,0.01579089992446825,0.0988,False,1.0,True,1.0,cross_validate;gap_repair;robust_denoise,cross_validate;gap_repair;robust_denoise
5,0.85,event,16,static,True,1,True,True,True,7.717984109560421,7.455146182509594,10.73063294116496,1.1236,False,7.0,1.0531538510932794,0.0,0.017042200022842735,0.056600000000000004,False,1.0,,,,
5,0.85,event,16,igdo,True,1,True,True,True,7.717984109560421,7.455146182509594,10.73063294116496,1.1658,False,7.0,1.0531538510932794,0.00016389996744692326,0.015329800080507994,0.0988,False,1.0,True,1.0,cross_validate;gap_repair;robust_denoise,cross_validate;gap_repair;robust_denoise
5,0.85,event,17,static,True,1,True,True,True,15.190612461316888,26.249009307461904,30.327630909339714,0.2966000000000002,False,7.0,0.7014549830899622,0.0,0.018163800006732345,0.056600000000000004,False,1.0,,,,
5,0.85,event,17,igdo,True,1,True,True,True,15.190612461316888,26.249009307461904,30.327630909339714,0.3388000000000002,False,7.0,0.7014549830899622,0.0001680999994277954,0.016638799977954477,0.0988,False,1.0,True,1.0,cross_validate;gap_repair;robust_denoise,cross_validate;gap_repair;robust_denoise
5,0.85,event,18,static,True,1,True,True,True,15.849182459853788,6.556503476419664,17.151802310020955,1.1186,False,7.0,0.8231841299511077,0.0,0.016840600001160055,0.056600000000000004,False,1.0,,,,
5,0.85,event,18,igdo,True,1,True,True,True,15.849182459853788,6.556503476419664,17.151802310020955,1.1608,False,7.0,0.8231841299511077,0.00018939998699352145,0.01700140006141737,0.0988,False,1.0,True,1.0,cross_validate;gap_repair;robust_denoise,cross_validate;gap_repair;robust_denoise
5,0.85,event,19,static,True,2,True,True,True,31.89074562676293,2.01907825867454,31.954598004755923,0.7816000000000001,False,7.0,0.7652028900735981,0.0,0.021400899917352945,0.056600000000000004,False,1.0,,,,
5,0.85,event,19,igdo,True,1,True,True,True,31.89074562676293,2.01907825867454,31.954598004755923,0.8238000000000001,False,7.0,0.7652028900735981,0.0002785000251606107,0.01612999994540587,0.0988,False,1.0,True,1.0,cross_validate;gap_repair;robust_denoise,cross_validate;gap_repair;robust_denoise
5,0.85,event,20,static,True,1,True,True,True,20.02153782685823,7.224719198452931,21.28517193843661,0.7746,False,7.0,2.157006526337657,0.0,0.018941099988296628,0.056600000000000004,False,1.0,,,,
5,0.85,event,20,igdo,True,1,True,True,True,20.02153782685823,7.224719198452931,21.28517193843661,0.8168,False,7.0,2.157006526337657,0.0002452000044286251,0.012820999952964485,0.0988,False,1.0,True,1.0,cross_validate;gap_repair;robust_denoise,cross_validate;gap_repair;robust_denoise
5,0.85,event,21,static,True,2,True,True,True,11.11937430813012,2.884522692786618,11.487426002786922,0.4186000000000001,False,7.0,0.9478943120412245,0.0,0.018035000015515834,0.056600000000000004,False,1.0,,,,
5,0.85,event,21,igdo,True,1,True,True,True,11.11937430813012,2.884522692786618,11.487426002786922,0.4608000000000001,False,7.0,0.9478943120412245,0.0010172000038437545,0.016971300006844103,0.0988,False,1.0,True,1.0,cross_validate;gap_repair;robust_denoise,cross_validate;gap_repair;robust_denoise
5,0.85,event,22,static,True,1,True,True,True,41.9643766210602,13.990177443870408,44.23498581558678,0.48360000000000003,False,7.0,3.2777134957153855,0.0,0.019614700111560524,0.056600000000000004,False,1.0,,,,
5,0.85,event,22,igdo,True,1,True,True,True,41.9643766210602,13.990177443870408,44.23498581558678,0.5258,False,7.0,3.2777134957153855,0.0015397000242955983,0.014062399917747825,0.0988,False,1.0,True,1.0,cross_validate;gap_repair;robust_denoise,cross_validate;gap_repair;robust_denoise
5,0.85,event,23,static,True,1,True,True,True,18.99653515781329,19.16392981637145,26.983783167095883,0.4485999999999999,False,7.0,5.979012134301955,0.0,0.017981900018639863,0.056600000000000004,False,1.0,,,,
5,0.85,event,23,igdo,True,1,True,True,True,18.99653515781329,19.16392981637145,26.983783167095883,0.4907999999999999,False,7.0,5.979012134301955,0.00017060001846402884,0.017304299923125654,0.0988,False,1.0,True,1.0,cross_validate;gap_repair;robust_denoise,cross_validate;gap_repair;robust_denoise
5,0.85,event,24,static,True,1,True,True,True,9.239970307976058,9.72805037168159,13.416855642297621,0.9705999999999999,False,7.0,0.6299015873074287,0.0,0.01519250002456829,0.056600000000000004,False,1.0,,,,
5,0.85,event,24,igdo,True,1,True,True,True,9.239970307976058,9.72805037168159,13.416855642297621,1.0128,False,7.0,0.6299015873074287,0.0003845000173896551,0.013190400088205934,0.0988,False,1.0,True,1.0,cross_validate;gap_repair;robust_denoise,cross_validate;gap_repair;robust_denoise
5,0.85,event,25,static,True,1,True,True,True,3.72902757650596,11.882392633717615,12.45379064253806,0.4196,False,7.0,0.7258786632071689,0.0,0.016906899982132018,0.056600000000000004,False,1.0,,,,
5,0.85,event,25,igdo,True,1,True,True,True,3.72902757650596,11.882392633717615,12.45379064253806,0.4618,False,7.0,0.7258786632071689,0.00015269999857991934,0.01579379994655028,0.0988,False,1.0,True,1.0,cross_validate;gap_repair;robust_denoise,cross_validate;gap_repair;robust_denoise
5,0.85,event,26,static,True,2,True,True,True,23.764299991793827,21.711092897597666,32.18871710565812,0.18960000000000002,False,7.0,3.046252131200119,0.0,0.027227899932768196,0.056600000000000004,False,1.0,,,,
5,0.85,event,26,igdo,True,1,True,True,True,23.764299991793827,21.711092897597666,32.18871710565812,0.2318,False,7.0,3.046252131200119,0.00016709999181330204,0.016679700114764273,0.0988,False,1.0,True,1.0,cross_validate;gap_repair;robust_denoise,cross_validate;gap_repair;robust_denoise
5,0.85,event,27,static,True,2,True,True,True,50.50047832619251,46.9381489895832,68.94554475629698,1.1025999999999998,False,7.0,4.2619065476749745,0.0,0.02193950000219047,0.056600000000000004,False,1.0,,,,
5,0.85,event,27,igdo,True,1,True,True,True,16.190025211208745,13.061851010416802,20.802136144105518,1.1447999999999998,False,7.0,2.2440320361063177,0.00015380000695586205,0.014934400038328022,0.0988,False,1.0,True,1.0,cross_validate;gap_repair;robust_denoise,cross_validate;gap_repair;robust_denoise
5,0.85,event,28,static,True,1,True,True,True,4.724165796308415,3.987294694218434,6.181930236548517,0.5636000000000001,False,7.0,1.5216313368030294,0.0,0.017563699977472425,0.056600000000000004,False,1.0,,,,
5,0.85,event,28,igdo,True,1,True,True,True,4.724165796308415,3.987294694218434,6.181930236548517,0.6058000000000001,False,7.0,1.5216313368030294,0.0001650999765843153,0.016677600040566176,0.0988,False,1.0,True,1.0,cross_validate;gap_repair;robust_denoise,cross_validate;gap_repair;robust_denoise
5,0.85,event,29,static,True,1,True,True,True,5.50581172954814,5.433965543373574,7.735757514801064,0.4505999999999999,False,7.0,1.158492884242773,0.0,0.01760429999558255,0.056600000000000004,False,1.0,,,,
5,0.85,event,29,igdo,True,1,True,True,True,5.50581172954814,5.433965543373574,7.735757514801064,0.4927999999999999,False,7.0,1.158492884242773,0.00017740001203492284,0.01746959995944053,0.0988,False,1.0,True,1.0,cross_validate;gap_repair;robust_denoise,cross_validate;gap_repair;robust_denoise
5,0.85,noise,0,static,False,0,False,False,False,,,,,False,,,0.0,0.009635099966544658,0.056600000000000004,False,1.0,,,,
5,0.85,noise,0,igdo,False,0,False,False,False,,,,,False,,,0.00016979995416477323,0.008102000050712377,0.0988,False,1.0,True,1.0,cross_validate;gap_repair;robust_denoise,cross_validate;gap_repair;robust_denoise
5,0.85,noise,1,static,False,2,False,False,False,,,,,True,,,0.0,0.018875300011131912,0.056600000000000004,False,1.0,,,,
5,0.85,noise,1,igdo,False,0,False,False,False,,,,,False,,,0.00024129997473210096,0.008085199922788888,0.0988,False,1.0,True,1.0,cross_validate;gap_repair;robust_denoise,cross_validate;gap_repair;robust_denoise
5,0.85,noise,2,static,False,1,False,False,False,,,,,True,,,0.0,0.019326799898408353,0.056600000000000004,False,1.0,,,,
5,0.85,noise,2,igdo,False,0,False,False,False,,,,,False,,,0.00019729998894035816,0.010346199967898428,0.0988,False,1.0,True,1.0,cross_validate;gap_repair;robust_denoise,cross_validate;gap_repair;robust_denoise
5,0.85,noise,3,static,False,0,False,False,False,,,,,False,,,0.0,0.014030300022568554,0.056600000000000004,False,1.0,,,,
5,0.85,noise,3,igdo,False,0,False,False,False,,,,,False,,,0.00024829996982589364,0.009573499963153154,0.0988,False,1.0,True,1.0,cross_validate;gap_repair;robust_denoise,cross_validate;gap_repair;robust_denoise
5,0.85,noise,4,static,False,0,False,False,False,,,,,False,,,0.0,0.011626999999862164,0.056600000000000004,False,1.0,,,,
5,0.85,noise,4,igdo,False,0,False,False,False,,,,,False,,,0.00013940001372247934,0.008512599917594343,0.0988,False,1.0,True,1.0,cross_validate;gap_repair;robust_denoise,cross_validate;gap_repair;robust_denoise
5,0.85,noise,5,static,False,0,False,False,False,,,,,False,,,0.0,0.010533800057601184,0.056600000000000004,False,1.0,,,,
5,0.85,noise,5,igdo,False,0,False,False,False,,,,,False,,,0.0001330000231973827,0.011477600026410073,0.0988,False,1.0,True,1.0,cross_validate;gap_repair;robust_denoise,cross_validate;gap_repair;robust_denoise
5,0.85,noise,6,static,False,1,False,False,False,,,,,True,,,0.0,0.014417799946386367,0.056600000000000004,False,1.0,,,,
5,0.85,noise,6,igdo,False,0,False,False,False,,,,,False,,,0.00016980001237243414,0.008963799977209419,0.0988,False,1.0,True,1.0,cross_validate;gap_repair;robust_denoise,cross_validate;gap_repair;robust_denoise
5,0.85,noise,7,static,False,0,False,False,False,,,,,False,,,0.0,0.012438400008250028,0.056600000000000004,False,1.0,,,,
5,0.85,noise,7,igdo,False,0,False,False,False,,,,,False,,,0.0003945999778807163,0.01192969997646287,0.0988,False,1.0,True,1.0,cross_validate;gap_repair;robust_denoise,cross_validate;gap_repair;robust_denoise
5,0.85,noise,8,static,False,1,False,False,False,,,,,True,,,0.0,0.015916500007733703,0.056600000000000004,False,1.0,,,,
5,0.85,noise,8,igdo,False,0,False,False,False,,,,,False,,,0.00020160002168267965,0.00836370000615716,0.0988,False,1.0,True,1.0,cross_validate;gap_repair;robust_denoise,cross_validate;gap_repair;robust_denoise
5,0.85,noise,9,static,False,0,False,False,False,,,,,False,,,0.0,0.011200700013432652,0.056600000000000004,False,1.0,,,,
5,0.85,noise,9,igdo,False,0,False,False,False,,,,,False,,,0.00019079999765381217,0.007539600017480552,0.0988,False,1.0,True,1.0,cross_validate;gap_repair;robust_denoise,cross_validate;gap_repair;robust_denoise
5,0.85,noise,10,static,False,1,False,False,False,,,,,True,,,0.0,0.014973499986808747,0.056600000000000004,False,1.0,,,,
5,0.85,noise,10,igdo,False,0,False,False,False,,,,,False,,,0.00018530001398175955,0.011250399984419346,0.0988,False,1.0,True,1.0,cross_validate;gap_repair;robust_denoise,cross_validate;gap_repair;robust_denoise
5,0.85,noise,11,static,False,0,False,False,False,,,,,False,,,0.0,0.010814399982336909,0.056600000000000004,False,1.0,,,,
5,0.85,noise,11,igdo,False,0,False,False,False,,,,,False,,,0.0005131999496370554,0.009403200005181134,0.0988,False,1.0,True,1.0,cross_validate;gap_repair;robust_denoise,cross_validate;gap_repair;robust_denoise
5,0.85,noise,12,static,False,0,False,False,False,,,,,False,,,0.0,0.012300599948503077,0.056600000000000004,False,1.0,,,,
5,0.85,noise,12,igdo,False,0,False,False,False,,,,,False,,,0.00017290003597736359,0.007485500012990087,0.0988,False,1.0,True,1.0,cross_validate;gap_repair;robust_denoise,cross_validate;gap_repair;robust_denoise
5,0.85,noise,13,static,False,1,False,False,False,,,,,True,,,0.0,0.0160590999876149,0.056600000000000004,False,1.0,,,,
5,0.85,noise,13,igdo,False,0,False,False,False,,,,,False,,,0.00018939998699352145,0.008057999948505312,0.0988,False,1.0,True,1.0,cross_validate;gap_repair;robust_denoise,cross_validate;gap_repair;robust_denoise
5,0.85,noise,14,static,False,0,False,False,False,,,,,False,,,0.0,0.008028899959754199,0.056600000000000004,False,1.0,,,,
5,0.85,noise,14,igdo,False,0,False,False,False,,,,,False,,,0.0003914999542757869,0.009024599974509329,0.0988,False,1.0,True,1.0,cross_validate;gap_repair;robust_denoise,cross_validate;gap_repair;robust_denoise
5,0.85,noise,15,static,False,0,False,False,False,,,,,False,,,0.0,0.008217799942940474,0.056600000000000004,False,1.0,,,,
5,0.85,noise,15,igdo,False,0,False,False,False,,,,,False,,,0.00022230000467970967,0.008247499936260283,0.0988,False,1.0,True,1.0,cross_validate;gap_repair;robust_denoise,cross_validate;gap_repair;robust_denoise
5,0.85,noise,16,static,False,1,False,False,False,,,,,True,,,0.0,0.015587400004733354,0.056600000000000004,False,1.0,,,,
5,0.85,noise,16,igdo,False,0,False,False,False,,,,,False,,,0.00023099995451048017,0.007346299942582846,0.0988,False,1.0,True,1.0,cross_validate;gap_repair;robust_denoise,cross_validate;gap_repair;robust_denoise
5,0.85,noise,17,static,False,1,False,False,False,,,,,True,,,0.0,0.015897099976427853,0.056600000000000004,False,1.0,,,,
5,0.85,noise,17,igdo,False,0,False,False,False,,,,,False,,,0.00017529999604448676,0.011223599896766245,0.0988,False,1.0,True,1.0,cross_validate;gap_repair;robust_denoise,cross_validate;gap_repair;robust_denoise
5,0.85,noise,18,static,False,2,False,False,False,,,,,True,,,0.0,0.021755200112238526,0.056600000000000004,False,1.0,,,,
5,0.85,noise,18,igdo,False,0,False,False,False,,,,,False,,,0.00019950000569224358,0.00769570010015741,0.0988,False,1.0,True,1.0,cross_validate;gap_repair;robust_denoise,cross_validate;gap_repair;robust_denoise
5,0.85,noise,19,static,False,0,False,False,False,,,,,False,,,0.0,0.00834719993872568,0.056600000000000004,False,1.0,,,,
5,0.85,noise,19,igdo,False,0,False,False,False,,,,,False,,,0.00023410003632307053,0.009354500041808933,0.0988,False,1.0,True,1.0,cross_validate;gap_repair;robust_denoise,cross_validate;gap_repair;robust_denoise
5,0.85,noise,20,static,False,1,False,False,False,,,,,True,,,0.0,0.010625400114804506,0.056600000000000004,False,1.0,,,,
5,0.85,noise,20,igdo,False,0,False,False,False,,,,,False,,,0.00021249998826533556,0.007796899939421564,0.0988,False,1.0,True,1.0,cross_validate;gap_repair;robust_denoise,cross_validate;gap_repair;robust_denoise
5,0.85,noise,21,static,False,0,False,False,False,,,,,False,,,0.0,0.009405500022694468,0.056600000000000004,False,1.0,,,,
5,0.85,noise,21,igdo,False,0,False,False,False,,,,,False,,,0.00020030001178383827,0.007978999987244606,0.0988,False,1.0,True,1.0,cross_validate;gap_repair;robust_denoise,cross_validate;gap_repair;robust_denoise
5,0.85,noise,22,static,False,2,False,False,False,,,,,True,,,0.0,0.018240799952764064,0.056600000000000004,False,1.0,,,,
5,0.85,noise,22,igdo,False,0,False,False,False,,,,,False,,,0.00015169999096542597,0.009224899986293167,0.0988,False,1.0,True,1.0,cross_validate;gap_repair;robust_denoise,cross_validate;gap_repair;robust_denoise
5,0.85,noise,23,static,False,0,False,False,False,,,,,False,,,0.0,0.009425000112969428,0.056600000000000004,False,1.0,,,,
5,0.85,noise,23,igdo,False,0,False,False,False,,,,,False,,,0.0001848999527283013,0.013429699989501387,0.0988,False,1.0,True,1.0,cross_validate;gap_repair;robust_denoise,cross_validate;gap_repair;robust_denoise
5,0.85,noise,24,static,False,1,False,False,False,,,,,True,,,0.0,0.017369299952406436,0.056600000000000004,False,1.0,,,,
5,0.85,noise,24,igdo,False,0,False,False,False,,,,,False,,,0.00041939999209716916,0.008186899998690933,0.0988,False,1.0,True,1.0,cross_validate;gap_repair;robust_denoise,cross_validate;gap_repair;robust_denoise
5,0.85,noise,25,static,False,1,False,False,False,,,,,True,,,0.0,0.011957000009715557,0.056600000000000004,False,1.0,,,,
5,0.85,noise,25,igdo,False,0,False,False,False,,,,,False,,,0.0001737999846227467,0.007784499961417168,0.0988,False,1.0,True,1.0,cross_validate;gap_repair;robust_denoise,cross_validate;gap_repair;robust_denoise
5,0.85,noise,26,static,False,0,False,False,False,,,,,False,,,0.0,0.011828899965621531,0.056600000000000004,False,1.0,,,,
5,0.85,noise,26,igdo,False,0,False,False,False,,,,,False,,,0.00017149996710941195,0.007455699960701168,0.0988,False,1.0,True,1.0,cross_validate;gap_repair;robust_denoise,cross_validate;gap_repair;robust_denoise
5,0.85,noise,27,static,False,1,False,False,False,,,,,True,,,0.0,0.01318490004632622,0.056600000000000004,False,1.0,,,,
5,0.85,noise,27,igdo,False,0,False,False,False,,,,,False,,,0.0001615999499335885,0.009308199980296195,0.0988,False,1.0,True,1.0,cross_validate;gap_repair;robust_denoise,cross_validate;gap_repair;robust_denoise
5,0.85,noise,28,static,False,0,False,False,False,,,,,False,,,0.0,0.011786900053266436,0.056600000000000004,False,1.0,,,,
5,0.85,noise,28,igdo,False,0,False,False,False,,,,,False,,,0.00020060001406818628,0.00762279995251447,0.0988,False,1.0,True,1.0,cross_validate;gap_repair;robust_denoise,cross_validate;gap_repair;robust_denoise
5,0.85,noise,29,static,False,0,False,False,False,,,,,False,,,0.0,0.011003399966284633,0.056600000000000004,False,1.0,,,,
5,0.85,noise,29,igdo,False,0,False,False,False,,,,,False,,,0.00015540001913905144,0.008715699950698763,0.0988,False,1.0,True,1.0,cross_validate;gap_repair;robust_denoise,cross_validate;gap_repair;robust_denoise
5,0.7,event,0,static,True,1,True,True,True,12.6826704130633,13.0544807944664,18.200813103251274,1.0266,False,6.0,1.2903915182403671,0.0,0.016673500067554414,0.056600000000000004,False,1.0,,,,
5,0.7,event,0,igdo,True,1,True,True,True,12.6826704130633,13.0544807944664,18.200813103251274,1.0688,False,6.0,1.2903915182403671,0.00014379998901858926,0.017232100013643503,0.0988,False,1.0,True,1.0,cross_validate;gap_repair;robust_denoise,cross_validate;gap_repair;robust_denoise
5,0.7,event,1,static,True,1,True,True,True,13.14123496266665,22.491295332020528,26.049000404164854,1.0886,False,6.0,1.1293209074026411,0.0,0.01812269998481497,0.056600000000000004,False,1.0,,,,
5,0.7,event,1,igdo,True,1,True,True,True,13.14123496266665,22.491295332020528,26.049000404164854,1.1308,False,6.0,0.867599121984397,0.0004803999909199774,0.012549299979582429,0.0988,False,1.0,True,1.0,cross_validate;gap_repair;robust_denoise,cross_validate;gap_repair;robust_denoise
5,0.7,event,2,static,True,1,True,True,True,6.588848616508857,5.508306836922657,8.588036463648693,0.1656,False,7.0,1.3693990885592264,0.0,0.01672600000165403,0.056600000000000004,False,1.0,,,,
5,0.7,event,2,igdo,True,1,True,True,True,6.588848616508857,5.508306836922657,8.588036463648693,0.20779999999999998,False,6.0,0.6295633973429017,0.0001776000135578215,0.014229000022169203,0.0988,False,1.0,True,1.0,cross_validate;gap_repair;robust_denoise,cross_validate;gap_repair;robust_denoise
5,0.7,event,3,static,True,1,True,True,True,9.09018020325644,1.9735462239314074,9.301949302467156,0.6416,False,6.0,0.6059459972120456,0.0,0.018405100039672107,0.056600000000000004,False,1.0,,,,
5,0.7,event,3,igdo,True,1,True,True,True,9.09018020325644,1.9735462239314074,9.301949302467156,0.6838,False,6.0,0.6059459972120456,0.00018610002007335424,0.015446899982634932,0.0988,False,1.0,True,1.0,cross_validate;gap_repair;robust_denoise,cross_validate;gap_repair;robust_denoise
5,0.7,event,4,static,True,1,True,True,True,10.714570272015159,4.786985893400498,11.735299316914178,0.5076,False,6.0,0.43688427797831253,0.0,0.016358699940610677,0.056600000000000004,False,1.0,,,,
5,0.7,event,4,igdo,True,1,True,True,True,10.714570272015159,4.786985893400498,11.735299316914178,0.5498000000000001,False,6.0,0.43688427797831253,0.0001799999736249447,0.014382400026079267,0.0988,False,1.0,True,1.0,cross_validate;gap_repair;robust_denoise,cross_validate;gap_repair;robust_denoise
5,0.7,event,5,static,True,2,True,True,True,83.32154394364059,31.719553941174354,89.15497623452714,1.1526,False,7.0,2.9826433901627456,0.0,0.018966600124258548,0.056600000000000004,False,1.0,,,,
5,0.7,event,5,igdo,True,1,True,True,True,83.32154394364059,31.719553941174354,89.15497623452714,1.1948,False,6.0,2.440044707386726,0.00015050004003569484,0.016708000097423792,0.0988,False,1.0,True,1.0,cross_validate;gap_repair;robust_denoise,cross_validate;gap_repair;robust_denoise
5,0.7,event,6,static,True,1,True,True,True,5.900222043446747,2.393200630032979,6.367105262013904,0.9845999999999999,False,6.0,0.6846294892505186,0.0,0.018248299951665103,0.056600000000000004,False,1.0,,,,
5,0.7,event,6,igdo,True,1,True,True,True,5.900222043446747,2.393200630032979,6.367105262013904,1.0268,False,6.0,0.6846294892505186,0.0004264999879524112,0.0137180999154225,0.0988,False,1.0,True,1.0,cross_validate;gap_repair;robust_denoise,cross_validate;gap_repair;robust_denoise
5,0.7,event,7,static,True,1,True,True,True,11.518378763882238,2.824638227038335,11.859664011341113,0.9485999999999999,False,7.0,1.6475205355277156,0.0,0.016649300057906657,0.056600000000000004,False,1.0,,,,
5,0.7,event,7,igdo,True,1,True,True,True,16.1549557492783,2.824638227038335,16.40003586504573,0.9907999999999999,False,6.0,1.6423207718879695,0.00018319999799132347,0.014224599988665432,0.0988,False,1.0,True,1.0,cross_validate;gap_repair;robust_denoise,cross_validate;gap_repair;robust_denoise
5,0.7,event,8,static,True,1,True,True,True,2.7831921944086764,11.154046858886659,11.496039323230272,0.9405999999999999,False,6.0,0.7804117517596469,0.0,0.015038000012282282,0.056600000000000004,False,1.0,,,,
5,0.7,event,8,igdo,True,1,True,True,True,2.7831921944086764,11.154046858886659,11.496039323230272,0.9827999999999999,False,6.0,0.7804117517596469,0.00014699995517730713,0.01575120002962649,0.0988,False,1.0,True,1.0,cross_validate;gap_repair;robust_denoise,cross_validate;gap_repair;robust_denoise
5,0.7,event,9,static,True,1,True,True,True,5.514699388178444,0.49434334233387744,5.536811779542947,0.9036,False,6.0,1.45501061666333,0.0,0.017122500110417604,0.056600000000000004,False,1.0,,,,
5,0.7,event,9,igdo,True,1,True,True,True,5.514699388178444,0.49434334233387744,5.536811779542947,0.9458,False,6.0,1.45501061666333,0.00020479998784139752,0.013440300012007356,0.0988,False,1.0,True,1.0,cross_validate;gap_repair;robust_denoise,cross_validate;gap_repair;robust_denoise
5,0.7,event,10,static,True,1,True,True,True,33.31621920745681,6.6486712006191055,33.973155446812065,0.9085999999999999,False,7.0,1.025260294080091,0.0,0.016691399971023202,0.056600000000000004,False,1.0,,,,
5,0.7,event,10,igdo,True,1,True,True,True,16.308468043803984,6.6486712006191055,17.611671092480623,0.9507999999999999,False,6.0,0.7561637766030137,0.00020079995738342404,0.012610699981451035,0.0988,False,1.0,True,1.0,cross_validate;gap_repair;robust_denoise,cross_validate;gap_repair;robust_denoise
5,0.7,event,11,static,True,2,True,False,False,232.3783317946854,56.1338826800644,239.06212973287955,-1.2913999999999999,False,4.0,15.509666293643935,0.0,0.021092900016810745,0.056600000000000004,False,1.0,,,,
5,0.7,event,11,igdo,True,1,True,True,True,25.313656897777616,41.1338826800644,48.29883569896594,0.7508000000000001,False,6.0,1.7571441709655236,0.0001745999907143414,0.015425600053276867,0.0988,False,1.0,True,1.0,cross_validate;gap_repair;robust_denoise,cross_validate;gap_repair;robust_denoise
5,0.7,event,12,static,True,1,True,True,True,13.130429342262225,8.080712058893425,15.417719743557619,0.5886,False,7.0,2.184448562030547,0.0,0.015650900080800056,0.056600000000000004,False,1.0,,,,
5,0.7,event,12,igdo,True,1,True,True,True,60.133323688298006,21.919287941106575,64.00368584422903,0.6308,False,6.0,3.650646059765859,0.00015350000467151403,0.015007499954663217,0.0988,False,1.0,True,1.0,cross_validate;gap_repair;robust_denoise,cross_validate;gap_repair;robust_denoise
5,0.7,event,13,static,True,2,True,True,True,15.532536539618004,0.07891882371166048,15.532737026528984,0.8056000000000001,False,7.0,1.030838744503146,0.0,0.018975399958435446,0.056600000000000004,False,1.0,,,,
5,0.7,event,13,igdo,True,1,True,True,True,15.532536539618004,0.07891882371166048,15.532737026528984,0.8478000000000001,False,6.0,0.7665619813746652,0.00022899999748915434,0.013160500035155565,0.0988,False,1.0,True,1.0,cross_validate;gap_repair;robust_denoise,cross_validate;gap_repair;robust_denoise
5,0.7,event,14,static,True,1,True,True,True,8.14789789005707,7.29523251077498,10.936574299709424,0.9186000000000001,False,7.0,1.4304399884630228,0.0,0.019059400190599263,0.056600000000000004,False,1.0,,,,
5,0.7,event,14,igdo,True,1,True,True,True,8.14789789005707,7.70476748922502,11.213905746429978,0.9608000000000001,False,6.0,1.0575652245950926,0.00018309999722987413,0.015002700092736632,0.0988,False,1.0,True,1.0,cross_validate;gap_repair;robust_denoise,cross_validate;gap_repair;robust_denoise
5,0.7,event,15,static,True,2,True,True,True,33.87520441592571,51.01261706649154,61.23574588582438,0.9286000000000001,False,7.0,2.0188829289365047,0.0,0.018899599963333458,0.056600000000000004,False,1.0,,,,
5,0.7,event,15,igdo,True,1,True,True,True,33.87520441592571,51.01261706649154,61.23574588582438,0.9708000000000001,False,6.0,2.210755676609332,0.0001534000039100647,0.01499530003638938,0.0988,False,1.0,True,1.0,cross_validate;gap_repair;robust_denoise,cross_validate;gap_repair;robust_denoise
5,0.7,event,16,static,True,1,True,True,True,3.8175171098585285,29.777017603008375,30.020729741529156,0.9256000000000002,False,7.0,2.172524554015771,0.0,0.018759000056888908,0.056600000000000004,False,1.0,,,,
5,0.7,event,16,igdo,True,1,True,True,True,3.8175171098585285,14.777017603008375,15.262165184654567,0.9678000000000002,False,6.0,2.2068460859732544,0.00016639998648315668,0.014954400074202567,0.0988,False,1.0,True,1.0,cross_validate;gap_repair;robust_denoise,cross_validate;gap_repair;robust_denoise
5,0.7,event,17,static,True,1,True,True,True,22.59608348249413,42.78896988949123,48.388830663197794,0.6226,False,7.0,1.2904969818124037,0.0,0.017023200052790344,0.056600000000000004,False,1.0,,,,
5,0.7,event,17,igdo,True,1,True,True,True,25.434893596960908,27.788969889491227,37.67174882863514,0.6648000000000001,False,6.0,1.3509363757081632,0.00017690000822767615,0.015296500001568347,0.0988,False,1.0,True,1.0,cross_validate;gap_repair;robust_denoise,cross_validate;gap_repair;robust_denoise
5,0.7,event,18,static,True,1,True,True,True,68.03696359405606,100.28237004890593,121.18408376401834,0.5775999999999999,False,6.0,1.6349133091482446,0.0,0.015117699978873134,0.056600000000000004,False,1.0,,,,
5,0.7,event,18,igdo,True,1,True,True,True,68.03696359405606,100.28237004890593,121.18408376401834,0.6197999999999999,False,6.0,1.6349133091482446,0.00015459995483979583,0.013803300040308386,0.0988,False,1.0,True,1.0,cross_validate;gap_repair;robust_denoise,cross_validate;gap_repair;robust_denoise
5,0.7,event,19,static,True,1,True,True,True,8.520064475298861,3.3379500263359176,9.1505961030725,0.5246,False,7.0,0.5588887944543185,0.0,0.01815409999107942,0.056600000000000004,False,1.0,,,,
5,0.7,event,19,igdo,True,1,True,True,True,8.520064475298861,3.3379500263359176,9.1505961030725,0.5668,False,6.0,0.5772826585443608,0.00018289999570697546,0.013696199981495738,0.0988,False,1.0,True,1.0,cross_validate;gap_repair;robust_denoise,cross_validate;gap_repair;robust_denoise
5,0.7,event,20,static,True,1,True,True,True,5.38619367728691,20.36215545271088,21.062489335536977,0.4556,False,6.0,0.9947300435316125,0.0,0.016827200073748827,0.056600000000000004,False,1.0,,,,
5,0.7,event,20,igdo,True,1,True,True,True,5.38619367728691,20.36215545271088,21.062489335536977,0.4978,False,6.0,0.9947300435316125,0.0004126999992877245,0.012909900047816336,0.0988,False,1.0,True,1.0,cross_validate;gap_repair;robust_denoise,cross_validate;gap_repair;robust_denoise
5,0.7,event,21,static,True,1,True,True,True,12.066091673079487,4.428017273639,12.852933721092764,0.3466,False,7.0,0.7595320813784568,0.0,0.017308700014837086,0.056600000000000004,False,1.0,,,,
5,0.7,event,21,igdo,True,1,True,True,True,17.523175424075845,34.428017273639,38.63094679576105,0.38880000000000003,False,6.0,0.6187917109616555,0.00016259995754808187,0.015103999990969896,0.0988,False,1.0,True,1.0,cross_validate;gap_repair;robust_denoise,cross_validate;gap_repair;robust_denoise
5,0.7,event,22,static,True,1,True,True,True,9.89768522763564,19.331502615020796,21.717991763050115,0.4465999999999999,False,7.0,1.176213995522637,0.0,0.019361000100616366,0.056600000000000004,False,1.0,,,,
5,0.7,event,22,igdo,True,1,True,True,True,9.89768522763564,4.331502615020796,10.803984809749075,0.4887999999999999,False,6.0,0.890379955971727,0.00021089997608214617,0.014170299982652068,0.0988,False,1.0,True,1.0,cross_validate;gap_repair;robust_denoise,cross_validate;gap_repair;robust_denoise
5,0.7,event,23,static,True,1,True,True,True,11.949798602681398,8.143813906967551,14.4609609499495,1.1026,False,7.0,1.5917163313273002,0.0,0.01775580004323274,0.056600000000000004,False,1.0,,,,
5,0.7,event,23,igdo,True,1,True,True,True,11.949798602681398,8.143813906967551,14.4609609499495,1.1448,False,6.0,1.5278999698206512,0.0001832999987527728,0.013695299974642694,0.0988,False,1.0,True,1.0,cross_validate;gap_repair;robust_denoise,cross_validate;gap_repair;robust_denoise
5,0.7,event,24,static,True,1,True,True,True,12.221524590687665,1.1246023331108432,12.27315744738988,0.20960000000000004,False,7.0,1.9153901151603498,0.0,0.0150782999699004,0.056600000000000004,False,1.0,,,,
5,0.7,event,24,igdo,True,1,True,True,True,9.260713574235416,31.124602333110843,32.473091726817714,0.2518,False,6.0,1.3910402861695086,0.0001700000138953328,0.016171999974176288,0.0988,False,1.0,True,1.0,cross_validate;gap_repair;robust_denoise,cross_validate;gap_repair;robust_denoise
5,0.7,event,25,static,True,1,True,True,True,7.036555137937633,2.132501096333442,7.3525960813239175,0.1665999999999999,False,6.0,1.568008815532972,0.0,0.016370700031984597,0.056600000000000004,False,1.0,,,,
5,0.7,event,25,igdo,True,1,True,True,True,12.964919937667354,42.86749890366656,44.785171778681146,0.20879999999999987,False,6.0,1.444700084976833,0.00016929995035752654,0.015366700070444494,0.0988,False,1.0,True,1.0,cross_validate;gap_repair;robust_denoise,cross_validate;gap_repair;robust_denoise
5,0.7,event,26,static,True,1,True,True,True,15.12189234121414,3.7812215601702235,15.587471394243744,0.39360000000000017,False,6.0,2.191890305043884,0.0,0.01875129994004965,0.056600000000000004,False,1.0,,,,
5,0.7,event,26,igdo,True,1,True,True,True,15.12189234121414,3.7812215601702235,15.587471394243744,0.4358000000000002,False,6.0,2.191890305043884,0.00016709999181330204,0.015259199950378388,0.0988,False,1.0,True,1.0,cross_validate;gap_repair;robust_denoise,cross_validate;gap_repair;robust_denoise
5,0.7,event,27,static,True,1,True,True,True,31.139660763960293,0.24782277289702392,31.140646888292068,0.6456,False,7.0,0.8653854201949343,0.0,0.01789159997133538,0.056600000000000004,False,1.0,,,,
5,0.7,event,27,igdo,True,1,True,True,True,4.160321754380884,0.24782277289702392,4.167696393301845,0.6878,False,6.0,0.7726674004284404,0.00017230003140866756,0.015252900018822402,0.0988,False,1.0,True,1.0,cross_validate;gap_repair;robust_denoise,cross_validate;gap_repair;robust_denoise
5,0.7,event,28,static,True,2,True,True,True,4.369403153653335,9.781791586643294,10.713315572859845,0.5606,False,7.0,2.829241462048231,0.0,0.020612900145351887,0.056600000000000004,False,1.0,,,,
5,0.7,event,28,igdo,True,1,True,True,True,16.418543419345568,5.218208413356706,17.227834079133753,0.6028,False,6.0,2.5368441898110494,0.00014890002785250545,0.014997299993410707,0.0988,False,1.0,True,1.0,cross_validate;gap_repair;robust_denoise,cross_validate;gap_repair;robust_denoise
5,0.7,event,29,static,True,2,True,False,False,164.55774250084684,61.962421062452435,175.83683414147237,0.4056000000000002,False,7.0,14.624688301521887,0.0,0.02321260009193793,0.056600000000000004,False,1.0,,,,
5,0.7,event,29,igdo,True,1,True,False,False,158.36957843878082,76.96242106245244,176.0799183060674,0.4478000000000002,False,6.0,15.86606732100692,0.000235699990298599,0.0154888000106439,0.0988,False,1.0,True,1.0,cross_validate;gap_repair;robust_denoise,cross_validate;gap_repair;robust_denoise
5,0.7,noise,0,static,False,1,False,False,False,,,,,True,,,0.0,0.014971199969295412,0.056600000000000004,False,1.0,,,,
5,0.7,noise,0,igdo,False,0,False,False,False,,,,,False,,,0.00019049999536946416,0.006961200037039816,0.0988,False,1.0,True,1.0,cross_validate;gap_repair;robust_denoise,cross_validate;gap_repair;robust_denoise
5,0.7,noise,1,static,False,2,False,False,False,,,,,True,,,0.0,0.018391499994322658,0.056600000000000004,False,1.0,,,,
5,0.7,noise,1,igdo,False,0,False,False,False,,,,,False,,,0.00016559998039156199,0.010386499925516546,0.0988,False,1.0,True,1.0,cross_validate;gap_repair;robust_denoise,cross_validate;gap_repair;robust_denoise
5,0.7,noise,2,static,False,0,False,False,False,,,,,False,,,0.0,0.011977899994235486,0.056600000000000004,False,1.0,,,,
5,0.7,noise,2,igdo,False,0,False,False,False,,,,,False,,,0.00013800000306218863,0.008676600002218038,0.0988,False,1.0,True,1.0,cross_validate;gap_repair;robust_denoise,cross_validate;gap_repair;robust_denoise
5,0.7,noise,3,static,False,1,False,False,False,,,,,True,,,0.0,0.016742000123485923,0.056600000000000004,False,1.0,,,,
5,0.7,noise,3,igdo,False,0,False,False,False,,,,,False,,,0.00025260000256821513,0.007178400061093271,0.0988,False,1.0,True,1.0,cross_validate;gap_repair;robust_denoise,cross_validate;gap_repair;robust_denoise
5,0.7,noise,4,static,False,2,False,False,False,,,,,True,,,0.0,0.018304400029592216,0.056600000000000004,False,1.0,,,,
5,0.7,noise,4,igdo,False,0,False,False,False,,,,,False,,,0.00015609996626153588,0.009007300017401576,0.0988,False,1.0,True,1.0,cross_validate;gap_repair;robust_denoise,cross_validate;gap_repair;robust_denoise
5,0.7,noise,5,static,False,2,False,False,False,,,,,True,,,0.0,0.01771999994525686,0.056600000000000004,False,1.0,,,,
5,0.7,noise,5,igdo,False,0,False,False,False,,,,,False,,,0.00021410000044852495,0.007531899958848953,0.0988,False,1.0,True,1.0,cross_validate;gap_repair;robust_denoise,cross_validate;gap_repair;robust_denoise
5,0.7,noise,6,static,False,1,False,False,False,,,,,True,,,0.0,0.016062799957580864,0.056600000000000004,False,1.0,,,,
5,0.7,noise,6,igdo,False,0,False,False,False,,,,,False,,,0.0002237000153400004,0.00815050007076934,0.0988,False,1.0,True,1.0,cross_validate;gap_repair;robust_denoise,cross_validate;gap_repair;robust_denoise
5,0.7,noise,7,static,False,0,False,False,False,,,,,False,,,0.0,0.01044700003694743,0.056600000000000004,False,1.0,,,,
5,0.7,noise,7,igdo,False,0,False,False,False,,,,,False,,,0.00017610000213608146,0.007244200096465647,0.0988,False,1.0,True,1.0,cross_validate;gap_repair;robust_denoise,cross_validate;gap_repair;robust_denoise
5,0.7,noise,8,static,False,0,False,False,False,,,,,False,,,0.0,0.010966600035317242,0.056600000000000004,False,1.0,,,,
5,0.7,noise,8,igdo,False,0,False,False,False,,,,,False,,,0.0001933000166900456,0.008535799977835268,0.0988,False,1.0,True,1.0,cross_validate;gap_repair;robust_denoise,cross_validate;gap_repair;robust_denoise
5,0.7,noise,9,static,False,0,False,False,False,,,,,False,,,0.0,0.012334999977611005,0.056600000000000004,False,1.0,,,,
5,0.7,noise,9,igdo,False,0,False,False,False,,,,,False,,,0.00019379996228963137,0.008251099963672459,0.0988,False,1.0,True,1.0,cross_validate;gap_repair;robust_denoise,cross_validate;gap_repair;robust_denoise
5,0.7,noise,10,static,False,1,False,False,False,,,,,True,,,0.0,0.013487699965480715,0.056600000000000004,False,1.0,,,,
5,0.7,noise,10,igdo,False,0,False,False,False,,,,,False,,,0.00018319999799132347,0.006750800064764917,0.0988,False,1.0,True,1.0,cross_validate;gap_repair;robust_denoise,cross_validate;gap_repair;robust_denoise
5,0.7,noise,11,static,False,1,False,False,False,,,,,True,,,0.0,0.015009899972938001,0.056600000000000004,False,1.0,,,,
5,0.7,noise,11,igdo,False,1,False,False,False,,,,,True,,,0.00016689999029040337,0.027009700133930892,0.0988,False,1.0,True,1.0,cross_validate;gap_repair;robust_denoise,cross_validate;gap_repair;robust_denoise
5,0.7,noise,12,static,False,0,False,False,False,,,,,False,,,0.0,0.010743499966338277,0.056600000000000004,False,1.0,,,,
5,0.7,noise,12,igdo,False,0,False,False,False,,,,,False,,,0.00017260003369301558,0.007020799966994673,0.0988,False,1.0,True,1.0,cross_validate;gap_repair;robust_denoise,cross_validate;gap_repair;robust_denoise
5,0.7,noise,13,static,False,2,False,False,False,,,,,True,,,0.0,0.018756900040898472,0.056600000000000004,False,1.0,,,,
5,0.7,noise,13,igdo,False,0,False,False,False,,,,,False,,,0.00018470000941306353,0.010119899874553084,0.0988,False,1.0,True,1.0,cross_validate;gap_repair;robust_denoise,cross_validate;gap_repair;robust_denoise
5,0.7,noise,14,static,False,1,False,False,False,,,,,True,,,0.0,0.04422410001279786,0.056600000000000004,False,1.0,,,,
5,0.7,noise,14,igdo,False,0,False,False,False,,,,,False,,,0.00022739998530596495,0.009113000007346272,0.0988,False,1.0,True,1.0,cross_validate;gap_repair;robust_denoise,cross_validate;gap_repair;robust_denoise
5,0.7,noise,15,static,False,0,False,False,False,,,,,False,,,0.0,0.008360000036191195,0.056600000000000004,False,1.0,,,,
5,0.7,noise,15,igdo,False,0,False,False,False,,,,,False,,,0.0002500000409781933,0.008885699964594096,0.0988,False,1.0,True,1.0,cross_validate;gap_repair;robust_denoise,cross_validate;gap_repair;robust_denoise
5,0.7,noise,16,static,False,0,False,False,False,,,,,False,,,0.0,0.008008299919310957,0.056600000000000004,False,1.0,,,,
5,0.7,noise,16,igdo,False,0,False,False,False,,,,,False,,,0.00013729999773204327,0.010004300042055547,0.0988,False,1.0,True,1.0,cross_validate;gap_repair;robust_denoise,cross_validate;gap_repair;robust_denoise
5,0.7,noise,17,static,False,0,False,False,False,,,,,False,,,0.0,0.00990760006243363,0.056600000000000004,False,1.0,,,,
5,0.7,noise,17,igdo,False,0,False,False,False,,,,,False,,,0.00019039999460801482,0.009840299957431853,0.0988,False,1.0,True,1.0,cross_validate;gap_repair;robust_denoise,cross_validate;gap_repair;robust_denoise
5,0.7,noise,18,static,False,1,False,False,False,,,,,True,,,0.0,0.014909700024873018,0.056600000000000004,False,1.0,,,,
5,0.7,noise,18,igdo,False,0,False,False,False,,,,,False,,,0.0001675000530667603,0.010750100074801594,0.0988,False,1.0,True,1.0,cross_validate;gap_repair;robust_denoise,cross_validate;gap_repair;robust_denoise
5,0.7,noise,19,static,False,0,False,False,False,,,,,False,,,0.0,0.009509899944532663,0.056600000000000004,False,1.0,,,,
5,0.7,noise,19,igdo,False,0,False,False,False,,,,,False,,,0.00025159999495372176,0.007233200070913881,0.0988,False,1.0,True,1.0,cross_validate;gap_repair;robust_denoise,cross_validate;gap_repair;robust_denoise
5,0.7,noise,20,static,False,2,False,False,False,,,,,True,,,0.0,0.016893800057005137,0.056600000000000004,False,1.0,,,,
5,0.7,noise,20,igdo,False,0,False,False,False,,,,,False,,,0.00018500001169741154,0.009023599908687174,0.0988,False,1.0,True,1.0,cross_validate;gap_repair;robust_denoise,cross_validate;gap_repair;robust_denoise
5,0.7,noise,21,static,False,1,False,False,False,,,,,True,,,0.0,0.016947700059972703,0.056600000000000004,False,1.0,,,,
5,0.7,noise,21,igdo,False,0,False,False,False,,,,,False,,,0.00014779996126890182,0.010575899912510067,0.0988,False,1.0,True,1.0,cross_validate;gap_repair;robust_denoise,cross_validate;gap_repair;robust_denoise
5,0.7,noise,22,static,False,1,False,False,False,,,,,True,,,0.0,0.012485499901231378,0.056600000000000004,False,1.0,,,,
5,0.7,noise,22,igdo,False,0,False,False,False,,,,,False,,,0.0003426000475883484,0.008730600005947053,0.0988,False,1.0,True,1.0,cross_validate;gap_repair;robust_denoise,cross_validate;gap_repair;robust_denoise
5,0.7,noise,23,static,False,1,False,False,False,,,,,True,,,0.0,0.011401000083424151,0.056600000000000004,False,1.0,,,,
5,0.7,noise,23,igdo,False,0,False,False,False,,,,,False,,,0.00020330003462731838,0.00968700007069856,0.0988,False,1.0,True,1.0,cross_validate;gap_repair;robust_denoise,cross_validate;gap_repair;robust_denoise
5,0.7,noise,24,static,False,0,False,False,False,,,,,False,,,0.0,0.011289599991869181,0.056600000000000004,False,1.0,,,,
5,0.7,noise,24,igdo,False,0,False,False,False,,,,,False,,,0.00018289999570697546,0.006696099997498095,0.0988,False,1.0,True,1.0,cross_validate;gap_repair;robust_denoise,cross_validate;gap_repair;robust_denoise
5,0.7,noise,25,static,False,0,False,False,False,,,,,False,,,0.0,0.00988820003112778,0.056600000000000004,False,1.0,,,,
5,0.7,noise,25,igdo,False,0,False,False,False,,,,,False,,,0.00020750000840052962,0.007645800069440156,0.0988,False,1.0,True,1.0,cross_validate;gap_repair;robust_denoise,cross_validate;gap_repair;robust_denoise
5,0.7,noise,26,static,False,1,False,False,False,,,,,True,,,0.0,0.017732200038153678,0.056600000000000004,False,1.0,,,,
5,0.7,noise,26,igdo,False,0,False,False,False,,,,,False,,,0.00021119997836649418,0.017028899979777634,0.0988,False,1.0,True,1.0,cross_validate;gap_repair;robust_denoise,cross_validate;gap_repair;robust_denoise
5,0.7,noise,27,static,False,0,False,False,False,,,,,False,,,0.0,0.01264410006115213,0.056600000000000004,False,1.0,,,,
5,0.7,noise,27,igdo,False,0,False,False,False,,,,,False,,,0.00017660000594332814,0.0072211999213323,0.0988,False,1.0,True,1.0,cross_validate;gap_repair;robust_denoise,cross_validate;gap_repair;robust_denoise
5,0.7,noise,28,static,False,0,False,False,False,,,,,False,,,0.0,0.008391500101424754,0.056600000000000004,False,1.0,,,,
5,0.7,noise,28,igdo,False,0,False,False,False,,,,,False,,,0.00021630001720041037,0.007942299998831004,0.0988,False,1.0,True,1.0,cross_validate;gap_repair;robust_denoise,cross_validate;gap_repair;robust_denoise
5,0.7,noise,29,static,False,0,False,False,False,,,,,False,,,0.0,0.008279299945570529,0.056600000000000004,False,1.0,,,,
5,0.7,noise,29,igdo,False,0,False,False,False,,,,,False,,,0.0002699000178836286,0.008149099943693727,0.0988,False,1.0,True,1.0,cross_validate;gap_repair;robust_denoise,cross_validate;gap_repair;robust_denoise
0,1.0,event,0,static,True,2,True,True,True,7.973578924622035,7.938868487337757,11.251826239612003,0.29959999999999987,False,8.0,1.165348325412226,0.0,0.019588799972552806,0.056600000000000004,False,1.0,,,,
0,1.0,event,0,igdo,True,1,True,True,True,7.973578924622035,7.938868487337757,11.251826239612003,0.33699999999999986,False,8.0,1.165348325412226,0.00025179999647662044,0.020550899964291602,0.094,False,1.0,True,1.0,cross_validate;robust_denoise,cross_validate;robust_denoise
0,1.0,event,1,static,True,2,True,True,True,17.85471220561951,16.715016892192835,24.457770496343084,0.3386,False,8.0,2.1529736698182877,0.0,0.024482400040142238,0.056600000000000004,False,1.0,,,,
0,1.0,event,1,igdo,True,1,True,True,True,17.85471220561951,16.715016892192835,24.457770496343084,0.376,False,8.0,2.1529736698182877,0.00018010003259405494,0.01634049997664988,0.094,False,1.0,True,1.0,cross_validate;robust_denoise,cross_validate;robust_denoise
0,1.0,event,2,static,True,1,True,True,True,4.044711513525284,9.48547906532822,10.311838067310015,1.0615999999999999,False,8.0,1.297110754442734,0.0,0.016256699920631945,0.056600000000000004,False,1.0,,,,
0,1.0,event,2,igdo,True,1,True,True,True,4.044711513525284,9.48547906532822,10.311838067310015,1.099,False,8.0,1.297110754442734,0.0002259000320918858,0.018691600067541003,0.094,False,1.0,True,1.0,cross_validate;robust_denoise,cross_validate;robust_denoise
0,1.0,event,3,static,True,1,True,True,True,95.97561961306961,90.09681312671616,131.63873022671953,0.5906,False,8.0,8.05325658098763,0.0,0.01632739999331534,0.056600000000000004,False,1.0,,,,
0,1.0,event,3,igdo,True,1,True,True,True,95.97561961306961,90.09681312671616,131.63873022671953,0.628,False,8.0,8.05325658098763,0.00014600000577047467,0.019093899929430336,0.094,False,1.0,True,1.0,cross_validate;robust_denoise,cross_validate;robust_denoise
0,1.0,event,4,static,True,1,True,True,True,21.76469347959757,41.959503090304665,47.268401515665026,0.8795999999999999,False,8.0,1.043429787995277,0.0,0.017646600084844977,0.056600000000000004,False,1.0,,,,
0,1.0,event,4,igdo,True,1,True,True,True,21.76469347959757,41.959503090304665,47.268401515665026,0.9169999999999999,False,8.0,1.043429787995277,0.00014859996736049652,0.017410799977369606,0.094,False,1.0,True,1.0,cross_validate;robust_denoise,cross_validate;robust_denoise
0,1.0,event,5,static,True,2,True,True,True,4.6849527530042,7.234168046100564,8.618698835503192,0.6105999999999998,False,8.0,0.3690875915724484,0.0,0.019921999948564917,0.056600000000000004,False,1.0,,,,
0,1.0,event,5,igdo,True,1,True,True,True,4.6849527530042,7.234168046100564,8.618698835503192,0.6479999999999998,False,8.0,0.3690875915724484,0.0002364999963901937,0.017292700125835836,0.094,False,1.0,True,1.0,cross_validate;robust_denoise,cross_validate;robust_denoise
0,1.0,event,6,static,True,2,True,True,True,8.13068112296548,8.51025394413341,11.769978662554385,0.9805999999999999,False,8.0,1.064185358118505,0.0,0.02483909990405664,0.056600000000000004,False,1.0,,,,
0,1.0,event,6,igdo,True,1,True,True,True,8.13068112296548,8.51025394413341,11.769978662554385,1.018,False,8.0,1.064185358118505,0.00015119998715817928,0.019831800018437207,0.094,False,1.0,True,1.0,cross_validate;robust_denoise,cross_validate;robust_denoise
0,1.0,event,7,static,True,2,True,True,True,12.020030056621914,2.5989508587935575,12.297791189011058,0.3416000000000001,False,8.0,1.0078655963271368,0.0,0.023834899882785976,0.056600000000000004,False,1.0,,,,
0,1.0,event,7,igdo,True,1,True,True,True,12.020030056621914,2.5989508587935575,12.297791189011058,0.3790000000000001,False,8.0,0.8214111784869295,0.00014840002404525876,0.01854809990618378,0.094,False,1.0,True,1.0,cross_validate;robust_denoise,cross_validate;robust_denoise
0,1.0,event,8,static,True,2,True,True,True,24.818811549825455,29.135476200748656,38.27335078341248,0.2986,False,7.0,0.8519564520705136,0.0,0.029268699989188462,0.056600000000000004,False,1.0,,,,
0,1.0,event,8,igdo,True,1,True,True,True,24.818811549825455,29.135476200748656,38.27335078341248,0.33599999999999997,False,8.0,0.8106430942719871,0.00014630000805482268,0.019923599902540445,0.094,False,1.0,True,1.0,cross_validate;robust_denoise,cross_validate;robust_denoise
0,1.0,event,9,static,True,1,True,True,True,107.50292886240672,19.190493934956095,109.20235698675769,0.5926,False,8.0,1.2494215858418054,0.0,0.017866000125650316,0.056600000000000004,False,1.0,,,,
0,1.0,event,9,igdo,True,1,True,True,True,107.50292886240672,19.190493934956095,109.20235698675769,0.63,False,8.0,1.2494215858418054,0.00019420002354308963,0.01641889999154955,0.094,False,1.0,True,1.0,cross_validate;robust_denoise,cross_validate;robust_denoise
0,1.0,event,10,static,True,1,True,True,True,66.91754582469987,46.78012217938267,81.64764399735475,0.8776000000000002,False,7.0,69.95369609781433,0.0,0.029886299977079034,0.056600000000000004,False,1.0,,,,
0,1.0,event,10,igdo,True,1,True,True,True,5.285206443542685,1.7801221793826727,5.57693841855863,0.9150000000000001,False,8.0,0.9044734031434071,0.00021630001720041037,0.02258890011580661,0.094,False,1.0,True,1.0,cross_validate;robust_denoise,cross_validate;robust_denoise
0,1.0,event,11,static,True,1,True,True,True,10.82477131424014,18.581129785904963,21.50427999553207,0.8016000000000001,False,8.0,0.9200721174646904,0.0,0.024723100010305643,0.056600000000000004,False,1.0,,,,
0,1.0,event,11,igdo,True,1,True,True,True,10.82477131424014,18.581129785904963,21.50427999553207,0.8390000000000001,False,8.0,0.9200721174646904,0.0001501000369898975,0.01913339999737218,0.094,False,1.0,True,1.0,cross_validate;robust_denoise,cross_validate;robust_denoise
0,1.0,event,12,static,True,3,True,True,True,59.17503463158544,41.70516432284977,72.39478886525768,0.9986000000000002,False,7.0,2.021726637457763,0.0,0.024875299946870655,0.056600000000000004,False,1.0,,,,
0,1.0,event,12,igdo,True,1,True,True,True,59.17503463158544,41.70516432284977,72.39478886525768,1.0360000000000003,False,8.0,1.88115548008079,0.0001718999701552093,0.021405499952379614,0.094,False,1.0,True,1.0,cross_validate;robust_denoise,cross_validate;robust_denoise
0,1.0,event,13,static,True,2,True,True,True,3.662808365220695,1.8251415152487596,4.092347330202465,0.6276000000000002,False,7.0,1.0823986976961903,0.0,0.024424600007478148,0.056600000000000004,False,1.0,,,,
0,1.0,event,13,igdo,True,1,True,True,True,3.662808365220695,1.8251415152487596,4.092347330202465,0.6650000000000001,False,8.0,1.0021439615862988,0.00019829999655485153,0.017634599935263395,0.094,False,1.0,True,1.0,cross_validate;robust_denoise,cross_validate;robust_denoise
0,1.0,event,14,static,True,2,True,True,True,4.010844090479679,11.114150728636162,11.815719052896421,0.1656,False,8.0,1.1459119695640194,0.0,0.01958059996832162,0.056600000000000004,False,1.0,,,,
0,1.0,event,14,igdo,True,1,True,True,True,4.010844090479679,11.114150728636162,11.815719052896421,0.20299999999999999,False,8.0,1.1459119695640194,0.0001634999644011259,0.019488800026010722,0.094,False,1.0,True,1.0,cross_validate;robust_denoise,cross_validate;robust_denoise
0,1.0,event,15,static,True,1,True,True,False,126.03541359865353,118.02931233999475,172.67264998382254,0.8195999999999999,False,8.0,49.20173895044854,0.0,0.016125000023748726,0.056600000000000004,False,1.0,,,,
0,1.0,event,15,igdo,True,0,False,False,False,,,,,False,,,0.0001773000112734735,0.0179940999369137,0.094,False,1.0,True,1.0,cross_validate;robust_denoise,cross_validate;robust_denoise
0,1.0,event,16,static,True,1,True,True,True,8.627639394864678,1.6176810928631085,8.777986878893572,0.6026,False,8.0,1.6226240806431398,0.0,0.016920899914111942,0.056600000000000004,False,1.0,,,,
0,1.0,event,16,igdo,True,1,True,True,True,8.627639394864678,1.6176810928631085,8.777986878893572,0.64,False,8.0,1.6226240806431398,0.00014910002937540412,0.02068429993232712,0.094,False,1.0,True,1.0,cross_validate;robust_denoise,cross_validate;robust_denoise
0,1.0,event,17,static,True,1,True,True,True,5.274747488798719,0.39401418591744175,5.289443094437502,0.29559999999999986,False,8.0,0.8355498385519131,0.0,0.021178999973926693,0.056600000000000004,False,1.0,,,,
0,1.0,event,17,igdo,True,1,True,True,True,5.274747488798719,0.39401418591744175,5.289443094437502,0.33299999999999985,False,8.0,0.8355498385519131,0.00015109998639672995,0.017591399955563247,0.094,False,1.0,True,1.0,cross_validate;robust_denoise,cross_validate;robust_denoise
0,1.0,event,18,static,True,1,True,True,True,8.318351452780862,9.40999830638539,12.55957957171168,1.0316,False,8.0,2.064990108609387,0.0,0.01713599998038262,0.056600000000000004,False,1.0,,,,
0,1.0,event,18,igdo,True,1,True,True,True,8.318351452780862,9.40999830638539,12.55957957171168,1.0690000000000002,False,8.0,2.064990108609387,0.00017220003064721823,0.018542699923273176,0.094,False,1.0,True,1.0,cross_validate;robust_denoise,cross_validate;robust_denoise
0,1.0,event,19,static,True,1,True,True,True,5.227733634392229,0.794854737826796,5.287815523106067,0.4546000000000001,False,8.0,0.7218187336834311,0.0,0.017209699959494174,0.056600000000000004,False,1.0,,,,
0,1.0,event,19,igdo,True,1,True,True,True,5.227733634392229,0.794854737826796,5.287815523106067,0.4920000000000001,False,8.0,0.7218187336834311,0.00016570003936067224,0.017738900030963123,0.094,False,1.0,True,1.0,cross_validate;robust_denoise,cross_validate;robust_denoise
0,1.0,event,20,static,True,1,True,True,True,15.220418706984036,14.669115812680232,21.138687384550035,0.39860000000000007,False,8.0,2.174151546026908,0.0,0.018912200059276074,0.056600000000000004,False,1.0,,,,
0,1.0,event,20,igdo,True,1,True,True,True,11.903070907859796,30.330884187319768,32.58290399307806,0.43600000000000005,False,8.0,4.819205092132984,0.0002853000187315047,0.018900099967140704,0.094,False,1.0,True,1.0,cross_validate;robust_denoise,cross_validate;robust_denoise
0,1.0,event,21,static,True,1,True,True,True,11.326577905086042,27.46562769760415,29.70946098237704,0.7926,False,8.0,1.166732139767976,0.0,0.018506300111766905,0.056600000000000004,False,1.0,,,,
0,1.0,event,21,igdo,True,1,True,True,True,11.326577905086042,27.46562769760415,29.70946098237704,0.83,False,8.0,1.166732139767976,0.00035829999251291156,0.01812869997229427,0.094,False,1.0,True,1.0,cross_validate;robust_denoise,cross_validate;robust_denoise
0,1.0,event,22,static,True,2,True,True,True,16.98264448170461,19.564675570311465,25.90727202473302,0.2555999999999998,False,8.0,2.996053723235517,0.0,0.021056899975519627,0.056600000000000004,False,1.0,,,,
0,1.0,event,22,igdo,True,1,True,True,True,16.98264448170461,19.564675570311465,25.90727202473302,0.2929999999999998,False,8.0,2.996053723235517,0.00017309997929260135,0.01592149998759851,0.094,False,1.0,True,1.0,cross_validate;robust_denoise,cross_validate;robust_denoise
0,1.0,event,23,static,True,1,True,True,True,6.592383591332829,3.955201517729563,7.687856688383607,0.2936000000000001,False,8.0,1.106967748454133,0.0,0.016612799954600632,0.056600000000000004,False,1.0,,,,
0,1.0,event,23,igdo,True,1,True,True,True,6.592383591332829,3.955201517729563,7.687856688383607,0.33100000000000007,False,8.0,1.106967748454133,0.0003795999800786376,0.017971000052057207,0.094,False,1.0,True,1.0,cross_validate;robust_denoise,cross_validate;robust_denoise
0,1.0,event,24,static,True,2,True,True,True,18.273023491763563,3.3648787917107654,18.58025287269923,1.0056,False,8.0,0.48684854106904923,0.0,0.02202969999052584,0.056600000000000004,False,1.0,,,,
0,1.0,event,24,igdo,True,1,True,True,True,18.273023491763563,3.3648787917107654,18.58025287269923,1.0430000000000001,False,8.0,0.48684854106904923,0.00034119997872039676,0.017744600074365735,0.094,False,1.0,True,1.0,cross_validate;robust_denoise,cross_validate;robust_denoise
0,1.0,event,25,static,True,1,True,True,True,25.40661810615865,7.5833035275457235,26.514198761853542,0.5735999999999999,False,8.0,6.777510127069511,0.0,0.020455299993045628,0.056600000000000004,False,1.0,,,,
0,1.0,event,25,igdo,True,1,True,True,True,36.765484224529594,7.4166964724542765,37.50610906010713,0.6109999999999999,False,8.0,7.305304627269678,0.00017559999832883477,0.018055599939543754,0.094,False,1.0,True,1.0,cross_validate;robust_denoise,cross_validate;robust_denoise
0,1.0,event,26,static,True,1,True,True,True,64.2309811078748,67.78176453562409,93.38086815639998,0.2035999999999998,False,8.0,1.8831627426791102,0.0,0.019178699934855103,0.056600000000000004,False,1.0,,,,
0,1.0,event,26,igdo,True,1,True,True,True,64.2309811078748,67.78176453562409,93.38086815639998,0.2409999999999998,False,8.0,1.8831627426791102,0.0005230000242590904,0.016863500059116632,0.094,False,1.0,True,1.0,cross_validate;robust_denoise,cross_validate;robust_denoise
0,1.0,event,27,static,True,1,True,True,True,23.37122732020404,4.691940305815052,23.837545391377514,0.7616,False,8.0,1.6476000782941582,0.0,0.018566900049336255,0.056600000000000004,False,1.0,,,,
0,1.0,event,27,igdo,True,1,True,True,True,23.37122732020404,4.691940305815052,23.837545391377514,0.799,False,8.0,1.6527424274725997,0.0001813999842852354,0.01735270000062883,0.094,False,1.0,True,1.0,cross_validate;robust_denoise,cross_validate;robust_denoise
0,1.0,event,28,static,True,1,True,True,True,17.700716820723013,6.901888562476728,18.998722106927975,0.7325999999999999,False,8.0,2.147328085192759,0.0,0.02003399992827326,0.056600000000000004,False,1.0,,,,
0,1.0,event,28,igdo,True,1,True,True,True,17.700716820723013,6.901888562476728,18.998722106927975,0.7699999999999999,False,8.0,2.147328085192759,0.00016629998572170734,0.01876899995841086,0.094,False,1.0,True,1.0,cross_validate;robust_denoise,cross_validate;robust_denoise
0,1.0,event,29,static,True,1,True,True,True,11.288634762537159,5.735077328274912,12.661926660791211,0.9776,False,8.0,1.0526389549812503,0.0,0.017673700058367103,0.056600000000000004,False,1.0,,,,
0,1.0,event,29,igdo,True,1,True,True,True,11.288634762537159,5.735077328274912,12.661926660791211,1.0150000000000001,False,8.0,1.0526389549812503,0.00018879998242482543,0.01638069993350655,0.094,False,1.0,True,1.0,cross_validate;robust_denoise,cross_validate;robust_denoise
0,1.0,noise,0,static,False,0,False,False,False,,,,,False,,,0.0,0.011780300119426101,0.056600000000000004,False,1.0,,,,
0,1.0,noise,0,igdo,False,0,False,False,False,,,,,False,,,0.00015330000314861536,0.014914200059138238,0.094,False,1.0,True,1.0,cross_validate;robust_denoise,cross_validate;robust_denoise
0,1.0,noise,1,static,False,1,False,False,False,,,,,True,,,0.0,0.015018300036899745,0.056600000000000004,False,1.0,,,,
0,1.0,noise,1,igdo,False,0,False,False,False,,,,,False,,,0.00019839999731630087,0.008702100079972297,0.094,False,1.0,True,1.0,cross_validate;robust_denoise,cross_validate;robust_denoise
0,1.0,noise,2,static,False,2,False,False,False,,,,,True,,,0.0,0.018963499926030636,0.056600000000000004,False,1.0,,,,
0,1.0,noise,2,igdo,False,0,False,False,False,,,,,False,,,0.00018529995577409863,0.01418350002495572,0.094,False,1.0,True,1.0,cross_validate;robust_denoise,cross_validate;robust_denoise
0,1.0,noise,3,static,False,0,False,False,False,,,,,False,,,0.0,0.010899900051299483,0.056600000000000004,False,1.0,,,,
0,1.0,noise,3,igdo,False,0,False,False,False,,,,,False,,,0.00022440002067014575,0.00933570007327944,0.094,False,1.0,True,1.0,cross_validate;robust_denoise,cross_validate;robust_denoise
0,1.0,noise,4,static,False,0,False,False,False,,,,,False,,,0.0,0.011392800020985305,0.056600000000000004,False,1.0,,,,
0,1.0,noise,4,igdo,False,0,False,False,False,,,,,False,,,0.00019970000721514225,0.008490400039590895,0.094,False,1.0,True,1.0,cross_validate;robust_denoise,cross_validate;robust_denoise
0,1.0,noise,5,static,False,1,False,False,False,,,,,True,,,0.0,0.015203299873974174,0.056600000000000004,False,1.0,,,,
0,1.0,noise,5,igdo,False,0,False,False,False,,,,,False,,,0.00015879998682066798,0.010570699989330024,0.094,False,1.0,True,1.0,cross_validate;robust_denoise,cross_validate;robust_denoise
0,1.0,noise,6,static,False,1,False,False,False,,,,,True,,,0.0,0.015326699940487742,0.056600000000000004,False,1.0,,,,
0,1.0,noise,6,igdo,False,0,False,False,False,,,,,False,,,0.00014459999511018395,0.011519799998495728,0.094,False,1.0,True,1.0,cross_validate;robust_denoise,cross_validate;robust_denoise
0,1.0,noise,7,static,False,0,False,False,False,,,,,False,,,0.0,0.009439999936148524,0.056600000000000004,False,1.0,,,,
0,1.0,noise,7,igdo,False,0,False,False,False,,,,,False,,,0.00016550003783777356,0.013784100068733096,0.094,False,1.0,True,1.0,cross_validate;robust_denoise,cross_validate;robust_denoise
0,1.0,noise,8,static,False,1,False,False,False,,,,,True,,,0.0,0.018004000012297183,0.056600000000000004,False,1.0,,,,
0,1.0,noise,8,igdo,False,0,False,False,False,,,,,False,,,0.001470699964556843,0.010791400040034205,0.094,False,1.0,True,1.0,cross_validate;robust_denoise,cross_validate;robust_denoise
0,1.0,noise,9,static,False,0,False,False,False,,,,,False,,,0.0,0.00843329995404929,0.056600000000000004,False,1.0,,,,
0,1.0,noise,9,igdo,False,0,False,False,False,,,,,False,,,0.00022280000848695636,0.00873249996220693,0.094,False,1.0,True,1.0,cross_validate;robust_denoise,cross_validate;robust_denoise
0,1.0,noise,10,static,False,2,False,False,False,,,,,True,,,0.0,0.020855499955359846,0.056600000000000004,False,1.0,,,,
0,1.0,noise,10,igdo,False,0,False,False,False,,,,,False,,,0.00014789996203035116,0.01185289997374639,0.094,False,1.0,True,1.0,cross_validate;robust_denoise,cross_validate;robust_denoise
0,1.0,noise,11,static,False,1,False,False,False,,,,,True,,,0.0,0.013763499970082194,0.056600000000000004,False,1.0,,,,
0,1.0,noise,11,igdo,False,0,False,False,False,,,,,False,,,0.0003846999607048929,0.01167349994648248,0.094,False,1.0,True,1.0,cross_validate;robust_denoise,cross_validate;robust_denoise
0,1.0,noise,12,static,False,1,False,False,False,,,,,True,,,0.0,0.015646499989088625,0.056600000000000004,False,1.0,,,,
0,1.0,noise,12,igdo,False,0,False,False,False,,,,,False,,,0.00023070001043379307,0.011352999950759113,0.094,False,1.0,True,1.0,cross_validate;robust_denoise,cross_validate;robust_denoise
0,1.0,noise,13,static,False,1,False,False,False,,,,,True,,,0.0,0.014479600067716092,0.056600000000000004,False,1.0,,,,
0,1.0,noise,13,igdo,False,0,False,False,False,,,,,False,,,0.00023529998725280166,0.012629699893295765,0.094,False,1.0,True,1.0,cross_validate;robust_denoise,cross_validate;robust_denoise
0,1.0,noise,14,static,False,3,False,False,False,,,,,True,,,0.0,0.029792700021062046,0.056600000000000004,False,1.0,,,,
0,1.0,noise,14,igdo,False,1,False,False,False,,,,,True,,,0.00015849998453631997,0.015471099992282689,0.094,False,1.0,True,1.0,cross_validate;robust_denoise,cross_validate;robust_denoise
0,1.0,noise,15,static,False,1,False,False,False,,,,,True,,,0.0,0.015088199928868562,0.056600000000000004,False,1.0,,,,
0,1.0,noise,15,igdo,False,0,False,False,False,,,,,False,,,0.00016719999257475138,0.012006500037387013,0.094,False,1.0,True,1.0,cross_validate;robust_denoise,cross_validate;robust_denoise
0,1.0,noise,16,static,False,2,False,False,False,,,,,True,,,0.0,0.016795100003946573,0.056600000000000004,False,1.0,,,,
0,1.0,noise,16,igdo,False,0,False,False,False,,,,,False,,,0.0001811000402085483,0.012216200062539428,0.094,False,1.0,True,1.0,cross_validate;robust_denoise,cross_validate;robust_denoise
0,1.0,noise,17,static,False,1,False,False,False,,,,,True,,,0.0,0.016294400033075362,0.056600000000000004,False,1.0,,,,
0,1.0,noise,17,igdo,False,0,False,False,False,,,,,False,,,0.00017039995873346925,0.008021599962376058,0.094,False,1.0,True,1.0,cross_validate;robust_denoise,cross_validate;robust_denoise
0,1.0,noise,18,static,False,2,False,False,False,,,,,True,,,0.0,0.015485499985516071,0.056600000000000004,False,1.0,,,,
0,1.0,noise,18,igdo,False,0,False,False,False,,,,,False,,,0.00015929999062791467,0.008382800093386322,0.094,False,1.0,True,1.0,cross_validate;robust_denoise,cross_validate;robust_denoise
0,1.0,noise,19,static,False,1,False,False,False,,,,,True,,,0.0,0.016588800062891096,0.056600000000000004,False,1.0,,,,
0,1.0,noise,19,igdo,False,0,False,False,False,,,,,False,,,0.0001604999997653067,0.009644800098612905,0.094,False,1.0,True,1.0,cross_validate;robust_denoise,cross_validate;robust_denoise
0,1.0,noise,20,static,False,2,False,False,False,,,,,True,,,0.0,0.02389399998355657,0.056600000000000004,False,1.0,,,,
0,1.0,noise,20,igdo,False,0,False,False,False,,,,,False,,,0.00016220001270994544,0.008518400078173727,0.094,False,1.0,True,1.0,cross_validate;robust_denoise,cross_validate;robust_denoise
0,1.0,noise,21,static,False,0,False,False,False,,,,,False,,,0.0,0.01229739998234436,0.056600000000000004,False,1.0,,,,
0,1.0,noise,21,igdo,False,0,False,False,False,,,,,False,,,0.0001954999752342701,0.008196000009775162,0.094,False,1.0,True,1.0,cross_validate;robust_denoise,cross_validate;robust_denoise
0,1.0,noise,22,static,False,0,False,False,False,,,,,False,,,0.0,0.011414100008551031,0.056600000000000004,False,1.0,,,,
0,1.0,noise,22,igdo,False,0,False,False,False,,,,,False,,,0.0001677999971434474,0.008412299968767911,0.094,False,1.0,True,1.0,cross_validate;robust_denoise,cross_validate;robust_denoise
0,1.0,noise,23,static,False,3,False,False,False,,,,,True,,,0.0,0.02401860011741519,0.056600000000000004,False,1.0,,,,
0,1.0,noise,23,igdo,False,0,False,False,False,,,,,False,,,0.00021950004156678915,0.009969100065063685,0.094,False,1.0,True,1.0,cross_validate;robust_denoise,cross_validate;robust_denoise
0,1.0,noise,24,static,False,1,False,False,False,,,,,True,,,0.0,0.018610899976920336,0.056600000000000004,False,1.0,,,,
0,1.0,noise,24,igdo,False,0,False,False,False,,,,,False,,,0.00019259995315223932,0.012294999964069575,0.094,False,1.0,True,1.0,cross_validate;robust_denoise,cross_validate;robust_denoise
0,1.0,noise,25,static,False,1,False,False,False,,,,,True,,,0.0,0.013034099887590855,0.056600000000000004,False,1.0,,,,
0,1.0,noise,25,igdo,False,0,False,False,False,,,,,False,,,0.000152299995534122,0.010991300048772246,0.094,False,1.0,True,1.0,cross_validate;robust_denoise,cross_validate;robust_denoise
0,1.0,noise,26,static,False,2,False,False,False,,,,,True,,,0.0,0.02261059993179515,0.056600000000000004,False,1.0,,,,
0,1.0,noise,26,igdo,False,0,False,False,False,,,,,False,,,0.0001841000048443675,0.008218400063924491,0.094,False,1.0,True,1.0,cross_validate;robust_denoise,cross_validate;robust_denoise
0,1.0,noise,27,static,False,1,False,False,False,,,,,True,,,0.0,0.016083299939054996,0.056600000000000004,False,1.0,,,,
0,1.0,noise,27,igdo,False,1,False,False,False,,,,,True,,,0.00014749995898455381,0.013226800016127527,0.094,False,1.0,True,1.0,cross_validate;robust_denoise,cross_validate;robust_denoise
0,1.0,noise,28,static,False,2,False,False,False,,,,,True,,,0.0,0.019756499910727143,0.056600000000000004,False,1.0,,,,
0,1.0,noise,28,igdo,False,0,False,False,False,,,,,False,,,0.00021689996356144547,0.010398299957159907,0.094,False,1.0,True,1.0,cross_validate;robust_denoise,cross_validate;robust_denoise
0,1.0,noise,29,static,False,0,False,False,False,,,,,False,,,0.0,0.011119899980258197,0.056600000000000004,False,1.0,,,,
0,1.0,noise,29,igdo,False,0,False,False,False,,,,,False,,,0.00016550003783777356,0.00818740006070584,0.094,False,1.0,True,1.0,cross_validate;robust_denoise,cross_validate;robust_denoise
0,0.85,event,0,static,True,1,True,True,True,16.875594902304474,33.407078728873344,37.42751143883102,0.7955999999999999,False,7.0,3.9467691903311932,0.0,0.017094099952373654,0.056600000000000004,False,1.0,,,,
0,0.85,event,0,igdo,True,1,True,True,True,16.875594902304474,33.407078728873344,37.42751143883102,0.8377999999999999,False,7.0,3.9467691903311932,0.00017909996677190065,0.017145999998319894,0.0988,False,1.0,True,1.0,cross_validate;gap_repair;robust_denoise,cross_validate;gap_repair;robust_denoise
0,0.85,event,1,static,True,2,True,True,True,26.886016862216483,15.976135465196037,31.274507304155627,1.0046,False,7.0,0.4314333772058535,0.0,0.021564199996646494,0.056600000000000004,False,1.0,,,,
0,0.85,event,1,igdo,True,1,True,True,True,26.886016862216483,15.976135465196037,31.274507304155627,1.0468,False,7.0,0.4314333772058535,0.0002508999896235764,0.018758299993351102,0.0988,False,1.0,True,1.0,cross_validate;gap_repair;robust_denoise,cross_validate;gap_repair;robust_denoise
0,0.85,event,2,static,True,1,True,True,True,9.807990316901932,9.531082861484933,13.676191522822934,0.9506000000000001,False,7.0,1.6099114302094353,0.0,0.01906090008560568,0.056600000000000004,False,1.0,,,,
0,0.85,event,2,igdo,True,1,True,True,True,110.14522783193954,39.53108286148493,117.02426127240221,0.9928000000000001,False,7.0,4.482771018987239,0.0002502999850548804,0.014372600067872554,0.0988,False,1.0,True,1.0,cross_validate;gap_repair;robust_denoise,cross_validate;gap_repair;robust_denoise
0,0.85,event,3,static,True,2,True,True,True,5.396801707173906,10.935309741693487,12.194526141401791,0.4685999999999999,False,7.0,1.301055552823326,0.0,0.0238775999750942,0.056600000000000004,False,1.0,,,,
0,0.85,event,3,igdo,True,1,True,True,True,5.396801707173906,10.935309741693487,12.194526141401791,0.5107999999999999,False,7.0,1.301055552823326,0.00017670000670477748,0.015133199980482459,0.0988,False,1.0,True,1.0,cross_validate;gap_repair;robust_denoise,cross_validate;gap_repair;robust_denoise
0,0.85,event,4,static,True,2,True,True,True,2.4991805079985836,8.780531373635853,9.129273487795377,0.9746000000000001,False,7.0,1.5112848726448398,0.0,0.023093600117135793,0.056600000000000004,False,1.0,,,,
0,0.85,event,4,igdo,True,1,True,True,True,2.4991805079985836,8.780531373635853,9.129273487795377,1.0168000000000001,False,7.0,1.5112848726448398,0.00019189994782209396,0.01563560002250597,0.0988,False,1.0,True,1.0,cross_validate;gap_repair;robust_denoise,cross_validate;gap_repair;robust_denoise
0,0.85,event,5,static,True,1,True,True,True,29.818774361264033,3.864503063715432,30.06815073025681,0.8275999999999999,False,7.0,1.19368258829659,0.0,0.0173882000381127,0.056600000000000004,False,1.0,,,,
0,0.85,event,5,igdo,True,1,True,True,True,29.818774361264033,3.864503063715432,30.06815073025681,0.8697999999999999,False,7.0,1.19368258829659,0.0002756000030785799,0.01822059997357428,0.0988,False,1.0,True,1.0,cross_validate;gap_repair;robust_denoise,cross_validate;gap_repair;robust_denoise
0,0.85,event,6,static,True,1,True,True,True,5.12215266219152,7.882527159942185,9.400568191445764,0.27760000000000007,False,7.0,1.067840984948189,0.0,0.019437999872025102,0.056600000000000004,False,1.0,,,,
0,0.85,event,6,igdo,True,1,True,True,True,5.12215266219152,7.882527159942185,9.400568191445764,0.3198000000000001,False,7.0,1.067840984948189,0.00024009996559470892,0.017403799982275814,0.0988,False,1.0,True,1.0,cross_validate;gap_repair;robust_denoise,cross_validate;gap_repair;robust_denoise
0,0.85,event,7,static,True,1,True,True,True,11.776987592214336,0.37406450078441367,11.782926673705372,0.8916,False,7.0,0.9490824102238815,0.0,0.016363199974875897,0.056600000000000004,False,1.0,,,,
0,0.85,event,7,igdo,True,1,True,True,True,11.776987592214336,0.37406450078441367,11.782926673705372,0.9338,False,7.0,0.9490824102238815,0.00021949998335912824,0.016687800001818687,0.0988,False,1.0,True,1.0,cross_validate;gap_repair;robust_denoise,cross_validate;gap_repair;robust_denoise
0,0.85,event,8,static,True,1,True,True,True,14.644757115352329,32.438810727099806,35.59136626144419,0.1356000000000002,False,7.0,1.8795039895127197,0.0,0.018758100050035864,0.056600000000000004,False,1.0,,,,
0,0.85,event,8,igdo,True,1,True,True,True,14.644757115352329,32.438810727099806,35.59136626144419,0.17780000000000018,False,7.0,1.8795039895127197,0.0001996000064536929,0.018077999993693084,0.0988,False,1.0,True,1.0,cross_validate;gap_repair;robust_denoise,cross_validate;gap_repair;robust_denoise
0,0.85,event,9,static,True,1,True,True,True,31.09262361317726,39.360510380724094,50.159754989252065,0.8735999999999999,False,7.0,1.0745577434835951,0.0,0.01563100010389462,0.056600000000000004,False,1.0,,,,
0,0.85,event,9,igdo,True,1,True,True,True,31.09262361317726,39.360510380724094,50.159754989252065,0.9158,False,7.0,1.0745577434835951,0.0001873999717645347,0.015666999912355095,0.0988,False,1.0,True,1.0,cross_validate;gap_repair;robust_denoise,cross_validate;gap_repair;robust_denoise
0,0.85,event,10,static,True,1,True,True,True,17.714115099683823,14.52374819974139,22.90696696497242,1.0096000000000003,False,7.0,1.6437923845709976,0.0,0.016447000089101493,0.056600000000000004,False,1.0,,,,
0,0.85,event,10,igdo,True,1,True,True,True,17.714115099683823,14.52374819974139,22.90696696497242,1.0518000000000003,False,7.0,1.6437923845709976,0.00019580003572627902,0.016175099997781217,0.0988,False,1.0,True,1.0,cross_validate;gap_repair;robust_denoise,cross_validate;gap_repair;robust_denoise
0,0.85,event,11,static,True,1,True,True,True,62.92276518368252,72.81734710842409,96.23741693473265,1.1286,False,7.0,5.78515953568153,0.0,0.017026199959218502,0.056600000000000004,False,1.0,,,,
0,0.85,event,11,igdo,True,1,True,True,True,62.92276518368252,72.81734710842409,96.23741693473265,1.1708,False,7.0,5.78515953568153,0.0002120000426657498,0.015665299957618117,0.0988,False,1.0,True,1.0,cross_validate;gap_repair;robust_denoise,cross_validate;gap_repair;robust_denoise
0,0.85,event,12,static,True,1,True,True,True,5.776943743657311,0.009271250034700529,5.776951183233121,0.5745999999999998,False,7.0,1.499329618578282,0.0,0.017852900084108114,0.056600000000000004,False,1.0,,,,
0,0.85,event,12,igdo,True,1,True,True,True,5.776943743657311,0.009271250034700529,5.776951183233121,0.6167999999999998,False,7.0,1.499329618578282,0.0002432999899610877,0.014549999963492155,0.0988,False,1.0,True,1.0,cross_validate;gap_repair;robust_denoise,cross_validate;gap_repair;robust_denoise
0,0.85,event,13,static,True,1,True,True,True,10.909301833553009,17.960307979830105,21.013936547584606,0.9096000000000002,False,7.0,1.5128031939600266,0.0,0.018575499998405576,0.056600000000000004,False,1.0,,,,
0,0.85,event,13,igdo,True,1,True,True,True,10.909301833553009,17.960307979830105,21.013936547584606,0.9518000000000002,False,7.0,1.414605558018448,0.00017040001694113016,0.01568850001785904,0.0988,False,1.0,True,1.0,cross_validate;gap_repair;robust_denoise,cross_validate;gap_repair;robust_denoise
0,0.85,event,14,static,True,1,True,True,True,17.807811350198833,29.01645212165937,34.04515587881514,1.1096,False,7.0,0.660737986195448,0.0,0.01711959991371259,0.056600000000000004,False,1.0,,,,
0,0.85,event,14,igdo,True,1,True,True,True,17.807811350198833,29.01645212165937,34.04515587881514,1.1518,False,7.0,0.660737986195448,0.00018169998656958342,0.017641099984757602,0.0988,False,1.0,True,1.0,cross_validate;gap_repair;robust_denoise,cross_validate;gap_repair;robust_denoise
0,0.85,event,15,static,True,1,True,True,True,10.763161195846074,5.3003885352086115,11.997489635416969,0.8306,False,7.0,1.6011032227319972,0.0,0.017183299991302192,0.056600000000000004,False,1.0,,,,
0,0.85,event,15,igdo,True,1,True,True,True,10.763161195846074,5.3003885352086115,11.997489635416969,0.8728,False,7.0,1.6011032227319972,0.00016769999638199806,0.016983299981802702,0.0988,False,1.0,True,1.0,cross_validate;gap_repair;robust_denoise,cross_validate;gap_repair;robust_denoise
0,0.85,event,16,static,True,1,True,True,True,16.12721811199864,30.687585282899818,34.6672043079223,0.35760000000000014,False,7.0,1.6658292600257247,0.0,0.022606799961067736,0.056600000000000004,False,1.0,,,,
0,0.85,event,16,igdo,True,1,True,True,True,16.12721811199864,30.687585282899818,34.6672043079223,0.39980000000000016,False,7.0,1.6658292600257247,0.00020209996728226542,0.015266699949279428,0.0988,False,1.0,True,1.0,cross_validate;gap_repair;robust_denoise,cross_validate;gap_repair;robust_denoise
0,0.85,event,17,static,True,1,True,True,True,14.2017339342368,17.820546780201724,22.787302040483226,0.5085999999999999,False,7.0,0.6420522548983015,0.0,0.01840309996623546,0.056600000000000004,False,1.0,,,,
0,0.85,event,17,igdo,True,1,True,True,True,14.2017339342368,17.820546780201724,22.787302040483226,0.5508,False,7.0,0.6420522548983015,0.00016870000399649143,0.015841699903830886,0.0988,False,1.0,True,1.0,cross_validate;gap_repair;robust_denoise,cross_validate;gap_repair;robust_denoise
0,0.85,event,18,static,True,1,True,True,True,51.04668514586303,1.5887994328006982,51.07140440616981,0.7036,False,7.0,4.242992652634514,0.0,0.017103099962696433,0.056600000000000004,False,1.0,,,,
0,0.85,event,18,igdo,True,1,True,True,True,51.04668514586303,1.5887994328006982,51.07140440616981,0.7458,False,7.0,4.242992652634514,0.00017339998157694936,0.016747399931773543,0.0988,False,1.0,True,1.0,cross_validate;gap_repair;robust_denoise,cross_validate;gap_repair;robust_denoise
0,0.85,event,19,static,True,1,True,True,True,11.030941859692163,7.895429073961395,13.56537793700801,1.1096,False,7.0,1.7909157593918543,0.0,0.022092799947131425,0.056600000000000004,False,1.0,,,,
0,0.85,event,19,igdo,True,1,True,True,True,11.030941859692163,7.895429073961395,13.56537793700801,1.1518,False,7.0,1.7909157593918543,0.00020050001330673695,0.049858400016091764,0.0988,False,1.0,True,1.0,cross_validate;gap_repair;robust_denoise,cross_validate;gap_repair;robust_denoise
0,0.85,event,20,static,True,2,True,True,True,6.979137673132114,43.824351488158555,44.37659457437216,1.0695999999999999,False,7.0,0.8367742428711572,0.0,0.021393999981228262,0.056600000000000004,False,1.0,,,,
0,0.85,event,20,igdo,True,1,True,True,True,6.979137673132114,43.824351488158555,44.37659457437216,1.1118,False,7.0,0.8367742428711572,0.00024880003184080124,0.013797800114843994,0.0988,False,1.0,True,1.0,cross_validate;gap_repair;robust_denoise,cross_validate;gap_repair;robust_denoise
0,0.85,event,21,static,True,1,True,True,True,9.648832106553394,4.647955082597946,10.709969536385419,0.8856000000000002,False,7.0,0.8917817933786047,0.0,0.01538810011697933,0.056600000000000004,False,1.0,,,,
0,0.85,event,21,igdo,True,1,True,True,True,9.648832106553394,4.647955082597946,10.709969536385419,0.9278000000000002,False,7.0,0.8917817933786047,0.00019409996457397938,0.01748569996561855,0.0988,False,1.0,True,1.0,cross_validate;gap_repair;robust_denoise,cross_validate;gap_repair;robust_denoise
0,0.85,event,22,static,True,1,True,True,True,18.371836747680636,8.243345393712275,20.13646266759547,0.24860000000000018,False,7.0,0.8665261645688352,0.0,0.017452700063586235,0.056600000000000004,False,1.0,,,,
0,0.85,event,22,igdo,True,1,True,True,True,18.371836747680636,8.243345393712275,20.13646266759547,0.29080000000000017,False,7.0,0.8665261645688352,0.00014979997649788857,0.016974300029687583,0.0988,False,1.0,True,1.0,cross_validate;gap_repair;robust_denoise,cross_validate;gap_repair;robust_denoise
0,0.85,event,23,static,True,2,True,True,True,4.188692962130675,2.746468781782511,5.0088161775322675,1.0295999999999998,False,7.0,0.7680289419751047,0.0,0.023269700061064214,0.056600000000000004,False,1.0,,,,
0,0.85,event,23,igdo,True,1,True,True,True,4.188692962130675,2.746468781782511,5.0088161775322675,1.0717999999999999,False,7.0,0.7680289419751047,0.00016419996973127127,0.016559200012125075,0.0988,False,1.0,True,1.0,cross_validate;gap_repair;robust_denoise,cross_validate;gap_repair;robust_denoise
0,0.85,event,24,static,True,1,True,True,True,10.75081172507068,14.49118331049715,18.043678851230652,0.24960000000000007,False,7.0,1.5019038524724602,0.0,0.02179709996562451,0.056600000000000004,False,1.0,,,,
0,0.85,event,24,igdo,True,1,True,True,True,10.75081172507068,14.49118331049715,18.043678851230652,0.29180000000000006,False,7.0,1.5019038524724602,0.00019270001212134957,0.015334199939388782,0.0988,False,1.0,True,1.0,cross_validate;gap_repair;robust_denoise,cross_validate;gap_repair;robust_denoise
0,0.85,event,25,static,True,1,True,True,True,6.758795024454108,3.776737119582947,7.742419095671669,0.3495999999999999,False,7.0,1.0684480714299065,0.0,0.016692300094291568,0.056600000000000004,False,1.0,,,,
0,0.85,event,25,igdo,True,1,True,True,True,6.758795024454108,3.776737119582947,7.742419095671669,0.3917999999999999,False,7.0,1.0684480714299065,0.00019559997599571943,0.015480700065381825,0.0988,False,1.0,True,1.0,cross_validate;gap_repair;robust_denoise,cross_validate;gap_repair;robust_denoise
0,0.85,event,26,static,True,1,True,True,True,11.711132751289705,14.853603960605966,18.915078137212642,0.5945999999999998,False,7.0,1.2557214543513802,0.0,0.017689599888399243,0.056600000000000004,False,1.0,,,,
0,0.85,event,26,igdo,True,1,True,True,True,11.711132751289705,14.853603960605966,18.915078137212642,0.6367999999999998,False,7.0,1.2557214543513802,0.0002251000260002911,0.018818599986843765,0.0988,False,1.0,True,1.0,cross_validate;gap_repair;robust_denoise,cross_validate;gap_repair;robust_denoise
0,0.85,event,27,static,True,2,True,True,True,3.153490010905473,6.421495201852821,7.15402682943665,0.6976,False,7.0,1.3819065383191858,0.0,0.02196470001945272,0.056600000000000004,False,1.0,,,,
0,0.85,event,27,igdo,True,1,True,True,True,3.153490010905473,6.421495201852821,7.15402682943665,0.7398,False,7.0,1.3819065383191858,0.00015079998411238194,0.018776999961119145,0.0988,False,1.0,True,1.0,cross_validate;gap_repair;robust_denoise,cross_validate;gap_repair;robust_denoise
0,0.85,event,28,static,True,1,True,True,True,1.5465452439288407,8.073546921442713,8.22033831933066,0.6936,False,7.0,0.775439696658305,0.0,0.017200900125317276,0.056600000000000004,False,1.0,,,,
0,0.85,event,28,igdo,True,1,True,True,True,1.5465452439288407,8.073546921442713,8.22033831933066,0.7358,False,7.0,0.775439696658305,0.00017010001465678215,0.016038699948694557,0.0988,False,1.0,True,1.0,cross_validate;gap_repair;robust_denoise,cross_validate;gap_repair;robust_denoise
0,0.85,event,29,static,True,2,True,True,True,54.59533008511353,61.553084007546985,82.27655934677044,0.1865999999999999,False,7.0,0.689781361402663,0.0,0.020177399972453713,0.056600000000000004,False,1.0,,,,
0,0.85,event,29,igdo,True,1,True,True,True,54.59533008511353,61.553084007546985,82.27655934677044,0.2287999999999999,False,7.0,0.689781361402663,0.00028360000578686595,0.017652699956670403,0.0988,False,1.0,True,1.0,cross_validate;gap_repair;robust_denoise,cross_validate;gap_repair;robust_denoise
0,0.85,noise,0,static,False,0,False,False,False,,,,,False,,,0.0,0.009973599924705923,0.056600000000000004,False,1.0,,,,
0,0.85,noise,0,igdo,False,0,False,False,False,,,,,False,,,0.0001558999647386372,0.006960299971979111,0.0988,False,1.0,True,1.0,cross_validate;gap_repair;robust_denoise,cross_validate;gap_repair;robust_denoise
0,0.85,noise,1,static,False,1,False,False,False,,,,,True,,,0.0,0.016562299919314682,0.056600000000000004,False,1.0,,,,
0,0.85,noise,1,igdo,False,0,False,False,False,,,,,False,,,0.0052137000020593405,0.008459099975880235,0.0988,False,1.0,True,1.0,cross_validate;gap_repair;robust_denoise,cross_validate;gap_repair;robust_denoise
0,0.85,noise,2,static,False,0,False,False,False,,,,,False,,,0.0,0.01274309994187206,0.056600000000000004,False,1.0,,,,
0,0.85,noise,2,igdo,False,0,False,False,False,,,,,False,,,0.00019590003648772836,0.007814400072675198,0.0988,False,1.0,True,1.0,cross_validate;gap_repair;robust_denoise,cross_validate;gap_repair;robust_denoise
0,0.85,noise,3,static,False,1,False,False,False,,,,,True,,,0.0,0.015145800076425076,0.056600000000000004,False,1.0,,,,
0,0.85,noise,3,igdo,False,0,False,False,False,,,,,False,,,0.00017590000061318278,0.012071800010744482,0.0988,False,1.0,True,1.0,cross_validate;gap_repair;robust_denoise,cross_validate;gap_repair;robust_denoise
0,0.85,noise,4,static,False,2,False,False,False,,,,,True,,,0.0,0.02275579998968169,0.056600000000000004,False,1.0,,,,
0,0.85,noise,4,igdo,False,0,False,False,False,,,,,False,,,0.00017600000137463212,0.009670999890659004,0.0988,False,1.0,True,1.0,cross_validate;gap_repair;robust_denoise,cross_validate;gap_repair;robust_denoise
0,0.85,noise,5,static,False,0,False,False,False,,,,,False,,,0.0,0.012278300011530519,0.056600000000000004,False,1.0,,,,
0,0.85,noise,5,igdo,False,0,False,False,False,,,,,False,,,0.00016629998572170734,0.011834500124678016,0.0988,False,1.0,True,1.0,cross_validate;gap_repair;robust_denoise,cross_validate;gap_repair;robust_denoise
0,0.85,noise,6,static,False,2,False,False,False,,,,,True,,,0.0,0.01746820006519556,0.056600000000000004,False,1.0,,,,
0,0.85,noise,6,igdo,False,0,False,False,False,,,,,False,,,0.000361400016117841,0.00871470000129193,0.0988,False,1.0,True,1.0,cross_validate;gap_repair;robust_denoise,cross_validate;gap_repair;robust_denoise
0,0.85,noise,7,static,False,2,False,False,False,,,,,True,,,0.0,0.018679599976167083,0.056600000000000004,False,1.0,,,,
0,0.85,noise,7,igdo,False,0,False,False,False,,,,,False,,,0.0001748999929986894,0.009481099958065897,0.0988,False,1.0,True,1.0,cross_validate;gap_repair;robust_denoise,cross_validate;gap_repair;robust_denoise
0,0.85,noise,8,static,False,2,False,False,False,,,,,True,,,0.0,0.022472399985417724,0.056600000000000004,False,1.0,,,,
0,0.85,noise,8,igdo,False,0,False,False,False,,,,,False,,,0.0001689000055193901,0.007829299895092845,0.0988,False,1.0,True,1.0,cross_validate;gap_repair;robust_denoise,cross_validate;gap_repair;robust_denoise
0,0.85,noise,9,static,False,1,False,False,False,,,,,True,,,0.0,0.015674400026910007,0.056600000000000004,False,1.0,,,,
0,0.85,noise,9,igdo,False,1,False,False,False,,,,,True,,,0.00020000000949949026,0.014045500021893531,0.0988,False,1.0,True,1.0,cross_validate;gap_repair;robust_denoise,cross_validate;gap_repair;robust_denoise
0,0.85,noise,10,static,False,0,False,False,False,,,,,False,,,0.0,0.013773799990303814,0.056600000000000004,False,1.0,,,,
0,0.85,noise,10,igdo,False,0,False,False,False,,,,,False,,,0.00014640000881627202,0.011108500009868294,0.0988,False,1.0,True,1.0,cross_validate;gap_repair;robust_denoise,cross_validate;gap_repair;robust_denoise
0,0.85,noise,11,static,False,1,False,False,False,,,,,True,,,0.0,0.017199100111611187,0.056600000000000004,False,1.0,,,,
0,0.85,noise,11,igdo,False,0,False,False,False,,,,,False,,,0.00021780002862215042,0.00824530003592372,0.0988,False,1.0,True,1.0,cross_validate;gap_repair;robust_denoise,cross_validate;gap_repair;robust_denoise
0,0.85,noise,12,static,False,0,False,False,False,,,,,False,,,0.0,0.010999799997080117,0.056600000000000004,False,1.0,,,,
0,0.85,noise,12,igdo,False,0,False,False,False,,,,,False,,,0.0002620000159367919,0.008533100073691458,0.0988,False,1.0,True,1.0,cross_validate;gap_repair;robust_denoise,cross_validate;gap_repair;robust_denoise
0,0.85,noise,13,static,False,0,False,False,False,,,,,False,,,0.0,0.007952599960844964,0.056600000000000004,False,1.0,,,,
0,0.85,noise,13,igdo,False,0,False,False,False,,,,,False,,,0.0001957999775186181,0.008052300021518022,0.0988,False,1.0,True,1.0,cross_validate;gap_repair;robust_denoise,cross_validate;gap_repair;robust_denoise
0,0.85,noise,14,static,False,1,False,False,False,,,,,True,,,0.0,0.016039100068155676,0.056600000000000004,False,1.0,,,,
0,0.85,noise,14,igdo,False,0,False,False,False,,,,,False,,,0.00020710000535473228,0.010884999937843531,0.0988,False,1.0,True,1.0,cross_validate;gap_repair;robust_denoise,cross_validate;gap_repair;robust_denoise
0,0.85,noise,15,static,False,3,False,False,False,,,,,True,,,0.0,0.022702099988237023,0.056600000000000004,False,1.0,,,,
0,0.85,noise,15,igdo,False,0,False,False,False,,,,,False,,,0.00018390000332146883,0.00810889998683706,0.0988,False,1.0,True,1.0,cross_validate;gap_repair;robust_denoise,cross_validate;gap_repair;robust_denoise
0,0.85,noise,16,static,False,2,False,False,False,,,,,True,,,0.0,0.020211499999277294,0.056600000000000004,False,1.0,,,,
0,0.85,noise,16,igdo,False,0,False,False,False,,,,,False,,,0.0011075999937020242,0.008389699913095683,0.0988,False,1.0,True,1.0,cross_validate;gap_repair;robust_denoise,cross_validate;gap_repair;robust_denoise
0,0.85,noise,17,static,False,2,False,False,False,,,,,True,,,0.0,0.014629600045736879,0.056600000000000004,False,1.0,,,,
0,0.85,noise,17,igdo,False,0,False,False,False,,,,,False,,,0.00017980003030970693,0.009474399965256453,0.0988,False,1.0,True,1.0,cross_validate;gap_repair;robust_denoise,cross_validate;gap_repair;robust_denoise
0,0.85,noise,18,static,False,1,False,False,False,,,,,True,,,0.0,0.016741399886086583,0.056600000000000004,False,1.0,,,,
0,0.85,noise,18,igdo,False,0,False,False,False,,,,,False,,,0.00016350002260878682,0.011631800094619393,0.0988,False,1.0,True,1.0,cross_validate;gap_repair;robust_denoise,cross_validate;gap_repair;robust_denoise
0,0.85,noise,19,static,False,1,False,False,False,,,,,True,,,0.0,0.018918099987786263,0.056600000000000004,False,1.0,,,,
0,0.85,noise,19,igdo,False,0,False,False,False,,,,,False,,,0.00021959998412057757,0.010786600003484637,0.0988,False,1.0,True,1.0,cross_validate;gap_repair;robust_denoise,cross_validate;gap_repair;robust_denoise
0,0.85,noise,20,static,False,0,False,False,False,,,,,False,,,0.0,0.013653600064571947,0.056600000000000004,False,1.0,,,,
0,0.85,noise,20,igdo,False,0,False,False,False,,,,,False,,,0.0001829999964684248,0.009402799943927675,0.0988,False,1.0,True,1.0,cross_validate;gap_repair;robust_denoise,cross_validate;gap_repair;robust_denoise
0,0.85,noise,21,static,False,1,False,False,False,,,,,True,,,0.0,0.014319899957627058,0.056600000000000004,False,1.0,,,,
0,0.85,noise,21,igdo,False,0,False,False,False,,,,,False,,,0.00016659998800605536,0.01114739989861846,0.0988,False,1.0,True,1.0,cross_validate;gap_repair;robust_denoise,cross_validate;gap_repair;robust_denoise
0,0.85,noise,22,static,False,2,False,False,False,,,,,True,,,0.0,0.01865949999773875,0.056600000000000004,False,1.0,,,,
0,0.85,noise,22,igdo,False,0,False,False,False,,,,,False,,,0.000846999988425523,0.008712099923286587,0.0988,False,1.0,True,1.0,cross_validate;gap_repair;robust_denoise,cross_validate;gap_repair;robust_denoise
0,0.85,noise,23,static,False,1,False,False,False,,,,,True,,,0.0,0.0165065000182949,0.056600000000000004,False,1.0,,,,
0,0.85,noise,23,igdo,False,0,False,False,False,,,,,False,,,0.0001922999508678913,0.008728799992240965,0.0988,False,1.0,True,1.0,cross_validate;gap_repair;robust_denoise,cross_validate;gap_repair;robust_denoise
0,0.85,noise,24,static,False,1,False,False,False,,,,,True,,,0.0,0.016680099943187088,0.056600000000000004,False,1.0,,,,
0,0.85,noise,24,igdo,False,0,False,False,False,,,,,False,,,0.00016439997125416994,0.010024499904830009,0.0988,False,1.0,True,1.0,cross_validate;gap_repair;robust_denoise,cross_validate;gap_repair;robust_denoise
0,0.85,noise,25,static,False,1,False,False,False,,,,,True,,,0.0,0.01716429990483448,0.056600000000000004,False,1.0,,,,
0,0.85,noise,25,igdo,False,0,False,False,False,,,,,False,,,0.0002253999700769782,0.009101600153371692,0.0988,False,1.0,True,1.0,cross_validate;gap_repair;robust_denoise,cross_validate;gap_repair;robust_denoise
0,0.85,noise,26,static,False,0,False,False,False,,,,,False,,,0.0,0.008661100000608712,0.056600000000000004,False,1.0,,,,
0,0.85,noise,26,igdo,False,0,False,False,False,,,,,False,,,0.00013599998783320189,0.010800899937748909,0.0988,False,1.0,True,1.0,cross_validate;gap_repair;robust_denoise,cross_validate;gap_repair;robust_denoise
0,0.85,noise,27,static,False,0,False,False,False,,,,,False,,,0.0,0.009931000007782131,0.056600000000000004,False,1.0,,,,
0,0.85,noise,27,igdo,False,0,False,False,False,,,,,False,,,0.00016099994536489248,0.011031900008674711,0.0988,False,1.0,True,1.0,cross_validate;gap_repair;robust_denoise,cross_validate;gap_repair;robust_denoise
0,0.85,noise,28,static,False,1,False,False,False,,,,,True,,,0.0,0.012404699926264584,0.056600000000000004,False,1.0,,,,
0,0.85,noise,28,igdo,False,0,False,False,False,,,,,False,,,0.00021239998750388622,0.020885099947918206,0.0988,False,1.0,True,1.0,cross_validate;gap_repair;robust_denoise,cross_validate;gap_repair;robust_denoise
0,0.85,noise,29,static,False,2,False,False,False,,,,,True,,,0.0,0.017415299953427166,0.056600000000000004,False,1.0,,,,
0,0.85,noise,29,igdo,False,0,False,False,False,,,,,False,,,0.00020110001787543297,0.008318499894812703,0.0988,False,1.0,True,1.0,cross_validate;gap_repair;robust_denoise,cross_validate;gap_repair;robust_denoise
0,0.7,event,0,static,True,2,True,True,True,6.429737517097559,1.4805736047117222,6.598001419955966,0.1316000000000002,False,6.0,1.5762513622092267,0.0,0.022988200013060123,0.056600000000000004,False,1.0,,,,
0,0.7,event,0,igdo,True,1,True,True,True,6.429737517097559,1.4805736047117222,6.598001419955966,0.17380000000000018,False,6.0,1.5762513622092267,0.00018009997438639402,0.011862900049891323,0.0988,False,1.0,True,1.0,cross_validate;gap_repair;robust_denoise,cross_validate;gap_repair;robust_denoise
0,0.7,event,1,static,True,1,True,True,True,8.241625701988719,7.898679053853485,11.415494952364739,0.6436000000000002,False,6.0,0.4979534457352568,0.0,0.01572430005762726,0.056600000000000004,False,1.0,,,,
0,0.7,event,1,igdo,True,1,True,True,True,8.241625701988719,7.898679053853485,11.415494952364739,0.6858000000000002,False,6.0,0.4979534457352568,0.00017579999985173345,0.014584499993361533,0.0988,False,1.0,True,1.0,cross_validate;gap_repair;robust_denoise,cross_validate;gap_repair;robust_denoise
0,0.7,event,2,static,True,1,True,True,True,13.050332466786903,6.874441832576252,14.7502246763616,0.7856000000000001,False,6.0,2.276741082842146,0.0,0.015946999948937446,0.056600000000000004,False,1.0,,,,
0,0.7,event,2,igdo,True,1,True,True,True,13.050332466786903,6.874441832576252,14.7502246763616,0.8278000000000001,False,6.0,2.276741082842146,0.00015879998682066798,0.014114299905486405,0.0988,False,1.0,True,1.0,cross_validate;gap_repair;robust_denoise,cross_validate;gap_repair;robust_denoise
0,0.7,event,3,static,True,3,True,True,True,16.613316481997476,16.543831800973294,23.445695877706516,0.9495999999999998,False,6.0,1.0239237288993692,0.0,0.021976299991365522,0.056600000000000004,False,1.0,,,,
0,0.7,event,3,igdo,True,1,True,True,True,16.613316481997476,16.543831800973294,23.445695877706516,0.9917999999999998,False,6.0,1.0239237288993692,0.00014449999434873462,0.013926600106060505,0.0988,False,1.0,True,1.0,cross_validate;gap_repair;robust_denoise,cross_validate;gap_repair;robust_denoise
0,0.7,event,4,static,True,3,True,False,False,205.36415409396665,77.4822096967864,219.49471202338168,-1.9953999999999996,False,4.0,10.57944392637312,0.0,0.026222499960567802,0.056600000000000004,False,1.0,,,,
0,0.7,event,4,igdo,True,0,False,False,False,,,,,False,,,0.0002902999985963106,0.015002499974798411,0.0988,False,1.0,True,1.0,cross_validate;gap_repair;robust_denoise,cross_validate;gap_repair;robust_denoise
0,0.7,event,5,static,True,1,True,True,True,15.71347888906726,4.512033100505221,16.348451348590093,1.0126000000000004,False,6.0,1.937971998339175,0.0,0.019249400007538497,0.056600000000000004,False,1.0,,,,
0,0.7,event,5,igdo,True,1,True,True,True,15.71347888906726,4.512033100505221,16.348451348590093,1.0548000000000004,False,6.0,1.937971998339175,0.00016160000814124942,0.013895799987949431,0.0988,False,1.0,True,1.0,cross_validate;gap_repair;robust_denoise,cross_validate;gap_repair;robust_denoise
0,0.7,event,6,static,True,1,True,True,True,3.9522001772940802,10.050550491270883,10.799696820697735,0.21360000000000004,False,6.0,0.7174092106524365,0.0,0.016111199918668717,0.056600000000000004,False,1.0,,,,
0,0.7,event,6,igdo,True,1,True,True,True,3.9522001772940802,10.050550491270883,10.799696820697735,0.2558,False,6.0,0.7174092106524365,0.00017750001279637218,0.014705599925946444,0.0988,False,1.0,True,1.0,cross_validate;gap_repair;robust_denoise,cross_validate;gap_repair;robust_denoise
0,0.7,event,7,static,True,1,True,False,False,368.22493897082217,114.03699250314901,385.47897652041803,0.6756000000000002,False,6.0,77.32016253947965,0.0,0.01624870003433898,0.056600000000000004,False,1.0,,,,
0,0.7,event,7,igdo,True,1,True,True,True,14.190787160813047,20.96300749685099,25.314543716143245,0.7178000000000002,False,6.0,0.79672747705903,0.00016689999029040337,0.014768000051844865,0.0988,False,1.0,True,1.0,cross_validate;gap_repair;robust_denoise,cross_validate;gap_repair;robust_denoise
0,0.7,event,8,static,True,2,True,True,True,4.427976918938774,17.023444399026474,17.589901614318382,0.9405999999999999,False,6.0,1.14173859975992,0.0,0.023921800078824162,0.056600000000000004,False,1.0,,,,
0,0.7,event,8,igdo,True,1,True,True,True,4.427976918938774,17.023444399026474,17.589901614318382,0.9827999999999999,False,6.0,1.14173859975992,0.00016649998724460602,0.014146000030450523,0.0988,False,1.0,True,1.0,cross_validate;gap_repair;robust_denoise,cross_validate;gap_repair;robust_denoise
0,0.7,event,9,static,True,1,True,True,True,25.01079876201863,16.718276786311478,30.083896579697146,0.4655999999999998,False,6.0,1.8511869538230419,0.0,0.016132199962157756,0.056600000000000004,False,1.0,,,,
0,0.7,event,9,igdo,True,1,True,True,True,25.01079876201863,16.718276786311478,30.083896579697146,0.5077999999999998,False,6.0,1.8511869538230419,0.0001928000128827989,0.015232899924740195,0.0988,False,1.0,True,1.0,cross_validate;gap_repair;robust_denoise,cross_validate;gap_repair;robust_denoise
0,0.7,event,10,static,True,1,True,True,True,41.134782547635254,2.165524304326283,41.19174469179311,0.18060000000000012,False,6.0,0.9352829393977337,0.0,0.020387799944728613,0.056600000000000004,False,1.0,,,,
0,0.7,event,10,igdo,True,1,True,True,True,41.134782547635254,2.165524304326283,41.19174469179311,0.2228000000000001,False,6.0,0.9352829393977337,0.0002597999991849065,0.01170490006916225,0.0988,False,1.0,True,1.0,cross_validate;gap_repair;robust_denoise,cross_validate;gap_repair;robust_denoise
0,0.7,event,11,static,True,2,True,False,False,191.36409573488652,81.47317359464085,207.98580516951944,0.9866000000000001,False,6.0,7.573918964436224,0.0,0.019633300020359457,0.056600000000000004,False,1.0,,,,
0,0.7,event,11,igdo,True,1,True,True,False,135.65892287080072,66.47317359464085,151.06960701017633,1.0288000000000002,False,6.0,6.404885888954152,0.0001960000372491777,0.014434799959417433,0.0988,False,1.0,True,1.0,cross_validate;gap_repair;robust_denoise,cross_validate;gap_repair;robust_denoise
0,0.7,event,12,static,True,1,True,True,True,9.766989868946292,17.057988426108977,19.656272796371322,0.4226000000000001,False,6.0,1.4363365707531368,0.0,0.014820799988228828,0.056600000000000004,False,1.0,,,,
0,0.7,event,12,igdo,True,1,True,True,True,9.766989868946292,17.057988426108977,19.656272796371322,0.4648000000000001,False,6.0,1.4363365707531368,0.00017469999147579074,0.01571560004958883,0.0988,False,1.0,True,1.0,cross_validate;gap_repair;robust_denoise,cross_validate;gap_repair;robust_denoise
0,0.7,event,13,static,True,1,True,True,True,1.2251472699285113,6.363237049358361,6.480105830875001,0.4815999999999998,False,7.0,0.8408167383698218,0.0,0.02533239999320358,0.056600000000000004,False,1.0,,,,
0,0.7,event,13,igdo,True,1,True,True,True,1.2251472699285113,8.63676295064164,8.723225326597346,0.5237999999999998,False,6.0,0.7454745360022762,0.0002823999966494739,0.014700200001243502,0.0988,False,1.0,True,1.0,cross_validate;gap_repair;robust_denoise,cross_validate;gap_repair;robust_denoise
0,0.7,event,14,static,True,1,True,True,True,2.180932999230759,13.934541888769843,14.104181167193476,0.7355999999999998,False,6.0,0.6324368419935876,0.0,0.01598650001687929,0.056600000000000004,False,1.0,,,,
0,0.7,event,14,igdo,True,1,True,True,True,2.180932999230759,13.934541888769843,14.104181167193476,0.7777999999999998,False,6.0,0.6324368419935876,0.00018360000103712082,0.014473100134637207,0.0988,False,1.0,True,1.0,cross_validate;gap_repair;robust_denoise,cross_validate;gap_repair;robust_denoise
0,0.7,event,15,static,True,1,True,False,False,379.2809064277905,21.712857481043983,379.90190070685156,0.3466,False,5.0,43.622137803830846,0.0,0.014074700011406094,0.056600000000000004,False,1.0,,,,
0,0.7,event,15,igdo,True,1,True,True,True,4.203985989282267,8.287142518956017,9.292482409322618,0.38880000000000003,False,6.0,1.1377881005825194,0.00018470000941306353,0.01559079997241497,0.0988,False,1.0,True,1.0,cross_validate;gap_repair;robust_denoise,cross_validate;gap_repair;robust_denoise
0,0.7,event,16,static,True,1,True,True,True,14.088714738113937,74.72562861958751,76.04216892990668,0.38560000000000016,False,6.0,2.487330541690021,0.0,0.014791400055401027,0.056600000000000004,False,1.0,,,,
0,0.7,event,16,igdo,True,1,True,True,True,27.698270109462342,44.72562861958751,52.60775629575929,0.4278000000000002,False,6.0,7.33331740869023,0.00016220001270994544,0.015262299915775657,0.0988,False,1.0,True,1.0,cross_validate;gap_repair;robust_denoise,cross_validate;gap_repair;robust_denoise
0,0.7,event,17,static,True,1,True,True,True,5.897098030459271,17.137345181691103,18.12358587744925,0.7486000000000002,False,6.0,1.3262254690080213,0.0,0.015438699978403747,0.056600000000000004,False,1.0,,,,
0,0.7,event,17,igdo,True,1,True,True,True,5.897098030459271,17.137345181691103,18.12358587744925,0.7908000000000002,False,6.0,1.3262254690080213,0.00017699995078146458,0.016756400116719306,0.0988,False,1.0,True,1.0,cross_validate;gap_repair;robust_denoise,cross_validate;gap_repair;robust_denoise
0,0.7,event,18,static,True,1,True,True,True,17.59958290961407,46.226339213304016,49.46331727306437,0.5406,False,6.0,1.8909297014292774,0.0,0.018012599961366504,0.056600000000000004,False,1.0,,,,
0,0.7,event,18,igdo,True,1,True,True,True,17.59958290961407,46.226339213304016,49.46331727306437,0.5828,False,6.0,1.8909297014292774,0.0005129000055603683,0.013742599927354604,0.0988,False,1.0,True,1.0,cross_validate;gap_repair;robust_denoise,cross_validate;gap_repair;robust_denoise
0,0.7,event,19,static,True,2,True,True,True,23.60967509652122,1.2946098208242063,23.64514268832964,0.9825999999999999,False,6.0,0.8862809912274179,0.0,0.019911100040189922,0.056600000000000004,False,1.0,,,,
0,0.7,event,19,igdo,True,1,True,True,True,23.60967509652122,1.2946098208242063,23.64514268832964,1.0248,False,6.0,0.8862809912274179,0.00017989997286349535,0.014408799994271249,0.0988,False,1.0,True,1.0,cross_validate;gap_repair;robust_denoise,cross_validate;gap_repair;robust_denoise
0,0.7,event,20,static,True,1,True,False,False,187.00052511375097,120.84850254974003,222.6512002243265,0.9176,False,7.0,73.31327352818094,0.0,0.018595000088680536,0.056600000000000004,False,1.0,,,,
0,0.7,event,20,igdo,True,0,False,False,False,,,,,False,,,0.00014979997649788857,0.014157199999317527,0.0988,False,1.0,True,1.0,cross_validate;gap_repair;robust_denoise,cross_validate;gap_repair;robust_denoise
0,0.7,event,21,static,True,2,True,False,False,198.69378943228443,34.17134196505329,201.6107699768383,0.19660000000000014,False,5.0,78.13134129043482,0.0,0.019608900067396462,0.056600000000000004,False,1.0,,,,
0,0.7,event,21,igdo,True,0,False,False,False,,,,,False,,,0.00016799999866634607,0.01195499999448657,0.0988,False,1.0,True,1.0,cross_validate;gap_repair;robust_denoise,cross_validate;gap_repair;robust_denoise
0,0.7,event,22,static,True,1,True,False,False,377.8601028472529,67.82063302628345,383.8982880761809,0.4935999999999998,False,6.0,83.50367824777783,0.0,0.01698550005676225,0.056600000000000004,False,1.0,,,,
0,0.7,event,22,igdo,True,0,False,False,False,,,,,False,,,0.00017660000594332814,0.012999099912121892,0.0988,False,1.0,True,1.0,cross_validate;gap_repair;robust_denoise,cross_validate;gap_repair;robust_denoise
0,0.7,event,23,static,True,1,True,True,True,56.04930565236972,14.09725008868348,57.794957601642466,0.7796000000000001,False,7.0,2.4266173979929753,0.0,0.015539399930275977,0.056600000000000004,False,1.0,,,,
0,0.7,event,23,igdo,True,1,True,True,True,11.900266616409384,14.09725008868348,18.448544809944064,0.8218000000000001,False,6.0,0.8003553446792424,0.00018540001474320889,0.01726100011728704,0.0988,False,1.0,True,1.0,cross_validate;gap_repair;robust_denoise,cross_validate;gap_repair;robust_denoise
0,0.7,event,24,static,True,1,True,True,True,10.948594031136475,11.148515827284456,15.625655711356538,0.1506000000000001,False,7.0,0.8678840214293688,0.0,0.021496699890121818,0.056600000000000004,False,1.0,,,,
0,0.7,event,24,igdo,True,1,True,True,True,10.948594031136475,11.148515827284456,15.625655711356538,0.19280000000000008,False,6.0,0.8689500846236966,0.00018360000103712082,0.016515100083779544,0.0988,False,1.0,True,1.0,cross_validate;gap_repair;robust_denoise,cross_validate;gap_repair;robust_denoise
0,0.7,event,25,static,True,2,True,True,False,84.16628472050338,138.4982161556993,162.0670212040798,-1.5034,False,4.0,48.0836764992783,0.0,0.020539199991617352,0.056600000000000004,False,1.0,,,,
0,0.7,event,25,igdo,True,1,True,True,True,5.921775971055833,3.4982161556993105,6.877859181705447,0.5388,False,6.0,0.9851659777689142,0.00015519995940849185,0.013268100039567798,0.0988,False,1.0,True,1.0,cross_validate;gap_repair;robust_denoise,cross_validate;gap_repair;robust_denoise
0,0.7,event,26,static,True,2,True,True,True,4.239873053688096,20.250262882936937,20.689361283989506,0.8725999999999998,False,5.0,0.6483836491695529,0.0,0.01836310012731701,0.056600000000000004,False,1.0,,,,
0,0.7,event,26,igdo,True,1,True,True,True,4.239873053688096,20.250262882936937,20.689361283989506,0.9147999999999998,False,6.0,0.9672616212828784,0.00018580001778900623,0.014533299894537777,0.0988,False,1.0,True,1.0,cross_validate;gap_repair;robust_denoise,cross_validate;gap_repair;robust_denoise
0,0.7,event,27,static,True,2,True,True,True,4.711734363388311,2.4440248902019164,5.307890199981603,0.9286000000000001,False,6.0,1.2095461933893428,0.0,0.01989190001040697,0.056600000000000004,False,1.0,,,,
0,0.7,event,27,igdo,True,1,True,True,True,4.711734363388311,2.4440248902019164,5.307890199981603,0.9708000000000001,False,6.0,1.2095461933893428,0.00020439998479560018,0.01735529996221885,0.0988,False,1.0,True,1.0,cross_validate;gap_repair;robust_denoise,cross_validate;gap_repair;robust_denoise
0,0.7,event,28,static,True,1,True,True,True,132.10415383349445,27.39398330728362,134.91455733723956,0.7686,False,6.0,0.9462586896196694,0.0,0.026582000020425767,0.056600000000000004,False,1.0,,,,
0,0.7,event,28,igdo,True,1,True,True,True,132.10415383349445,27.39398330728362,134.91455733723956,0.8108,False,6.0,0.9462586896196694,0.0002627999638207257,0.02146109996829182,0.0988,False,1.0,True,1.0,cross_validate;gap_repair;robust_denoise,cross_validate;gap_repair;robust_denoise
0,0.7,event,29,static,True,1,True,True,True,20.383903621115568,27.837537126937065,34.50263758219838,0.7716000000000001,False,7.0,3.524159356995962,0.0,0.017949899949599057,0.056600000000000004,False,1.0,,,,
0,0.7,event,29,igdo,True,1,True,True,True,4.430571709773647,2.1624628730629354,4.9301329954497355,0.8138000000000001,False,6.0,1.1579359049036324,0.0001591000473126769,0.014106700022239238,0.0988,False,1.0,True,1.0,cross_validate;gap_repair;robust_denoise,cross_validate;gap_repair;robust_denoise
0,0.7,noise,0,static,False,1,False,False,False,,,,,True,,,0.0,0.02485369989881292,0.056600000000000004,False,1.0,,,,
0,0.7,noise,0,igdo,False,0,False,False,False,,,,,False,,,0.00018699996871873736,0.007357500027865171,0.0988,False,1.0,True,1.0,cross_validate;gap_repair;robust_denoise,cross_validate;gap_repair;robust_denoise
0,0.7,noise,1,static,False,1,False,False,False,,,,,True,,,0.0,0.017160899937152863,0.056600000000000004,False,1.0,,,,
0,0.7,noise,1,igdo,False,0,False,False,False,,,,,False,,,0.00019099999917671084,0.009016600030008703,0.0988,False,1.0,True,1.0,cross_validate;gap_repair;robust_denoise,cross_validate;gap_repair;robust_denoise
0,0.7,noise,2,static,False,0,False,False,False,,,,,False,,,0.0,0.009299900033511221,0.056600000000000004,False,1.0,,,,
0,0.7,noise,2,igdo,False,0,False,False,False,,,,,False,,,0.00023880001390352845,0.010101199964992702,0.0988,False,1.0,True,1.0,cross_validate;gap_repair;robust_denoise,cross_validate;gap_repair;robust_denoise
0,0.7,noise,3,static,False,0,False,False,False,,,,,False,,,0.0,0.014668899995740503,0.056600000000000004,False,1.0,,,,
0,0.7,noise,3,igdo,False,0,False,False,False,,,,,False,,,0.0001545000122860074,0.011668199964333326,0.0988,False,1.0,True,1.0,cross_validate;gap_repair;robust_denoise,cross_validate;gap_repair;robust_denoise
0,0.7,noise,4,static,False,2,False,False,False,,,,,True,,,0.0,0.019031699921470135,0.056600000000000004,False,1.0,,,,
0,0.7,noise,4,igdo,False,0,False,False,False,,,,,False,,,0.0010995999909937382,0.008604599919635803,0.0988,False,1.0,True,1.0,cross_validate;gap_repair;robust_denoise,cross_validate;gap_repair;robust_denoise
0,0.7,noise,5,static,False,1,False,False,False,,,,,True,,,0.0,0.01894670003093779,0.056600000000000004,False,1.0,,,,
0,0.7,noise,5,igdo,False,0,False,False,False,,,,,False,,,0.0001897999900393188,0.01070620003156364,0.0988,False,1.0,True,1.0,cross_validate;gap_repair;robust_denoise,cross_validate;gap_repair;robust_denoise
0,0.7,noise,6,static,False,1,False,False,False,,,,,True,,,0.0,0.013618699973449111,0.056600000000000004,False,1.0,,,,
0,0.7,noise,6,igdo,False,0,False,False,False,,,,,False,,,0.00028140004724264145,0.007188400020822883,0.0988,False,1.0,True,1.0,cross_validate;gap_repair;robust_denoise,cross_validate;gap_repair;robust_denoise
0,0.7,noise,7,static,False,1,False,False,False,,,,,True,,,0.0,0.011452300008386374,0.056600000000000004,False,1.0,,,,
0,0.7,noise,7,igdo,False,0,False,False,False,,,,,False,,,0.0006142000202089548,0.006920000014360994,0.0988,False,1.0,True,1.0,cross_validate;gap_repair;robust_denoise,cross_validate;gap_repair;robust_denoise
0,0.7,noise,8,static,False,0,False,False,False,,,,,False,,,0.0,0.00850470009027049,0.056600000000000004,False,1.0,,,,
0,0.7,noise,8,igdo,False,0,False,False,False,,,,,False,,,0.0006945999921299517,0.008063399989623576,0.0988,False,1.0,True,1.0,cross_validate;gap_repair;robust_denoise,cross_validate;gap_repair;robust_denoise
0,0.7,noise,9,static,False,1,False,False,False,,,,,True,,,0.0,0.018749400041997433,0.056600000000000004,False,1.0,,,,
0,0.7,noise,9,igdo,False,0,False,False,False,,,,,False,,,0.00016240001423284411,0.01044079998973757,0.0988,False,1.0,True,1.0,cross_validate;gap_repair;robust_denoise,cross_validate;gap_repair;robust_denoise
0,0.7,noise,10,static,False,1,False,False,False,,,,,True,,,0.0,0.01293279993114993,0.056600000000000004,False,1.0,,,,
0,0.7,noise,10,igdo,False,0,False,False,False,,,,,False,,,0.0002788999699987471,0.00817679997999221,0.0988,False,1.0,True,1.0,cross_validate;gap_repair;robust_denoise,cross_validate;gap_repair;robust_denoise
0,0.7,noise,11,static,False,1,False,False,False,,,,,True,,,0.0,0.012307199998758733,0.056600000000000004,False,1.0,,,,
0,0.7,noise,11,igdo,False,0,False,False,False,,,,,False,,,0.00025350000942125916,0.007367700047325343,0.0988,False,1.0,True,1.0,cross_validate;gap_repair;robust_denoise,cross_validate;gap_repair;robust_denoise
0,0.7,noise,12,static,False,1,False,False,False,,,,,True,,,0.0,0.015351400012150407,0.056600000000000004,False,1.0,,,,
0,0.7,noise,12,igdo,False,0,False,False,False,,,,,False,,,0.00018119998276233673,0.011171999969519675,0.0988,False,1.0,True,1.0,cross_validate;gap_repair;robust_denoise,cross_validate;gap_repair;robust_denoise
0,0.7,noise,13,static,False,2,False,False,False,,,,,True,,,0.0,0.01916899997740984,0.056600000000000004,False,1.0,,,,
0,0.7,noise,13,igdo,False,0,False,False,False,,,,,False,,,0.00015959999291226268,0.009665100020356476,0.0988,False,1.0,True,1.0,cross_validate;gap_repair;robust_denoise,cross_validate;gap_repair;robust_denoise
0,0.7,noise,14,static,False,0,False,False,False,,,,,False,,,0.0,0.008495400019455701,0.056600000000000004,False,1.0,,,,
0,0.7,noise,14,igdo,False,0,False,False,False,,,,,False,,,0.0034115000162273645,0.007242000021506101,0.0988,False,1.0,True,1.0,cross_validate;gap_repair;robust_denoise,cross_validate;gap_repair;robust_denoise
0,0.7,noise,15,static,False,1,False,False,False,,,,,True,,,0.0,0.01398220012197271,0.056600000000000004,False,1.0,,,,
0,0.7,noise,15,igdo,False,0,False,False,False,,,,,False,,,0.0002691000117920339,0.006792699976358563,0.0988,False,1.0,True,1.0,cross_validate;gap_repair;robust_denoise,cross_validate;gap_repair;robust_denoise
0,0.7,noise,16,static,False,0,False,False,False,,,,,False,,,0.0,0.007732200028840452,0.056600000000000004,False,1.0,,,,
0,0.7,noise,16,igdo,False,0,False,False,False,,,,,False,,,0.0005018999800086021,0.009439299930818379,0.0988,False,1.0,True,1.0,cross_validate;gap_repair;robust_denoise,cross_validate;gap_repair;robust_denoise
0,0.7,noise,17,static,False,1,False,False,False,,,,,True,,,0.0,0.014573699969332665,0.056600000000000004,False,1.0,,,,
0,0.7,noise,17,igdo,False,0,False,False,False,,,,,False,,,0.00033299997448921204,0.007168300042394549,0.0988,False,1.0,True,1.0,cross_validate;gap_repair;robust_denoise,cross_validate;gap_repair;robust_denoise
0,0.7,noise,18,static,False,3,False,False,False,,,,,True,,,0.0,0.02093370002694428,0.056600000000000004,False,1.0,,,,
0,0.7,noise,18,igdo,False,0,False,False,False,,,,,False,,,0.0001537000061944127,0.011748800054192543,0.0988,False,1.0,True,1.0,cross_validate;gap_repair;robust_denoise,cross_validate;gap_repair;robust_denoise
0,0.7,noise,19,static,False,0,False,False,False,,,,,False,,,0.0,0.008272600010968745,0.056600000000000004,False,1.0,,,,
0,0.7,noise,19,igdo,False,0,False,False,False,,,,,False,,,0.0004199999966658652,0.009816199890337884,0.0988,False,1.0,True,1.0,cross_validate;gap_repair;robust_denoise,cross_validate;gap_repair;robust_denoise
0,0.7,noise,20,static,False,1,False,False,False,,,,,True,,,0.0,0.017223999951966107,0.056600000000000004,False,1.0,,,,
0,0.7,noise,20,igdo,False,0,False,False,False,,,,,False,,,0.00016529997810721397,0.007505099987611175,0.0988,False,1.0,True,1.0,cross_validate;gap_repair;robust_denoise,cross_validate;gap_repair;robust_denoise
0,0.7,noise,21,static,False,1,False,False,False,,,,,True,,,0.0,0.01692999998340383,0.056600000000000004,False,1.0,,,,
0,0.7,noise,21,igdo,False,0,False,False,False,,,,,False,,,0.00017249997472390532,0.009239099978003651,0.0988,False,1.0,True,1.0,cross_validate;gap_repair;robust_denoise,cross_validate;gap_repair;robust_denoise
0,0.7,noise,22,static,False,0,False,False,False,,,,,False,,,0.0,0.014912499987985939,0.056600000000000004,False,1.0,,,,
0,0.7,noise,22,igdo,False,0,False,False,False,,,,,False,,,0.00013280002167448401,0.009537699981592596,0.0988,False,1.0,True,1.0,cross_validate;gap_repair;robust_denoise,cross_validate;gap_repair;robust_denoise
0,0.7,noise,23,static,False,0,False,False,False,,,,,False,,,0.0,0.008268300036434084,0.056600000000000004,False,1.0,,,,
0,0.7,noise,23,igdo,False,0,False,False,False,,,,,False,,,0.00013529998250305653,0.010559599963016808,0.0988,False,1.0,True,1.0,cross_validate;gap_repair;robust_denoise,cross_validate;gap_repair;robust_denoise
0,0.7,noise,24,static,False,2,False,False,False,,,,,True,,,0.0,0.051596499979496,0.056600000000000004,False,1.0,,,,
0,0.7,noise,24,igdo,False,0,False,False,False,,,,,False,,,0.0001750999945215881,0.06583089992636815,0.0988,False,1.0,True,1.0,cross_validate;gap_repair;robust_denoise,cross_validate;gap_repair;robust_denoise
0,0.7,noise,25,static,False,0,False,False,False,,,,,False,,,0.0,0.040931399969849735,0.056600000000000004,False,1.0,,,,
0,0.7,noise,25,igdo,False,0,False,False,False,,,,,False,,,0.00023439998039975762,0.009292900038417429,0.0988,False,1.0,True,1.0,cross_validate;gap_repair;robust_denoise,cross_validate;gap_repair;robust_denoise
0,0.7,noise,26,static,False,0,False,False,False,,,,,False,,,0.0,0.013585600070655346,0.056600000000000004,False,1.0,,,,
0,0.7,noise,26,igdo,False,0,False,False,False,,,,,False,,,0.0002066000015474856,0.007216900063212961,0.0988,False,1.0,True,1.0,cross_validate;gap_repair;robust_denoise,cross_validate;gap_repair;robust_denoise
0,0.7,noise,27,static,False,1,False,False,False,,,,,True,,,0.0,0.015777400054503232,0.056600000000000004,False,1.0,,,,
0,0.7,noise,27,igdo,False,0,False,False,False,,,,,False,,,0.00014980003470554948,0.010787200008053333,0.0988,False,1.0,True,1.0,cross_validate;gap_repair;robust_denoise,cross_validate;gap_repair;robust_denoise
0,0.7,noise,28,static,False,2,False,False,False,,,,,True,,,0.0,0.02049490000354126,0.056600000000000004,False,1.0,,,,
0,0.7,noise,28,igdo,False,0,False,False,False,,,,,False,,,0.0001626000157557428,0.01043199998093769,0.0988,False,1.0,True,1.0,cross_validate;gap_repair;robust_denoise,cross_validate;gap_repair;robust_denoise
0,0.7,noise,29,static,False,1,False,False,False,,,,,True,,,0.0,0.018003500066697598,0.056600000000000004,False,1.0,,,,
0,0.7,noise,29,igdo,False,0,False,False,False,,,,,False,,,0.00018510001245886087,0.009159299894236028,0.0988,False,1.0,True,1.0,cross_validate;gap_repair;robust_denoise,cross_validate;gap_repair;robust_denoise
